ISO-10303-21;
HEADER;
FILE_DESCRIPTION(('FreeCAD Model'),'2;1');
FILE_NAME('Open CASCADE Shape Model','2026-10-07T12:52:35',('Author'),(
    ''),'Open CASCADE STEP processor 7.8','FreeCAD','Unknown');
FILE_SCHEMA(('AUTOMOTIVE_DESIGN { 1 0 10303 214 1 1 1 1 }'));
ENDSEC;
DATA;
#1 = APPLICATION_PROTOCOL_DEFINITION('international standard',
  'automotive_design',2000,#2);
#2 = APPLICATION_CONTEXT(
  'core data for automotive mechanical design processes');
#3 = SHAPE_DEFINITION_REPRESENTATION(#4,#10);
#4 = PRODUCT_DEFINITION_SHAPE('','',#5);
#5 = PRODUCT_DEFINITION('design','',#6,#9);
#6 = PRODUCT_DEFINITION_FORMATION('','',#7);
#7 = PRODUCT('PoliceFolija','PoliceFolija','',(#8));
#8 = PRODUCT_CONTEXT('',#2,'mechanical');
#9 = PRODUCT_DEFINITION_CONTEXT('part definition',#2,'design');
#10 = SHAPE_REPRESENTATION('',(#11,#15,#19,#23,#27,#31,#35,#39,#43,#47,
    #51,#55,#59,#63,#67,#71,#75,#79,#83),#87);
#11 = AXIS2_PLACEMENT_3D('',#12,#13,#14);
#12 = CARTESIAN_POINT('',(0.,0.,0.));
#13 = DIRECTION('',(0.,0.,1.));
#14 = DIRECTION('',(1.,0.,-0.));
#15 = AXIS2_PLACEMENT_3D('',#16,#17,#18);
#16 = CARTESIAN_POINT('',(0.,0.,300.));
#17 = DIRECTION('',(0.,0.,1.));
#18 = DIRECTION('',(1.,0.,0.));
#19 = AXIS2_PLACEMENT_3D('',#20,#21,#22);
#20 = CARTESIAN_POINT('',(0.,0.,300.));
#21 = DIRECTION('',(0.,0.,1.));
#22 = DIRECTION('',(1.,0.,0.));
#23 = AXIS2_PLACEMENT_3D('',#24,#25,#26);
#24 = CARTESIAN_POINT('',(0.,220.,300.));
#25 = DIRECTION('',(0.,-1.,2.22044604925E-16));
#26 = DIRECTION('',(1.,0.,0.));
#27 = AXIS2_PLACEMENT_3D('',#28,#29,#30);
#28 = CARTESIAN_POINT('',(0.,220.,300.));
#29 = DIRECTION('',(0.,-1.,2.22044604925E-16));
#30 = DIRECTION('',(1.,0.,0.));
#31 = AXIS2_PLACEMENT_3D('',#32,#33,#34);
#32 = CARTESIAN_POINT('',(4.,0.,350.75));
#33 = DIRECTION('',(1.,0.,0.));
#34 = DIRECTION('',(0.,1.,0.));
#35 = AXIS2_PLACEMENT_3D('',#36,#37,#38);
#36 = CARTESIAN_POINT('',(0.,220.,300.));
#37 = DIRECTION('',(0.,-1.,2.22044604925E-16));
#38 = DIRECTION('',(1.,0.,0.));
#39 = AXIS2_PLACEMENT_3D('',#40,#41,#42);
#40 = CARTESIAN_POINT('',(0.,220.,300.));
#41 = DIRECTION('',(0.,-1.,2.22044604925E-16));
#42 = DIRECTION('',(1.,0.,0.));
#43 = AXIS2_PLACEMENT_3D('',#44,#45,#46);
#44 = CARTESIAN_POINT('',(4.,0.,665.75));
#45 = DIRECTION('',(1.,0.,0.));
#46 = DIRECTION('',(0.,1.,0.));
#47 = AXIS2_PLACEMENT_3D('',#48,#49,#50);
#48 = CARTESIAN_POINT('',(0.,220.,300.));
#49 = DIRECTION('',(0.,-1.,2.22044604925E-16));
#50 = DIRECTION('',(1.,0.,0.));
#51 = AXIS2_PLACEMENT_3D('',#52,#53,#54);
#52 = CARTESIAN_POINT('',(0.,220.,300.));
#53 = DIRECTION('',(0.,-1.,2.22044604925E-16));
#54 = DIRECTION('',(1.,0.,0.));
#55 = AXIS2_PLACEMENT_3D('',#56,#57,#58);
#56 = CARTESIAN_POINT('',(4.,0.,980.75));
#57 = DIRECTION('',(1.,0.,0.));
#58 = DIRECTION('',(0.,1.,0.));
#59 = AXIS2_PLACEMENT_3D('',#60,#61,#62);
#60 = CARTESIAN_POINT('',(0.,220.,300.));
#61 = DIRECTION('',(0.,-1.,2.22044604925E-16));
#62 = DIRECTION('',(1.,0.,0.));
#63 = AXIS2_PLACEMENT_3D('',#64,#65,#66);
#64 = CARTESIAN_POINT('',(0.,220.,300.));
#65 = DIRECTION('',(0.,-1.,2.22044604925E-16));
#66 = DIRECTION('',(1.,0.,0.));
#67 = AXIS2_PLACEMENT_3D('',#68,#69,#70);
#68 = CARTESIAN_POINT('',(4.,0.,1.29575E+03));
#69 = DIRECTION('',(1.,0.,0.));
#70 = DIRECTION('',(0.,1.,0.));
#71 = AXIS2_PLACEMENT_3D('',#72,#73,#74);
#72 = CARTESIAN_POINT('',(0.,220.,300.));
#73 = DIRECTION('',(0.,-1.,2.22044604925E-16));
#74 = DIRECTION('',(1.,0.,0.));
#75 = AXIS2_PLACEMENT_3D('',#76,#77,#78);
#76 = CARTESIAN_POINT('',(0.,220.,300.));
#77 = DIRECTION('',(0.,-1.,2.22044604925E-16));
#78 = DIRECTION('',(1.,0.,0.));
#79 = AXIS2_PLACEMENT_3D('',#80,#81,#82);
#80 = CARTESIAN_POINT('',(4.,0.,1.61075E+03));
#81 = DIRECTION('',(1.,0.,0.));
#82 = DIRECTION('',(0.,1.,0.));
#83 = AXIS2_PLACEMENT_3D('',#84,#85,#86);
#84 = CARTESIAN_POINT('',(0.,0.,0.));
#85 = DIRECTION('',(0.,0.,1.));
#86 = DIRECTION('',(1.,0.,0.));
#87 = ( GEOMETRIC_REPRESENTATION_CONTEXT(3) 
GLOBAL_UNCERTAINTY_ASSIGNED_CONTEXT((#91)) GLOBAL_UNIT_ASSIGNED_CONTEXT(
(#88,#89,#90)) REPRESENTATION_CONTEXT('Context #1',
  '3D Context with UNIT and UNCERTAINTY') );
#88 = ( LENGTH_UNIT() NAMED_UNIT(*) SI_UNIT(.MILLI.,.METRE.) );
#89 = ( NAMED_UNIT(*) PLANE_ANGLE_UNIT() SI_UNIT($,.RADIAN.) );
#90 = ( NAMED_UNIT(*) SI_UNIT($,.STERADIAN.) SOLID_ANGLE_UNIT() );
#91 = UNCERTAINTY_MEASURE_WITH_UNIT(LENGTH_MEASURE(1.E-07),#88,
  'distance_accuracy_value','confusion accuracy');
#92 = PRODUCT_RELATED_PRODUCT_CATEGORY('part',$,(#7));
#93 = SHAPE_DEFINITION_REPRESENTATION(#94,#100);
#94 = PRODUCT_DEFINITION_SHAPE('','',#95);
#95 = PRODUCT_DEFINITION('design','',#96,#99);
#96 = PRODUCT_DEFINITION_FORMATION('','',#97);
#97 = PRODUCT('Stranica_L','Stranica_L','',(#98));
#98 = PRODUCT_CONTEXT('',#2,'mechanical');
#99 = PRODUCT_DEFINITION_CONTEXT('part definition',#2,'design');
#100 = ADVANCED_BREP_SHAPE_REPRESENTATION('',(#11,#101),#1003);
#101 = MANIFOLD_SOLID_BREP('',#102);
#102 = CLOSED_SHELL('',(#103,#187,#218,#276,#334,#351,#376,#401,#426,
    #451,#480,#497,#642,#667,#804,#821,#833,#850,#867,#884,#901,#918,
    #935,#952,#969,#986));
#103 = ADVANCED_FACE('',(#104,#138,#149,#160,#171),#182,.T.);
#104 = FACE_BOUND('',#105,.T.);
#105 = EDGE_LOOP('',(#106,#116,#124,#132));
#106 = ORIENTED_EDGE('',*,*,#107,.T.);
#107 = EDGE_CURVE('',#108,#110,#112,.T.);
#108 = VERTEX_POINT('',#109);
#109 = CARTESIAN_POINT('',(40.,257.,0.));
#110 = VERTEX_POINT('',#111);
#111 = CARTESIAN_POINT('',(40.,257.,1.6E+03));
#112 = LINE('',#113,#114);
#113 = CARTESIAN_POINT('',(40.,257.,0.));
#114 = VECTOR('',#115,1.);
#115 = DIRECTION('',(0.,0.,1.));
#116 = ORIENTED_EDGE('',*,*,#117,.T.);
#117 = EDGE_CURVE('',#110,#118,#120,.T.);
#118 = VERTEX_POINT('',#119);
#119 = CARTESIAN_POINT('',(2.,257.,1.6E+03));
#120 = LINE('',#121,#122);
#121 = CARTESIAN_POINT('',(2.,257.,1.6E+03));
#122 = VECTOR('',#123,1.);
#123 = DIRECTION('',(-1.,-0.,-0.));
#124 = ORIENTED_EDGE('',*,*,#125,.F.);
#125 = EDGE_CURVE('',#126,#118,#128,.T.);
#126 = VERTEX_POINT('',#127);
#127 = CARTESIAN_POINT('',(2.,257.,0.));
#128 = LINE('',#129,#130);
#129 = CARTESIAN_POINT('',(2.,257.,0.));
#130 = VECTOR('',#131,1.);
#131 = DIRECTION('',(0.,0.,1.));
#132 = ORIENTED_EDGE('',*,*,#133,.F.);
#133 = EDGE_CURVE('',#108,#126,#134,.T.);
#134 = LINE('',#135,#136);
#135 = CARTESIAN_POINT('',(2.,257.,0.));
#136 = VECTOR('',#137,1.);
#137 = DIRECTION('',(-1.,-0.,-0.));
#138 = FACE_BOUND('',#139,.T.);
#139 = EDGE_LOOP('',(#140));
#140 = ORIENTED_EDGE('',*,*,#141,.T.);
#141 = EDGE_CURVE('',#142,#142,#144,.T.);
#142 = VERTEX_POINT('',#143);
#143 = CARTESIAN_POINT('',(20.,257.,1.52525E+03));
#144 = CIRCLE('',#145,5.25);
#145 = AXIS2_PLACEMENT_3D('',#146,#147,#148);
#146 = CARTESIAN_POINT('',(20.,257.,1.52E+03));
#147 = DIRECTION('',(-0.,1.,0.));
#148 = DIRECTION('',(0.,0.,1.));
#149 = FACE_BOUND('',#150,.T.);
#150 = EDGE_LOOP('',(#151));
#151 = ORIENTED_EDGE('',*,*,#152,.T.);
#152 = EDGE_CURVE('',#153,#153,#155,.T.);
#153 = VERTEX_POINT('',#154);
#154 = CARTESIAN_POINT('',(20.,257.,1.20025E+03));
#155 = CIRCLE('',#156,5.25);
#156 = AXIS2_PLACEMENT_3D('',#157,#158,#159);
#157 = CARTESIAN_POINT('',(20.,257.,1.195E+03));
#158 = DIRECTION('',(-0.,1.,0.));
#159 = DIRECTION('',(0.,0.,1.));
#160 = FACE_BOUND('',#161,.T.);
#161 = EDGE_LOOP('',(#162));
#162 = ORIENTED_EDGE('',*,*,#163,.T.);
#163 = EDGE_CURVE('',#164,#164,#166,.T.);
#164 = VERTEX_POINT('',#165);
#165 = CARTESIAN_POINT('',(20.,257.,570.25));
#166 = CIRCLE('',#167,5.25);
#167 = AXIS2_PLACEMENT_3D('',#168,#169,#170);
#168 = CARTESIAN_POINT('',(20.,257.,565.));
#169 = DIRECTION('',(-0.,1.,0.));
#170 = DIRECTION('',(0.,0.,1.));
#171 = FACE_BOUND('',#172,.T.);
#172 = EDGE_LOOP('',(#173));
#173 = ORIENTED_EDGE('',*,*,#174,.T.);
#174 = EDGE_CURVE('',#175,#175,#177,.T.);
#175 = VERTEX_POINT('',#176);
#176 = CARTESIAN_POINT('',(20.,257.,25.25));
#177 = CIRCLE('',#178,5.25);
#178 = AXIS2_PLACEMENT_3D('',#179,#180,#181);
#179 = CARTESIAN_POINT('',(20.,257.,20.));
#180 = DIRECTION('',(-0.,1.,0.));
#181 = DIRECTION('',(0.,0.,1.));
#182 = PLANE('',#183);
#183 = AXIS2_PLACEMENT_3D('',#184,#185,#186);
#184 = CARTESIAN_POINT('',(40.,257.,0.));
#185 = DIRECTION('',(0.,-1.,0.));
#186 = DIRECTION('',(-1.,-0.,0.));
#187 = ADVANCED_FACE('',(#188),#213,.T.);
#188 = FACE_BOUND('',#189,.T.);
#189 = EDGE_LOOP('',(#190,#200,#206,#207));
#190 = ORIENTED_EDGE('',*,*,#191,.T.);
#191 = EDGE_CURVE('',#192,#194,#196,.T.);
#192 = VERTEX_POINT('',#193);
#193 = CARTESIAN_POINT('',(40.,260.,0.));
#194 = VERTEX_POINT('',#195);
#195 = CARTESIAN_POINT('',(40.,260.,1.6E+03));
#196 = LINE('',#197,#198);
#197 = CARTESIAN_POINT('',(40.,260.,0.));
#198 = VECTOR('',#199,1.);
#199 = DIRECTION('',(0.,0.,1.));
#200 = ORIENTED_EDGE('',*,*,#201,.T.);
#201 = EDGE_CURVE('',#194,#110,#202,.T.);
#202 = LINE('',#203,#204);
#203 = CARTESIAN_POINT('',(40.,260.,1.6E+03));
#204 = VECTOR('',#205,1.);
#205 = DIRECTION('',(0.,-1.,0.));
#206 = ORIENTED_EDGE('',*,*,#107,.F.);
#207 = ORIENTED_EDGE('',*,*,#208,.F.);
#208 = EDGE_CURVE('',#192,#108,#209,.T.);
#209 = LINE('',#210,#211);
#210 = CARTESIAN_POINT('',(40.,260.,0.));
#211 = VECTOR('',#212,1.);
#212 = DIRECTION('',(0.,-1.,0.));
#213 = PLANE('',#214);
#214 = AXIS2_PLACEMENT_3D('',#215,#216,#217);
#215 = CARTESIAN_POINT('',(40.,260.,0.));
#216 = DIRECTION('',(1.,0.,-0.));
#217 = DIRECTION('',(0.,-1.,0.));
#218 = ADVANCED_FACE('',(#219),#271,.T.);
#219 = FACE_BOUND('',#220,.T.);
#220 = EDGE_LOOP('',(#221,#222,#223,#232,#240,#248,#256,#265));
#221 = ORIENTED_EDGE('',*,*,#208,.T.);
#222 = ORIENTED_EDGE('',*,*,#133,.T.);
#223 = ORIENTED_EDGE('',*,*,#224,.T.);
#224 = EDGE_CURVE('',#126,#225,#227,.T.);
#225 = VERTEX_POINT('',#226);
#226 = CARTESIAN_POINT('',(2.331468351713E-15,255.,0.));
#227 = CIRCLE('',#228,2.);
#228 = AXIS2_PLACEMENT_3D('',#229,#230,#231);
#229 = CARTESIAN_POINT('',(2.,255.,0.));
#230 = DIRECTION('',(-0.,0.,1.));
#231 = DIRECTION('',(-1.,-1.42108547152E-14,-0.));
#232 = ORIENTED_EDGE('',*,*,#233,.T.);
#233 = EDGE_CURVE('',#225,#234,#236,.T.);
#234 = VERTEX_POINT('',#235);
#235 = CARTESIAN_POINT('',(0.,80.000000000001,0.));
#236 = LINE('',#237,#238);
#237 = CARTESIAN_POINT('',(0.,0.,0.));
#238 = VECTOR('',#239,1.);
#239 = DIRECTION('',(-0.,-1.,-0.));
#240 = ORIENTED_EDGE('',*,*,#241,.T.);
#241 = EDGE_CURVE('',#234,#242,#244,.T.);
#242 = VERTEX_POINT('',#243);
#243 = CARTESIAN_POINT('',(-3.,80.000000000001,0.));
#244 = LINE('',#245,#246);
#245 = CARTESIAN_POINT('',(4.5,80.000000000001,0.));
#246 = VECTOR('',#247,1.);
#247 = DIRECTION('',(-1.,0.,0.));
#248 = ORIENTED_EDGE('',*,*,#249,.T.);
#249 = EDGE_CURVE('',#242,#250,#252,.T.);
#250 = VERTEX_POINT('',#251);
#251 = CARTESIAN_POINT('',(-3.,255.,0.));
#252 = LINE('',#253,#254);
#253 = CARTESIAN_POINT('',(-3.,0.,0.));
#254 = VECTOR('',#255,1.);
#255 = DIRECTION('',(0.,1.,0.));
#256 = ORIENTED_EDGE('',*,*,#257,.T.);
#257 = EDGE_CURVE('',#250,#258,#260,.T.);
#258 = VERTEX_POINT('',#259);
#259 = CARTESIAN_POINT('',(2.,260.,0.));
#260 = CIRCLE('',#261,5.);
#261 = AXIS2_PLACEMENT_3D('',#262,#263,#264);
#262 = CARTESIAN_POINT('',(2.,255.,0.));
#263 = DIRECTION('',(0.,0.,-1.));
#264 = DIRECTION('',(-1.,-1.136868377216E-14,-0.));
#265 = ORIENTED_EDGE('',*,*,#266,.T.);
#266 = EDGE_CURVE('',#258,#192,#267,.T.);
#267 = LINE('',#268,#269);
#268 = CARTESIAN_POINT('',(2.,260.,0.));
#269 = VECTOR('',#270,1.);
#270 = DIRECTION('',(1.,0.,0.));
#271 = PLANE('',#272);
#272 = AXIS2_PLACEMENT_3D('',#273,#274,#275);
#273 = CARTESIAN_POINT('',(1.559587186551,146.37717134143,0.));
#274 = DIRECTION('',(-0.,-0.,-1.));
#275 = DIRECTION('',(-1.,0.,0.));
#276 = ADVANCED_FACE('',(#277),#329,.F.);
#277 = FACE_BOUND('',#278,.F.);
#278 = EDGE_LOOP('',(#279,#280,#281,#290,#298,#306,#314,#323));
#279 = ORIENTED_EDGE('',*,*,#201,.T.);
#280 = ORIENTED_EDGE('',*,*,#117,.T.);
#281 = ORIENTED_EDGE('',*,*,#282,.T.);
#282 = EDGE_CURVE('',#118,#283,#285,.T.);
#283 = VERTEX_POINT('',#284);
#284 = CARTESIAN_POINT('',(2.331468351713E-15,255.,1.6E+03));
#285 = CIRCLE('',#286,2.);
#286 = AXIS2_PLACEMENT_3D('',#287,#288,#289);
#287 = CARTESIAN_POINT('',(2.,255.,1.6E+03));
#288 = DIRECTION('',(-0.,0.,1.));
#289 = DIRECTION('',(-1.,-1.42108547152E-14,-0.));
#290 = ORIENTED_EDGE('',*,*,#291,.T.);
#291 = EDGE_CURVE('',#283,#292,#294,.T.);
#292 = VERTEX_POINT('',#293);
#293 = CARTESIAN_POINT('',(0.,80.,1.6E+03));
#294 = LINE('',#295,#296);
#295 = CARTESIAN_POINT('',(0.,0.,1.6E+03));
#296 = VECTOR('',#297,1.);
#297 = DIRECTION('',(-0.,-1.,-0.));
#298 = ORIENTED_EDGE('',*,*,#299,.T.);
#299 = EDGE_CURVE('',#292,#300,#302,.T.);
#300 = VERTEX_POINT('',#301);
#301 = CARTESIAN_POINT('',(-3.,80.,1.6E+03));
#302 = LINE('',#303,#304);
#303 = CARTESIAN_POINT('',(4.5,80.,1.6E+03));
#304 = VECTOR('',#305,1.);
#305 = DIRECTION('',(-1.,0.,0.));
#306 = ORIENTED_EDGE('',*,*,#307,.T.);
#307 = EDGE_CURVE('',#300,#308,#310,.T.);
#308 = VERTEX_POINT('',#309);
#309 = CARTESIAN_POINT('',(-3.,255.,1.6E+03));
#310 = LINE('',#311,#312);
#311 = CARTESIAN_POINT('',(-3.,0.,1.6E+03));
#312 = VECTOR('',#313,1.);
#313 = DIRECTION('',(0.,1.,0.));
#314 = ORIENTED_EDGE('',*,*,#315,.T.);
#315 = EDGE_CURVE('',#308,#316,#318,.T.);
#316 = VERTEX_POINT('',#317);
#317 = CARTESIAN_POINT('',(2.,260.,1.6E+03));
#318 = CIRCLE('',#319,5.);
#319 = AXIS2_PLACEMENT_3D('',#320,#321,#322);
#320 = CARTESIAN_POINT('',(2.,255.,1.6E+03));
#321 = DIRECTION('',(0.,0.,-1.));
#322 = DIRECTION('',(-1.,-1.136868377216E-14,-0.));
#323 = ORIENTED_EDGE('',*,*,#324,.T.);
#324 = EDGE_CURVE('',#316,#194,#325,.T.);
#325 = LINE('',#326,#327);
#326 = CARTESIAN_POINT('',(2.,260.,1.6E+03));
#327 = VECTOR('',#328,1.);
#328 = DIRECTION('',(1.,0.,0.));
#329 = PLANE('',#330);
#330 = AXIS2_PLACEMENT_3D('',#331,#332,#333);
#331 = CARTESIAN_POINT('',(1.559587186551,146.37717134143,1.6E+03));
#332 = DIRECTION('',(-0.,-0.,-1.));
#333 = DIRECTION('',(-1.,0.,0.));
#334 = ADVANCED_FACE('',(#335),#346,.F.);
#335 = FACE_BOUND('',#336,.T.);
#336 = EDGE_LOOP('',(#337,#338,#339,#345));
#337 = ORIENTED_EDGE('',*,*,#125,.T.);
#338 = ORIENTED_EDGE('',*,*,#282,.T.);
#339 = ORIENTED_EDGE('',*,*,#340,.F.);
#340 = EDGE_CURVE('',#225,#283,#341,.T.);
#341 = LINE('',#342,#343);
#342 = CARTESIAN_POINT('',(2.331468351713E-15,255.,0.));
#343 = VECTOR('',#344,1.);
#344 = DIRECTION('',(0.,0.,1.));
#345 = ORIENTED_EDGE('',*,*,#224,.F.);
#346 = CYLINDRICAL_SURFACE('',#347,2.);
#347 = AXIS2_PLACEMENT_3D('',#348,#349,#350);
#348 = CARTESIAN_POINT('',(2.,255.,0.));
#349 = DIRECTION('',(0.,-0.,-1.));
#350 = DIRECTION('',(-1.,-1.42108547152E-14,-0.));
#351 = ADVANCED_FACE('',(#352),#371,.F.);
#352 = FACE_BOUND('',#353,.F.);
#353 = EDGE_LOOP('',(#354,#363,#369,#370));
#354 = ORIENTED_EDGE('',*,*,#355,.F.);
#355 = EDGE_CURVE('',#356,#356,#358,.T.);
#356 = VERTEX_POINT('',#357);
#357 = CARTESIAN_POINT('',(20.,260.,1.52525E+03));
#358 = CIRCLE('',#359,5.25);
#359 = AXIS2_PLACEMENT_3D('',#360,#361,#362);
#360 = CARTESIAN_POINT('',(20.,260.,1.52E+03));
#361 = DIRECTION('',(-0.,1.,0.));
#362 = DIRECTION('',(0.,0.,1.));
#363 = ORIENTED_EDGE('',*,*,#364,.F.);
#364 = EDGE_CURVE('',#142,#356,#365,.T.);
#365 = LINE('',#366,#367);
#366 = CARTESIAN_POINT('',(20.,252.5,1.52525E+03));
#367 = VECTOR('',#368,1.);
#368 = DIRECTION('',(0.,1.,0.));
#369 = ORIENTED_EDGE('',*,*,#141,.T.);
#370 = ORIENTED_EDGE('',*,*,#364,.T.);
#371 = CYLINDRICAL_SURFACE('',#372,5.25);
#372 = AXIS2_PLACEMENT_3D('',#373,#374,#375);
#373 = CARTESIAN_POINT('',(20.,252.5,1.52E+03));
#374 = DIRECTION('',(-0.,1.,0.));
#375 = DIRECTION('',(0.,0.,1.));
#376 = ADVANCED_FACE('',(#377),#396,.F.);
#377 = FACE_BOUND('',#378,.F.);
#378 = EDGE_LOOP('',(#379,#388,#394,#395));
#379 = ORIENTED_EDGE('',*,*,#380,.F.);
#380 = EDGE_CURVE('',#381,#381,#383,.T.);
#381 = VERTEX_POINT('',#382);
#382 = CARTESIAN_POINT('',(20.,260.,1.20025E+03));
#383 = CIRCLE('',#384,5.25);
#384 = AXIS2_PLACEMENT_3D('',#385,#386,#387);
#385 = CARTESIAN_POINT('',(20.,260.,1.195E+03));
#386 = DIRECTION('',(-0.,1.,0.));
#387 = DIRECTION('',(0.,0.,1.));
#388 = ORIENTED_EDGE('',*,*,#389,.F.);
#389 = EDGE_CURVE('',#153,#381,#390,.T.);
#390 = LINE('',#391,#392);
#391 = CARTESIAN_POINT('',(20.,252.5,1.20025E+03));
#392 = VECTOR('',#393,1.);
#393 = DIRECTION('',(0.,1.,0.));
#394 = ORIENTED_EDGE('',*,*,#152,.T.);
#395 = ORIENTED_EDGE('',*,*,#389,.T.);
#396 = CYLINDRICAL_SURFACE('',#397,5.25);
#397 = AXIS2_PLACEMENT_3D('',#398,#399,#400);
#398 = CARTESIAN_POINT('',(20.,252.5,1.195E+03));
#399 = DIRECTION('',(-0.,1.,0.));
#400 = DIRECTION('',(0.,0.,1.));
#401 = ADVANCED_FACE('',(#402),#421,.F.);
#402 = FACE_BOUND('',#403,.F.);
#403 = EDGE_LOOP('',(#404,#413,#419,#420));
#404 = ORIENTED_EDGE('',*,*,#405,.F.);
#405 = EDGE_CURVE('',#406,#406,#408,.T.);
#406 = VERTEX_POINT('',#407);
#407 = CARTESIAN_POINT('',(20.,260.,570.25));
#408 = CIRCLE('',#409,5.25);
#409 = AXIS2_PLACEMENT_3D('',#410,#411,#412);
#410 = CARTESIAN_POINT('',(20.,260.,565.));
#411 = DIRECTION('',(-0.,1.,0.));
#412 = DIRECTION('',(0.,0.,1.));
#413 = ORIENTED_EDGE('',*,*,#414,.F.);
#414 = EDGE_CURVE('',#164,#406,#415,.T.);
#415 = LINE('',#416,#417);
#416 = CARTESIAN_POINT('',(20.,252.5,570.25));
#417 = VECTOR('',#418,1.);
#418 = DIRECTION('',(0.,1.,0.));
#419 = ORIENTED_EDGE('',*,*,#163,.T.);
#420 = ORIENTED_EDGE('',*,*,#414,.T.);
#421 = CYLINDRICAL_SURFACE('',#422,5.25);
#422 = AXIS2_PLACEMENT_3D('',#423,#424,#425);
#423 = CARTESIAN_POINT('',(20.,252.5,565.));
#424 = DIRECTION('',(-0.,1.,0.));
#425 = DIRECTION('',(0.,0.,1.));
#426 = ADVANCED_FACE('',(#427),#446,.F.);
#427 = FACE_BOUND('',#428,.F.);
#428 = EDGE_LOOP('',(#429,#438,#444,#445));
#429 = ORIENTED_EDGE('',*,*,#430,.F.);
#430 = EDGE_CURVE('',#431,#431,#433,.T.);
#431 = VERTEX_POINT('',#432);
#432 = CARTESIAN_POINT('',(20.,260.,25.25));
#433 = CIRCLE('',#434,5.25);
#434 = AXIS2_PLACEMENT_3D('',#435,#436,#437);
#435 = CARTESIAN_POINT('',(20.,260.,20.));
#436 = DIRECTION('',(-0.,1.,0.));
#437 = DIRECTION('',(0.,0.,1.));
#438 = ORIENTED_EDGE('',*,*,#439,.F.);
#439 = EDGE_CURVE('',#175,#431,#440,.T.);
#440 = LINE('',#441,#442);
#441 = CARTESIAN_POINT('',(20.,252.5,25.25));
#442 = VECTOR('',#443,1.);
#443 = DIRECTION('',(0.,1.,0.));
#444 = ORIENTED_EDGE('',*,*,#174,.T.);
#445 = ORIENTED_EDGE('',*,*,#439,.T.);
#446 = CYLINDRICAL_SURFACE('',#447,5.25);
#447 = AXIS2_PLACEMENT_3D('',#448,#449,#450);
#448 = CARTESIAN_POINT('',(20.,252.5,20.));
#449 = DIRECTION('',(-0.,1.,0.));
#450 = DIRECTION('',(0.,0.,1.));
#451 = ADVANCED_FACE('',(#452,#463,#466,#469,#472),#475,.T.);
#452 = FACE_BOUND('',#453,.T.);
#453 = EDGE_LOOP('',(#454,#460,#461,#462));
#454 = ORIENTED_EDGE('',*,*,#455,.T.);
#455 = EDGE_CURVE('',#258,#316,#456,.T.);
#456 = LINE('',#457,#458);
#457 = CARTESIAN_POINT('',(2.,260.,0.));
#458 = VECTOR('',#459,1.);
#459 = DIRECTION('',(0.,0.,1.));
#460 = ORIENTED_EDGE('',*,*,#324,.T.);
#461 = ORIENTED_EDGE('',*,*,#191,.F.);
#462 = ORIENTED_EDGE('',*,*,#266,.F.);
#463 = FACE_BOUND('',#464,.T.);
#464 = EDGE_LOOP('',(#465));
#465 = ORIENTED_EDGE('',*,*,#355,.F.);
#466 = FACE_BOUND('',#467,.T.);
#467 = EDGE_LOOP('',(#468));
#468 = ORIENTED_EDGE('',*,*,#380,.F.);
#469 = FACE_BOUND('',#470,.T.);
#470 = EDGE_LOOP('',(#471));
#471 = ORIENTED_EDGE('',*,*,#405,.F.);
#472 = FACE_BOUND('',#473,.T.);
#473 = EDGE_LOOP('',(#474));
#474 = ORIENTED_EDGE('',*,*,#430,.F.);
#475 = PLANE('',#476);
#476 = AXIS2_PLACEMENT_3D('',#477,#478,#479);
#477 = CARTESIAN_POINT('',(2.,260.,0.));
#478 = DIRECTION('',(0.,1.,0.));
#479 = DIRECTION('',(1.,0.,0.));
#480 = ADVANCED_FACE('',(#481),#492,.T.);
#481 = FACE_BOUND('',#482,.T.);
#482 = EDGE_LOOP('',(#483,#489,#490,#491));
#483 = ORIENTED_EDGE('',*,*,#484,.T.);
#484 = EDGE_CURVE('',#250,#308,#485,.T.);
#485 = LINE('',#486,#487);
#486 = CARTESIAN_POINT('',(-3.,255.,0.));
#487 = VECTOR('',#488,1.);
#488 = DIRECTION('',(0.,0.,1.));
#489 = ORIENTED_EDGE('',*,*,#315,.T.);
#490 = ORIENTED_EDGE('',*,*,#455,.F.);
#491 = ORIENTED_EDGE('',*,*,#257,.F.);
#492 = CYLINDRICAL_SURFACE('',#493,5.);
#493 = AXIS2_PLACEMENT_3D('',#494,#495,#496);
#494 = CARTESIAN_POINT('',(2.,255.,0.));
#495 = DIRECTION('',(0.,0.,-1.));
#496 = DIRECTION('',(-1.,-1.136868377216E-14,-0.));
#497 = ADVANCED_FACE('',(#498,#527,#538,#549,#560,#571,#582,#593,#604,
    #615,#626),#637,.T.);
#498 = FACE_BOUND('',#499,.T.);
#499 = EDGE_LOOP('',(#500,#509,#517,#524,#525,#526));
#500 = ORIENTED_EDGE('',*,*,#501,.F.);
#501 = EDGE_CURVE('',#502,#242,#504,.T.);
#502 = VERTEX_POINT('',#503);
#503 = CARTESIAN_POINT('',(-3.,0.,79.999999999999));
#504 = CIRCLE('',#505,80.);
#505 = AXIS2_PLACEMENT_3D('',#506,#507,#508);
#506 = CARTESIAN_POINT('',(-3.,80.,80.));
#507 = DIRECTION('',(1.,0.,-0.));
#508 = DIRECTION('',(0.,0.,1.));
#509 = ORIENTED_EDGE('',*,*,#510,.T.);
#510 = EDGE_CURVE('',#502,#511,#513,.T.);
#511 = VERTEX_POINT('',#512);
#512 = CARTESIAN_POINT('',(-3.,0.,1.52E+03));
#513 = LINE('',#514,#515);
#514 = CARTESIAN_POINT('',(-3.,0.,0.));
#515 = VECTOR('',#516,1.);
#516 = DIRECTION('',(0.,0.,1.));
#517 = ORIENTED_EDGE('',*,*,#518,.F.);
#518 = EDGE_CURVE('',#300,#511,#519,.T.);
#519 = CIRCLE('',#520,80.);
#520 = AXIS2_PLACEMENT_3D('',#521,#522,#523);
#521 = CARTESIAN_POINT('',(-3.,80.,1.52E+03));
#522 = DIRECTION('',(1.,0.,-0.));
#523 = DIRECTION('',(0.,0.,1.));
#524 = ORIENTED_EDGE('',*,*,#307,.T.);
#525 = ORIENTED_EDGE('',*,*,#484,.F.);
#526 = ORIENTED_EDGE('',*,*,#249,.F.);
#527 = FACE_BOUND('',#528,.T.);
#528 = EDGE_LOOP('',(#529));
#529 = ORIENTED_EDGE('',*,*,#530,.F.);
#530 = EDGE_CURVE('',#531,#531,#533,.T.);
#531 = VERTEX_POINT('',#532);
#532 = CARTESIAN_POINT('',(-3.,70.,1.28795E+03));
#533 = CIRCLE('',#534,2.05);
#534 = AXIS2_PLACEMENT_3D('',#535,#536,#537);
#535 = CARTESIAN_POINT('',(-3.,70.,1.29E+03));
#536 = DIRECTION('',(-1.,0.,0.));
#537 = DIRECTION('',(0.,0.,-1.));
#538 = FACE_BOUND('',#539,.T.);
#539 = EDGE_LOOP('',(#540));
#540 = ORIENTED_EDGE('',*,*,#541,.F.);
#541 = EDGE_CURVE('',#542,#542,#544,.T.);
#542 = VERTEX_POINT('',#543);
#543 = CARTESIAN_POINT('',(-3.,70.,972.95));
#544 = CIRCLE('',#545,2.05);
#545 = AXIS2_PLACEMENT_3D('',#546,#547,#548);
#546 = CARTESIAN_POINT('',(-3.,70.,975.));
#547 = DIRECTION('',(-1.,0.,0.));
#548 = DIRECTION('',(0.,0.,-1.));
#549 = FACE_BOUND('',#550,.T.);
#550 = EDGE_LOOP('',(#551));
#551 = ORIENTED_EDGE('',*,*,#552,.F.);
#552 = EDGE_CURVE('',#553,#553,#555,.T.);
#553 = VERTEX_POINT('',#554);
#554 = CARTESIAN_POINT('',(-3.,190.,1.28795E+03));
#555 = CIRCLE('',#556,2.05);
#556 = AXIS2_PLACEMENT_3D('',#557,#558,#559);
#557 = CARTESIAN_POINT('',(-3.,190.,1.29E+03));
#558 = DIRECTION('',(-1.,0.,0.));
#559 = DIRECTION('',(0.,0.,-1.));
#560 = FACE_BOUND('',#561,.T.);
#561 = EDGE_LOOP('',(#562));
#562 = ORIENTED_EDGE('',*,*,#563,.F.);
#563 = EDGE_CURVE('',#564,#564,#566,.T.);
#564 = VERTEX_POINT('',#565);
#565 = CARTESIAN_POINT('',(-3.,190.,972.95));
#566 = CIRCLE('',#567,2.05);
#567 = AXIS2_PLACEMENT_3D('',#568,#569,#570);
#568 = CARTESIAN_POINT('',(-3.,190.,975.));
#569 = DIRECTION('',(-1.,0.,0.));
#570 = DIRECTION('',(0.,0.,-1.));
#571 = FACE_BOUND('',#572,.T.);
#572 = EDGE_LOOP('',(#573));
#573 = ORIENTED_EDGE('',*,*,#574,.F.);
#574 = EDGE_CURVE('',#575,#575,#577,.T.);
#575 = VERTEX_POINT('',#576);
#576 = CARTESIAN_POINT('',(-3.,70.,657.95));
#577 = CIRCLE('',#578,2.05);
#578 = AXIS2_PLACEMENT_3D('',#579,#580,#581);
#579 = CARTESIAN_POINT('',(-3.,70.,660.));
#580 = DIRECTION('',(-1.,0.,0.));
#581 = DIRECTION('',(0.,0.,-1.));
#582 = FACE_BOUND('',#583,.T.);
#583 = EDGE_LOOP('',(#584));
#584 = ORIENTED_EDGE('',*,*,#585,.F.);
#585 = EDGE_CURVE('',#586,#586,#588,.T.);
#586 = VERTEX_POINT('',#587);
#587 = CARTESIAN_POINT('',(-3.,70.,342.95));
#588 = CIRCLE('',#589,2.05);
#589 = AXIS2_PLACEMENT_3D('',#590,#591,#592);
#590 = CARTESIAN_POINT('',(-3.,70.,345.));
#591 = DIRECTION('',(-1.,0.,0.));
#592 = DIRECTION('',(0.,0.,-1.));
#593 = FACE_BOUND('',#594,.T.);
#594 = EDGE_LOOP('',(#595));
#595 = ORIENTED_EDGE('',*,*,#596,.F.);
#596 = EDGE_CURVE('',#597,#597,#599,.T.);
#597 = VERTEX_POINT('',#598);
#598 = CARTESIAN_POINT('',(-3.,70.,27.95));
#599 = CIRCLE('',#600,2.05);
#600 = AXIS2_PLACEMENT_3D('',#601,#602,#603);
#601 = CARTESIAN_POINT('',(-3.,70.,30.));
#602 = DIRECTION('',(-1.,0.,0.));
#603 = DIRECTION('',(0.,0.,-1.));
#604 = FACE_BOUND('',#605,.T.);
#605 = EDGE_LOOP('',(#606));
#606 = ORIENTED_EDGE('',*,*,#607,.F.);
#607 = EDGE_CURVE('',#608,#608,#610,.T.);
#608 = VERTEX_POINT('',#609);
#609 = CARTESIAN_POINT('',(-3.,190.,657.95));
#610 = CIRCLE('',#611,2.05);
#611 = AXIS2_PLACEMENT_3D('',#612,#613,#614);
#612 = CARTESIAN_POINT('',(-3.,190.,660.));
#613 = DIRECTION('',(-1.,0.,0.));
#614 = DIRECTION('',(0.,0.,-1.));
#615 = FACE_BOUND('',#616,.T.);
#616 = EDGE_LOOP('',(#617));
#617 = ORIENTED_EDGE('',*,*,#618,.F.);
#618 = EDGE_CURVE('',#619,#619,#621,.T.);
#619 = VERTEX_POINT('',#620);
#620 = CARTESIAN_POINT('',(-3.,190.,342.95));
#621 = CIRCLE('',#622,2.05);
#622 = AXIS2_PLACEMENT_3D('',#623,#624,#625);
#623 = CARTESIAN_POINT('',(-3.,190.,345.));
#624 = DIRECTION('',(-1.,0.,0.));
#625 = DIRECTION('',(0.,0.,-1.));
#626 = FACE_BOUND('',#627,.T.);
#627 = EDGE_LOOP('',(#628));
#628 = ORIENTED_EDGE('',*,*,#629,.F.);
#629 = EDGE_CURVE('',#630,#630,#632,.T.);
#630 = VERTEX_POINT('',#631);
#631 = CARTESIAN_POINT('',(-3.,190.,27.95));
#632 = CIRCLE('',#633,2.05);
#633 = AXIS2_PLACEMENT_3D('',#634,#635,#636);
#634 = CARTESIAN_POINT('',(-3.,190.,30.));
#635 = DIRECTION('',(-1.,0.,0.));
#636 = DIRECTION('',(0.,0.,-1.));
#637 = PLANE('',#638);
#638 = AXIS2_PLACEMENT_3D('',#639,#640,#641);
#639 = CARTESIAN_POINT('',(-3.,0.,0.));
#640 = DIRECTION('',(-1.,0.,0.));
#641 = DIRECTION('',(0.,1.,0.));
#642 = ADVANCED_FACE('',(#643),#662,.T.);
#643 = FACE_BOUND('',#644,.F.);
#644 = EDGE_LOOP('',(#645,#654,#655,#656));
#645 = ORIENTED_EDGE('',*,*,#646,.T.);
#646 = EDGE_CURVE('',#647,#234,#649,.T.);
#647 = VERTEX_POINT('',#648);
#648 = CARTESIAN_POINT('',(0.,0.,79.999999999999));
#649 = CIRCLE('',#650,80.);
#650 = AXIS2_PLACEMENT_3D('',#651,#652,#653);
#651 = CARTESIAN_POINT('',(0.,80.,80.));
#652 = DIRECTION('',(1.,0.,-0.));
#653 = DIRECTION('',(0.,0.,1.));
#654 = ORIENTED_EDGE('',*,*,#241,.T.);
#655 = ORIENTED_EDGE('',*,*,#501,.F.);
#656 = ORIENTED_EDGE('',*,*,#657,.F.);
#657 = EDGE_CURVE('',#647,#502,#658,.T.);
#658 = LINE('',#659,#660);
#659 = CARTESIAN_POINT('',(4.5,0.,79.999999999999));
#660 = VECTOR('',#661,1.);
#661 = DIRECTION('',(-1.,0.,0.));
#662 = CYLINDRICAL_SURFACE('',#663,80.);
#663 = AXIS2_PLACEMENT_3D('',#664,#665,#666);
#664 = CARTESIAN_POINT('',(4.5,80.,80.));
#665 = DIRECTION('',(1.,-0.,-0.));
#666 = DIRECTION('',(0.,0.,1.));
#667 = ADVANCED_FACE('',(#668,#689,#700,#711,#722,#733,#744,#755,#766,
    #777,#788),#799,.T.);
#668 = FACE_BOUND('',#669,.T.);
#669 = EDGE_LOOP('',(#670,#671,#672,#673,#682,#688));
#670 = ORIENTED_EDGE('',*,*,#233,.F.);
#671 = ORIENTED_EDGE('',*,*,#340,.T.);
#672 = ORIENTED_EDGE('',*,*,#291,.T.);
#673 = ORIENTED_EDGE('',*,*,#674,.T.);
#674 = EDGE_CURVE('',#292,#675,#677,.T.);
#675 = VERTEX_POINT('',#676);
#676 = CARTESIAN_POINT('',(0.,0.,1.52E+03));
#677 = CIRCLE('',#678,80.);
#678 = AXIS2_PLACEMENT_3D('',#679,#680,#681);
#679 = CARTESIAN_POINT('',(0.,80.,1.52E+03));
#680 = DIRECTION('',(1.,0.,-0.));
#681 = DIRECTION('',(0.,0.,1.));
#682 = ORIENTED_EDGE('',*,*,#683,.F.);
#683 = EDGE_CURVE('',#647,#675,#684,.T.);
#684 = LINE('',#685,#686);
#685 = CARTESIAN_POINT('',(0.,0.,0.));
#686 = VECTOR('',#687,1.);
#687 = DIRECTION('',(0.,0.,1.));
#688 = ORIENTED_EDGE('',*,*,#646,.T.);
#689 = FACE_BOUND('',#690,.T.);
#690 = EDGE_LOOP('',(#691));
#691 = ORIENTED_EDGE('',*,*,#692,.T.);
#692 = EDGE_CURVE('',#693,#693,#695,.T.);
#693 = VERTEX_POINT('',#694);
#694 = CARTESIAN_POINT('',(0.,190.,1.28795E+03));
#695 = CIRCLE('',#696,2.05);
#696 = AXIS2_PLACEMENT_3D('',#697,#698,#699);
#697 = CARTESIAN_POINT('',(0.,190.,1.29E+03));
#698 = DIRECTION('',(-1.,0.,0.));
#699 = DIRECTION('',(0.,0.,-1.));
#700 = FACE_BOUND('',#701,.T.);
#701 = EDGE_LOOP('',(#702));
#702 = ORIENTED_EDGE('',*,*,#703,.T.);
#703 = EDGE_CURVE('',#704,#704,#706,.T.);
#704 = VERTEX_POINT('',#705);
#705 = CARTESIAN_POINT('',(0.,190.,972.95));
#706 = CIRCLE('',#707,2.05);
#707 = AXIS2_PLACEMENT_3D('',#708,#709,#710);
#708 = CARTESIAN_POINT('',(0.,190.,975.));
#709 = DIRECTION('',(-1.,0.,0.));
#710 = DIRECTION('',(0.,0.,-1.));
#711 = FACE_BOUND('',#712,.T.);
#712 = EDGE_LOOP('',(#713));
#713 = ORIENTED_EDGE('',*,*,#714,.T.);
#714 = EDGE_CURVE('',#715,#715,#717,.T.);
#715 = VERTEX_POINT('',#716);
#716 = CARTESIAN_POINT('',(0.,70.,1.28795E+03));
#717 = CIRCLE('',#718,2.05);
#718 = AXIS2_PLACEMENT_3D('',#719,#720,#721);
#719 = CARTESIAN_POINT('',(0.,70.,1.29E+03));
#720 = DIRECTION('',(-1.,0.,0.));
#721 = DIRECTION('',(0.,0.,-1.));
#722 = FACE_BOUND('',#723,.T.);
#723 = EDGE_LOOP('',(#724));
#724 = ORIENTED_EDGE('',*,*,#725,.T.);
#725 = EDGE_CURVE('',#726,#726,#728,.T.);
#726 = VERTEX_POINT('',#727);
#727 = CARTESIAN_POINT('',(0.,70.,972.95));
#728 = CIRCLE('',#729,2.05);
#729 = AXIS2_PLACEMENT_3D('',#730,#731,#732);
#730 = CARTESIAN_POINT('',(0.,70.,975.));
#731 = DIRECTION('',(-1.,0.,0.));
#732 = DIRECTION('',(0.,0.,-1.));
#733 = FACE_BOUND('',#734,.T.);
#734 = EDGE_LOOP('',(#735));
#735 = ORIENTED_EDGE('',*,*,#736,.T.);
#736 = EDGE_CURVE('',#737,#737,#739,.T.);
#737 = VERTEX_POINT('',#738);
#738 = CARTESIAN_POINT('',(0.,190.,657.95));
#739 = CIRCLE('',#740,2.05);
#740 = AXIS2_PLACEMENT_3D('',#741,#742,#743);
#741 = CARTESIAN_POINT('',(0.,190.,660.));
#742 = DIRECTION('',(-1.,0.,0.));
#743 = DIRECTION('',(0.,0.,-1.));
#744 = FACE_BOUND('',#745,.T.);
#745 = EDGE_LOOP('',(#746));
#746 = ORIENTED_EDGE('',*,*,#747,.T.);
#747 = EDGE_CURVE('',#748,#748,#750,.T.);
#748 = VERTEX_POINT('',#749);
#749 = CARTESIAN_POINT('',(0.,190.,342.95));
#750 = CIRCLE('',#751,2.05);
#751 = AXIS2_PLACEMENT_3D('',#752,#753,#754);
#752 = CARTESIAN_POINT('',(0.,190.,345.));
#753 = DIRECTION('',(-1.,0.,0.));
#754 = DIRECTION('',(0.,0.,-1.));
#755 = FACE_BOUND('',#756,.T.);
#756 = EDGE_LOOP('',(#757));
#757 = ORIENTED_EDGE('',*,*,#758,.T.);
#758 = EDGE_CURVE('',#759,#759,#761,.T.);
#759 = VERTEX_POINT('',#760);
#760 = CARTESIAN_POINT('',(0.,190.,27.95));
#761 = CIRCLE('',#762,2.05);
#762 = AXIS2_PLACEMENT_3D('',#763,#764,#765);
#763 = CARTESIAN_POINT('',(0.,190.,30.));
#764 = DIRECTION('',(-1.,0.,0.));
#765 = DIRECTION('',(0.,0.,-1.));
#766 = FACE_BOUND('',#767,.T.);
#767 = EDGE_LOOP('',(#768));
#768 = ORIENTED_EDGE('',*,*,#769,.T.);
#769 = EDGE_CURVE('',#770,#770,#772,.T.);
#770 = VERTEX_POINT('',#771);
#771 = CARTESIAN_POINT('',(0.,70.,657.95));
#772 = CIRCLE('',#773,2.05);
#773 = AXIS2_PLACEMENT_3D('',#774,#775,#776);
#774 = CARTESIAN_POINT('',(0.,70.,660.));
#775 = DIRECTION('',(-1.,0.,0.));
#776 = DIRECTION('',(0.,0.,-1.));
#777 = FACE_BOUND('',#778,.T.);
#778 = EDGE_LOOP('',(#779));
#779 = ORIENTED_EDGE('',*,*,#780,.T.);
#780 = EDGE_CURVE('',#781,#781,#783,.T.);
#781 = VERTEX_POINT('',#782);
#782 = CARTESIAN_POINT('',(0.,70.,342.95));
#783 = CIRCLE('',#784,2.05);
#784 = AXIS2_PLACEMENT_3D('',#785,#786,#787);
#785 = CARTESIAN_POINT('',(0.,70.,345.));
#786 = DIRECTION('',(-1.,0.,0.));
#787 = DIRECTION('',(0.,0.,-1.));
#788 = FACE_BOUND('',#789,.T.);
#789 = EDGE_LOOP('',(#790));
#790 = ORIENTED_EDGE('',*,*,#791,.T.);
#791 = EDGE_CURVE('',#792,#792,#794,.T.);
#792 = VERTEX_POINT('',#793);
#793 = CARTESIAN_POINT('',(0.,70.,27.95));
#794 = CIRCLE('',#795,2.05);
#795 = AXIS2_PLACEMENT_3D('',#796,#797,#798);
#796 = CARTESIAN_POINT('',(0.,70.,30.));
#797 = DIRECTION('',(-1.,0.,0.));
#798 = DIRECTION('',(0.,0.,-1.));
#799 = PLANE('',#800);
#800 = AXIS2_PLACEMENT_3D('',#801,#802,#803);
#801 = CARTESIAN_POINT('',(0.,255.,0.));
#802 = DIRECTION('',(1.,0.,0.));
#803 = DIRECTION('',(0.,-1.,0.));
#804 = ADVANCED_FACE('',(#805),#816,.T.);
#805 = FACE_BOUND('',#806,.F.);
#806 = EDGE_LOOP('',(#807,#808,#814,#815));
#807 = ORIENTED_EDGE('',*,*,#674,.T.);
#808 = ORIENTED_EDGE('',*,*,#809,.T.);
#809 = EDGE_CURVE('',#675,#511,#810,.T.);
#810 = LINE('',#811,#812);
#811 = CARTESIAN_POINT('',(4.5,0.,1.52E+03));
#812 = VECTOR('',#813,1.);
#813 = DIRECTION('',(-1.,0.,0.));
#814 = ORIENTED_EDGE('',*,*,#518,.F.);
#815 = ORIENTED_EDGE('',*,*,#299,.F.);
#816 = CYLINDRICAL_SURFACE('',#817,80.);
#817 = AXIS2_PLACEMENT_3D('',#818,#819,#820);
#818 = CARTESIAN_POINT('',(4.5,80.,1.52E+03));
#819 = DIRECTION('',(1.,-0.,-0.));
#820 = DIRECTION('',(0.,0.,1.));
#821 = ADVANCED_FACE('',(#822),#828,.T.);
#822 = FACE_BOUND('',#823,.T.);
#823 = EDGE_LOOP('',(#824,#825,#826,#827));
#824 = ORIENTED_EDGE('',*,*,#657,.F.);
#825 = ORIENTED_EDGE('',*,*,#683,.T.);
#826 = ORIENTED_EDGE('',*,*,#809,.T.);
#827 = ORIENTED_EDGE('',*,*,#510,.F.);
#828 = PLANE('',#829);
#829 = AXIS2_PLACEMENT_3D('',#830,#831,#832);
#830 = CARTESIAN_POINT('',(0.,0.,0.));
#831 = DIRECTION('',(0.,-1.,0.));
#832 = DIRECTION('',(-1.,-0.,0.));
#833 = ADVANCED_FACE('',(#834),#845,.F.);
#834 = FACE_BOUND('',#835,.F.);
#835 = EDGE_LOOP('',(#836,#837,#843,#844));
#836 = ORIENTED_EDGE('',*,*,#530,.F.);
#837 = ORIENTED_EDGE('',*,*,#838,.F.);
#838 = EDGE_CURVE('',#715,#531,#839,.T.);
#839 = LINE('',#840,#841);
#840 = CARTESIAN_POINT('',(4.5,70.,1.28795E+03));
#841 = VECTOR('',#842,1.);
#842 = DIRECTION('',(-1.,0.,0.));
#843 = ORIENTED_EDGE('',*,*,#714,.T.);
#844 = ORIENTED_EDGE('',*,*,#838,.T.);
#845 = CYLINDRICAL_SURFACE('',#846,2.05);
#846 = AXIS2_PLACEMENT_3D('',#847,#848,#849);
#847 = CARTESIAN_POINT('',(4.5,70.,1.29E+03));
#848 = DIRECTION('',(-1.,0.,0.));
#849 = DIRECTION('',(0.,0.,-1.));
#850 = ADVANCED_FACE('',(#851),#862,.F.);
#851 = FACE_BOUND('',#852,.F.);
#852 = EDGE_LOOP('',(#853,#854,#860,#861));
#853 = ORIENTED_EDGE('',*,*,#541,.F.);
#854 = ORIENTED_EDGE('',*,*,#855,.F.);
#855 = EDGE_CURVE('',#726,#542,#856,.T.);
#856 = LINE('',#857,#858);
#857 = CARTESIAN_POINT('',(4.5,70.,972.95));
#858 = VECTOR('',#859,1.);
#859 = DIRECTION('',(-1.,0.,0.));
#860 = ORIENTED_EDGE('',*,*,#725,.T.);
#861 = ORIENTED_EDGE('',*,*,#855,.T.);
#862 = CYLINDRICAL_SURFACE('',#863,2.05);
#863 = AXIS2_PLACEMENT_3D('',#864,#865,#866);
#864 = CARTESIAN_POINT('',(4.5,70.,975.));
#865 = DIRECTION('',(-1.,0.,0.));
#866 = DIRECTION('',(0.,0.,-1.));
#867 = ADVANCED_FACE('',(#868),#879,.F.);
#868 = FACE_BOUND('',#869,.F.);
#869 = EDGE_LOOP('',(#870,#871,#877,#878));
#870 = ORIENTED_EDGE('',*,*,#552,.F.);
#871 = ORIENTED_EDGE('',*,*,#872,.F.);
#872 = EDGE_CURVE('',#693,#553,#873,.T.);
#873 = LINE('',#874,#875);
#874 = CARTESIAN_POINT('',(4.5,190.,1.28795E+03));
#875 = VECTOR('',#876,1.);
#876 = DIRECTION('',(-1.,0.,0.));
#877 = ORIENTED_EDGE('',*,*,#692,.T.);
#878 = ORIENTED_EDGE('',*,*,#872,.T.);
#879 = CYLINDRICAL_SURFACE('',#880,2.05);
#880 = AXIS2_PLACEMENT_3D('',#881,#882,#883);
#881 = CARTESIAN_POINT('',(4.5,190.,1.29E+03));
#882 = DIRECTION('',(-1.,0.,0.));
#883 = DIRECTION('',(0.,0.,-1.));
#884 = ADVANCED_FACE('',(#885),#896,.F.);
#885 = FACE_BOUND('',#886,.F.);
#886 = EDGE_LOOP('',(#887,#888,#894,#895));
#887 = ORIENTED_EDGE('',*,*,#563,.F.);
#888 = ORIENTED_EDGE('',*,*,#889,.F.);
#889 = EDGE_CURVE('',#704,#564,#890,.T.);
#890 = LINE('',#891,#892);
#891 = CARTESIAN_POINT('',(4.5,190.,972.95));
#892 = VECTOR('',#893,1.);
#893 = DIRECTION('',(-1.,0.,0.));
#894 = ORIENTED_EDGE('',*,*,#703,.T.);
#895 = ORIENTED_EDGE('',*,*,#889,.T.);
#896 = CYLINDRICAL_SURFACE('',#897,2.05);
#897 = AXIS2_PLACEMENT_3D('',#898,#899,#900);
#898 = CARTESIAN_POINT('',(4.5,190.,975.));
#899 = DIRECTION('',(-1.,0.,0.));
#900 = DIRECTION('',(0.,0.,-1.));
#901 = ADVANCED_FACE('',(#902),#913,.F.);
#902 = FACE_BOUND('',#903,.F.);
#903 = EDGE_LOOP('',(#904,#905,#911,#912));
#904 = ORIENTED_EDGE('',*,*,#574,.F.);
#905 = ORIENTED_EDGE('',*,*,#906,.F.);
#906 = EDGE_CURVE('',#770,#575,#907,.T.);
#907 = LINE('',#908,#909);
#908 = CARTESIAN_POINT('',(4.5,70.,657.95));
#909 = VECTOR('',#910,1.);
#910 = DIRECTION('',(-1.,0.,0.));
#911 = ORIENTED_EDGE('',*,*,#769,.T.);
#912 = ORIENTED_EDGE('',*,*,#906,.T.);
#913 = CYLINDRICAL_SURFACE('',#914,2.05);
#914 = AXIS2_PLACEMENT_3D('',#915,#916,#917);
#915 = CARTESIAN_POINT('',(4.5,70.,660.));
#916 = DIRECTION('',(-1.,0.,0.));
#917 = DIRECTION('',(0.,0.,-1.));
#918 = ADVANCED_FACE('',(#919),#930,.F.);
#919 = FACE_BOUND('',#920,.F.);
#920 = EDGE_LOOP('',(#921,#922,#928,#929));
#921 = ORIENTED_EDGE('',*,*,#585,.F.);
#922 = ORIENTED_EDGE('',*,*,#923,.F.);
#923 = EDGE_CURVE('',#781,#586,#924,.T.);
#924 = LINE('',#925,#926);
#925 = CARTESIAN_POINT('',(4.5,70.,342.95));
#926 = VECTOR('',#927,1.);
#927 = DIRECTION('',(-1.,0.,0.));
#928 = ORIENTED_EDGE('',*,*,#780,.T.);
#929 = ORIENTED_EDGE('',*,*,#923,.T.);
#930 = CYLINDRICAL_SURFACE('',#931,2.05);
#931 = AXIS2_PLACEMENT_3D('',#932,#933,#934);
#932 = CARTESIAN_POINT('',(4.5,70.,345.));
#933 = DIRECTION('',(-1.,0.,0.));
#934 = DIRECTION('',(0.,0.,-1.));
#935 = ADVANCED_FACE('',(#936),#947,.F.);
#936 = FACE_BOUND('',#937,.F.);
#937 = EDGE_LOOP('',(#938,#939,#945,#946));
#938 = ORIENTED_EDGE('',*,*,#596,.F.);
#939 = ORIENTED_EDGE('',*,*,#940,.F.);
#940 = EDGE_CURVE('',#792,#597,#941,.T.);
#941 = LINE('',#942,#943);
#942 = CARTESIAN_POINT('',(4.5,70.,27.95));
#943 = VECTOR('',#944,1.);
#944 = DIRECTION('',(-1.,0.,0.));
#945 = ORIENTED_EDGE('',*,*,#791,.T.);
#946 = ORIENTED_EDGE('',*,*,#940,.T.);
#947 = CYLINDRICAL_SURFACE('',#948,2.05);
#948 = AXIS2_PLACEMENT_3D('',#949,#950,#951);
#949 = CARTESIAN_POINT('',(4.5,70.,30.));
#950 = DIRECTION('',(-1.,0.,0.));
#951 = DIRECTION('',(0.,0.,-1.));
#952 = ADVANCED_FACE('',(#953),#964,.F.);
#953 = FACE_BOUND('',#954,.F.);
#954 = EDGE_LOOP('',(#955,#956,#962,#963));
#955 = ORIENTED_EDGE('',*,*,#607,.F.);
#956 = ORIENTED_EDGE('',*,*,#957,.F.);
#957 = EDGE_CURVE('',#737,#608,#958,.T.);
#958 = LINE('',#959,#960);
#959 = CARTESIAN_POINT('',(4.5,190.,657.95));
#960 = VECTOR('',#961,1.);
#961 = DIRECTION('',(-1.,0.,0.));
#962 = ORIENTED_EDGE('',*,*,#736,.T.);
#963 = ORIENTED_EDGE('',*,*,#957,.T.);
#964 = CYLINDRICAL_SURFACE('',#965,2.05);
#965 = AXIS2_PLACEMENT_3D('',#966,#967,#968);
#966 = CARTESIAN_POINT('',(4.5,190.,660.));
#967 = DIRECTION('',(-1.,0.,0.));
#968 = DIRECTION('',(0.,0.,-1.));
#969 = ADVANCED_FACE('',(#970),#981,.F.);
#970 = FACE_BOUND('',#971,.F.);
#971 = EDGE_LOOP('',(#972,#973,#979,#980));
#972 = ORIENTED_EDGE('',*,*,#618,.F.);
#973 = ORIENTED_EDGE('',*,*,#974,.F.);
#974 = EDGE_CURVE('',#748,#619,#975,.T.);
#975 = LINE('',#976,#977);
#976 = CARTESIAN_POINT('',(4.5,190.,342.95));
#977 = VECTOR('',#978,1.);
#978 = DIRECTION('',(-1.,0.,0.));
#979 = ORIENTED_EDGE('',*,*,#747,.T.);
#980 = ORIENTED_EDGE('',*,*,#974,.T.);
#981 = CYLINDRICAL_SURFACE('',#982,2.05);
#982 = AXIS2_PLACEMENT_3D('',#983,#984,#985);
#983 = CARTESIAN_POINT('',(4.5,190.,345.));
#984 = DIRECTION('',(-1.,0.,0.));
#985 = DIRECTION('',(0.,0.,-1.));
#986 = ADVANCED_FACE('',(#987),#998,.F.);
#987 = FACE_BOUND('',#988,.F.);
#988 = EDGE_LOOP('',(#989,#990,#996,#997));
#989 = ORIENTED_EDGE('',*,*,#629,.F.);
#990 = ORIENTED_EDGE('',*,*,#991,.F.);
#991 = EDGE_CURVE('',#759,#630,#992,.T.);
#992 = LINE('',#993,#994);
#993 = CARTESIAN_POINT('',(4.5,190.,27.95));
#994 = VECTOR('',#995,1.);
#995 = DIRECTION('',(-1.,0.,0.));
#996 = ORIENTED_EDGE('',*,*,#758,.T.);
#997 = ORIENTED_EDGE('',*,*,#991,.T.);
#998 = CYLINDRICAL_SURFACE('',#999,2.05);
#999 = AXIS2_PLACEMENT_3D('',#1000,#1001,#1002);
#1000 = CARTESIAN_POINT('',(4.5,190.,30.));
#1001 = DIRECTION('',(-1.,0.,0.));
#1002 = DIRECTION('',(0.,0.,-1.));
#1003 = ( GEOMETRIC_REPRESENTATION_CONTEXT(3) 
GLOBAL_UNCERTAINTY_ASSIGNED_CONTEXT((#1007)) 
GLOBAL_UNIT_ASSIGNED_CONTEXT((#1004,#1005,#1006)) REPRESENTATION_CONTEXT
('Context #1','3D Context with UNIT and UNCERTAINTY') );
#1004 = ( LENGTH_UNIT() NAMED_UNIT(*) SI_UNIT(.MILLI.,.METRE.) );
#1005 = ( NAMED_UNIT(*) PLANE_ANGLE_UNIT() SI_UNIT($,.RADIAN.) );
#1006 = ( NAMED_UNIT(*) SI_UNIT($,.STERADIAN.) SOLID_ANGLE_UNIT() );
#1007 = UNCERTAINTY_MEASURE_WITH_UNIT(LENGTH_MEASURE(1.E-07),#1004,
  'distance_accuracy_value','confusion accuracy');
#1008 = CONTEXT_DEPENDENT_SHAPE_REPRESENTATION(#1009,#1011);
#1009 = ( REPRESENTATION_RELATIONSHIP('','',#100,#10) 
REPRESENTATION_RELATIONSHIP_WITH_TRANSFORMATION(#1010) 
SHAPE_REPRESENTATION_RELATIONSHIP() );
#1010 = ITEM_DEFINED_TRANSFORMATION('','',#11,#15);
#1011 = PRODUCT_DEFINITION_SHAPE('Placement','Placement of an item',
  #1012);
#1012 = NEXT_ASSEMBLY_USAGE_OCCURRENCE('153','Stranica_L','',#5,#95,$);
#1013 = PRODUCT_RELATED_PRODUCT_CATEGORY('part',$,(#97));
#1014 = SHAPE_DEFINITION_REPRESENTATION(#1015,#1021);
#1015 = PRODUCT_DEFINITION_SHAPE('','',#1016);
#1016 = PRODUCT_DEFINITION('design','',#1017,#1020);
#1017 = PRODUCT_DEFINITION_FORMATION('','',#1018);
#1018 = PRODUCT('Stranica_D','Stranica_D','',(#1019));
#1019 = PRODUCT_CONTEXT('',#2,'mechanical');
#1020 = PRODUCT_DEFINITION_CONTEXT('part definition',#2,'design');
#1021 = ADVANCED_BREP_SHAPE_REPRESENTATION('',(#11,#1022),#1924);
#1022 = MANIFOLD_SOLID_BREP('',#1023);
#1023 = CLOSED_SHELL('',(#1024,#1108,#1139,#1197,#1255,#1272,#1297,#1322
    ,#1347,#1372,#1401,#1418,#1563,#1588,#1725,#1742,#1754,#1771,#1788,
    #1805,#1822,#1839,#1856,#1873,#1890,#1907));
#1024 = ADVANCED_FACE('',(#1025,#1059,#1070,#1081,#1092),#1103,.T.);
#1025 = FACE_BOUND('',#1026,.F.);
#1026 = EDGE_LOOP('',(#1027,#1037,#1045,#1053));
#1027 = ORIENTED_EDGE('',*,*,#1028,.T.);
#1028 = EDGE_CURVE('',#1029,#1031,#1033,.T.);
#1029 = VERTEX_POINT('',#1030);
#1030 = CARTESIAN_POINT('',(1.66E+03,257.,0.));
#1031 = VERTEX_POINT('',#1032);
#1032 = CARTESIAN_POINT('',(1.66E+03,257.,1.6E+03));
#1033 = LINE('',#1034,#1035);
#1034 = CARTESIAN_POINT('',(1.66E+03,257.,0.));
#1035 = VECTOR('',#1036,1.);
#1036 = DIRECTION('',(-0.,-0.,1.));
#1037 = ORIENTED_EDGE('',*,*,#1038,.T.);
#1038 = EDGE_CURVE('',#1031,#1039,#1041,.T.);
#1039 = VERTEX_POINT('',#1040);
#1040 = CARTESIAN_POINT('',(1.698E+03,257.,1.6E+03));
#1041 = LINE('',#1042,#1043);
#1042 = CARTESIAN_POINT('',(1.698E+03,257.,1.6E+03));
#1043 = VECTOR('',#1044,1.);
#1044 = DIRECTION('',(1.,-0.,-0.));
#1045 = ORIENTED_EDGE('',*,*,#1046,.F.);
#1046 = EDGE_CURVE('',#1047,#1039,#1049,.T.);
#1047 = VERTEX_POINT('',#1048);
#1048 = CARTESIAN_POINT('',(1.698E+03,257.,0.));
#1049 = LINE('',#1050,#1051);
#1050 = CARTESIAN_POINT('',(1.698E+03,257.,0.));
#1051 = VECTOR('',#1052,1.);
#1052 = DIRECTION('',(-0.,-0.,1.));
#1053 = ORIENTED_EDGE('',*,*,#1054,.F.);
#1054 = EDGE_CURVE('',#1029,#1047,#1055,.T.);
#1055 = LINE('',#1056,#1057);
#1056 = CARTESIAN_POINT('',(1.698E+03,257.,0.));
#1057 = VECTOR('',#1058,1.);
#1058 = DIRECTION('',(1.,-0.,-0.));
#1059 = FACE_BOUND('',#1060,.F.);
#1060 = EDGE_LOOP('',(#1061));
#1061 = ORIENTED_EDGE('',*,*,#1062,.T.);
#1062 = EDGE_CURVE('',#1063,#1063,#1065,.T.);
#1063 = VERTEX_POINT('',#1064);
#1064 = CARTESIAN_POINT('',(1.68E+03,257.,1.52525E+03));
#1065 = CIRCLE('',#1066,5.25);
#1066 = AXIS2_PLACEMENT_3D('',#1067,#1068,#1069);
#1067 = CARTESIAN_POINT('',(1.68E+03,257.,1.52E+03));
#1068 = DIRECTION('',(0.,-1.,0.));
#1069 = DIRECTION('',(-0.,-0.,1.));
#1070 = FACE_BOUND('',#1071,.F.);
#1071 = EDGE_LOOP('',(#1072));
#1072 = ORIENTED_EDGE('',*,*,#1073,.T.);
#1073 = EDGE_CURVE('',#1074,#1074,#1076,.T.);
#1074 = VERTEX_POINT('',#1075);
#1075 = CARTESIAN_POINT('',(1.68E+03,257.,1.20025E+03));
#1076 = CIRCLE('',#1077,5.25);
#1077 = AXIS2_PLACEMENT_3D('',#1078,#1079,#1080);
#1078 = CARTESIAN_POINT('',(1.68E+03,257.,1.195E+03));
#1079 = DIRECTION('',(0.,-1.,0.));
#1080 = DIRECTION('',(-0.,-0.,1.));
#1081 = FACE_BOUND('',#1082,.F.);
#1082 = EDGE_LOOP('',(#1083));
#1083 = ORIENTED_EDGE('',*,*,#1084,.T.);
#1084 = EDGE_CURVE('',#1085,#1085,#1087,.T.);
#1085 = VERTEX_POINT('',#1086);
#1086 = CARTESIAN_POINT('',(1.68E+03,257.,570.25));
#1087 = CIRCLE('',#1088,5.25);
#1088 = AXIS2_PLACEMENT_3D('',#1089,#1090,#1091);
#1089 = CARTESIAN_POINT('',(1.68E+03,257.,565.));
#1090 = DIRECTION('',(0.,-1.,0.));
#1091 = DIRECTION('',(-0.,-0.,1.));
#1092 = FACE_BOUND('',#1093,.F.);
#1093 = EDGE_LOOP('',(#1094));
#1094 = ORIENTED_EDGE('',*,*,#1095,.T.);
#1095 = EDGE_CURVE('',#1096,#1096,#1098,.T.);
#1096 = VERTEX_POINT('',#1097);
#1097 = CARTESIAN_POINT('',(1.68E+03,257.,25.25));
#1098 = CIRCLE('',#1099,5.25);
#1099 = AXIS2_PLACEMENT_3D('',#1100,#1101,#1102);
#1100 = CARTESIAN_POINT('',(1.68E+03,257.,20.));
#1101 = DIRECTION('',(0.,-1.,0.));
#1102 = DIRECTION('',(-0.,-0.,1.));
#1103 = PLANE('',#1104);
#1104 = AXIS2_PLACEMENT_3D('',#1105,#1106,#1107);
#1105 = CARTESIAN_POINT('',(1.66E+03,257.,0.));
#1106 = DIRECTION('',(-0.,-1.,-0.));
#1107 = DIRECTION('',(-1.,0.,-0.));
#1108 = ADVANCED_FACE('',(#1109),#1134,.T.);
#1109 = FACE_BOUND('',#1110,.F.);
#1110 = EDGE_LOOP('',(#1111,#1121,#1127,#1128));
#1111 = ORIENTED_EDGE('',*,*,#1112,.T.);
#1112 = EDGE_CURVE('',#1113,#1115,#1117,.T.);
#1113 = VERTEX_POINT('',#1114);
#1114 = CARTESIAN_POINT('',(1.66E+03,260.,0.));
#1115 = VERTEX_POINT('',#1116);
#1116 = CARTESIAN_POINT('',(1.66E+03,260.,1.6E+03));
#1117 = LINE('',#1118,#1119);
#1118 = CARTESIAN_POINT('',(1.66E+03,260.,0.));
#1119 = VECTOR('',#1120,1.);
#1120 = DIRECTION('',(-0.,-0.,1.));
#1121 = ORIENTED_EDGE('',*,*,#1122,.T.);
#1122 = EDGE_CURVE('',#1115,#1031,#1123,.T.);
#1123 = LINE('',#1124,#1125);
#1124 = CARTESIAN_POINT('',(1.66E+03,260.,1.6E+03));
#1125 = VECTOR('',#1126,1.);
#1126 = DIRECTION('',(-0.,-1.,-0.));
#1127 = ORIENTED_EDGE('',*,*,#1028,.F.);
#1128 = ORIENTED_EDGE('',*,*,#1129,.F.);
#1129 = EDGE_CURVE('',#1113,#1029,#1130,.T.);
#1130 = LINE('',#1131,#1132);
#1131 = CARTESIAN_POINT('',(1.66E+03,260.,0.));
#1132 = VECTOR('',#1133,1.);
#1133 = DIRECTION('',(-0.,-1.,-0.));
#1134 = PLANE('',#1135);
#1135 = AXIS2_PLACEMENT_3D('',#1136,#1137,#1138);
#1136 = CARTESIAN_POINT('',(1.66E+03,260.,0.));
#1137 = DIRECTION('',(-1.,-0.,-0.));
#1138 = DIRECTION('',(0.,1.,0.));
#1139 = ADVANCED_FACE('',(#1140),#1192,.T.);
#1140 = FACE_BOUND('',#1141,.F.);
#1141 = EDGE_LOOP('',(#1142,#1143,#1144,#1153,#1161,#1169,#1177,#1186));
#1142 = ORIENTED_EDGE('',*,*,#1129,.T.);
#1143 = ORIENTED_EDGE('',*,*,#1054,.T.);
#1144 = ORIENTED_EDGE('',*,*,#1145,.T.);
#1145 = EDGE_CURVE('',#1047,#1146,#1148,.T.);
#1146 = VERTEX_POINT('',#1147);
#1147 = CARTESIAN_POINT('',(1.7E+03,255.,0.));
#1148 = CIRCLE('',#1149,2.);
#1149 = AXIS2_PLACEMENT_3D('',#1150,#1151,#1152);
#1150 = CARTESIAN_POINT('',(1.698E+03,255.,0.));
#1151 = DIRECTION('',(0.,0.,-1.));
#1152 = DIRECTION('',(1.,-1.42108547152E-14,-0.));
#1153 = ORIENTED_EDGE('',*,*,#1154,.T.);
#1154 = EDGE_CURVE('',#1146,#1155,#1157,.T.);
#1155 = VERTEX_POINT('',#1156);
#1156 = CARTESIAN_POINT('',(1.7E+03,80.000000000001,0.));
#1157 = LINE('',#1158,#1159);
#1158 = CARTESIAN_POINT('',(1.7E+03,0.,0.));
#1159 = VECTOR('',#1160,1.);
#1160 = DIRECTION('',(0.,-1.,-0.));
#1161 = ORIENTED_EDGE('',*,*,#1162,.T.);
#1162 = EDGE_CURVE('',#1155,#1163,#1165,.T.);
#1163 = VERTEX_POINT('',#1164);
#1164 = CARTESIAN_POINT('',(1.703E+03,80.000000000001,0.));
#1165 = LINE('',#1166,#1167);
#1166 = CARTESIAN_POINT('',(1.6955E+03,80.000000000001,0.));
#1167 = VECTOR('',#1168,1.);
#1168 = DIRECTION('',(1.,-0.,-0.));
#1169 = ORIENTED_EDGE('',*,*,#1170,.T.);
#1170 = EDGE_CURVE('',#1163,#1171,#1173,.T.);
#1171 = VERTEX_POINT('',#1172);
#1172 = CARTESIAN_POINT('',(1.703E+03,255.,0.));
#1173 = LINE('',#1174,#1175);
#1174 = CARTESIAN_POINT('',(1.703E+03,0.,0.));
#1175 = VECTOR('',#1176,1.);
#1176 = DIRECTION('',(-0.,1.,-0.));
#1177 = ORIENTED_EDGE('',*,*,#1178,.T.);
#1178 = EDGE_CURVE('',#1171,#1179,#1181,.T.);
#1179 = VERTEX_POINT('',#1180);
#1180 = CARTESIAN_POINT('',(1.698E+03,260.,0.));
#1181 = CIRCLE('',#1182,5.);
#1182 = AXIS2_PLACEMENT_3D('',#1183,#1184,#1185);
#1183 = CARTESIAN_POINT('',(1.698E+03,255.,0.));
#1184 = DIRECTION('',(0.,0.,1.));
#1185 = DIRECTION('',(1.,-1.136868377216E-14,-0.));
#1186 = ORIENTED_EDGE('',*,*,#1187,.T.);
#1187 = EDGE_CURVE('',#1179,#1113,#1188,.T.);
#1188 = LINE('',#1189,#1190);
#1189 = CARTESIAN_POINT('',(1.698E+03,260.,0.));
#1190 = VECTOR('',#1191,1.);
#1191 = DIRECTION('',(-1.,-0.,-0.));
#1192 = PLANE('',#1193);
#1193 = AXIS2_PLACEMENT_3D('',#1194,#1195,#1196);
#1194 = CARTESIAN_POINT('',(1.698440412813E+03,146.37717134143,0.));
#1195 = DIRECTION('',(0.,-0.,-1.));
#1196 = DIRECTION('',(-1.,0.,0.));
#1197 = ADVANCED_FACE('',(#1198),#1250,.F.);
#1198 = FACE_BOUND('',#1199,.T.);
#1199 = EDGE_LOOP('',(#1200,#1201,#1202,#1211,#1219,#1227,#1235,#1244));
#1200 = ORIENTED_EDGE('',*,*,#1122,.T.);
#1201 = ORIENTED_EDGE('',*,*,#1038,.T.);
#1202 = ORIENTED_EDGE('',*,*,#1203,.T.);
#1203 = EDGE_CURVE('',#1039,#1204,#1206,.T.);
#1204 = VERTEX_POINT('',#1205);
#1205 = CARTESIAN_POINT('',(1.7E+03,255.,1.6E+03));
#1206 = CIRCLE('',#1207,2.);
#1207 = AXIS2_PLACEMENT_3D('',#1208,#1209,#1210);
#1208 = CARTESIAN_POINT('',(1.698E+03,255.,1.6E+03));
#1209 = DIRECTION('',(0.,0.,-1.));
#1210 = DIRECTION('',(1.,-1.42108547152E-14,-0.));
#1211 = ORIENTED_EDGE('',*,*,#1212,.T.);
#1212 = EDGE_CURVE('',#1204,#1213,#1215,.T.);
#1213 = VERTEX_POINT('',#1214);
#1214 = CARTESIAN_POINT('',(1.7E+03,80.,1.6E+03));
#1215 = LINE('',#1216,#1217);
#1216 = CARTESIAN_POINT('',(1.7E+03,0.,1.6E+03));
#1217 = VECTOR('',#1218,1.);
#1218 = DIRECTION('',(0.,-1.,-0.));
#1219 = ORIENTED_EDGE('',*,*,#1220,.T.);
#1220 = EDGE_CURVE('',#1213,#1221,#1223,.T.);
#1221 = VERTEX_POINT('',#1222);
#1222 = CARTESIAN_POINT('',(1.703E+03,80.,1.6E+03));
#1223 = LINE('',#1224,#1225);
#1224 = CARTESIAN_POINT('',(1.6955E+03,80.,1.6E+03));
#1225 = VECTOR('',#1226,1.);
#1226 = DIRECTION('',(1.,-0.,-0.));
#1227 = ORIENTED_EDGE('',*,*,#1228,.T.);
#1228 = EDGE_CURVE('',#1221,#1229,#1231,.T.);
#1229 = VERTEX_POINT('',#1230);
#1230 = CARTESIAN_POINT('',(1.703E+03,255.,1.6E+03));
#1231 = LINE('',#1232,#1233);
#1232 = CARTESIAN_POINT('',(1.703E+03,0.,1.6E+03));
#1233 = VECTOR('',#1234,1.);
#1234 = DIRECTION('',(-0.,1.,-0.));
#1235 = ORIENTED_EDGE('',*,*,#1236,.T.);
#1236 = EDGE_CURVE('',#1229,#1237,#1239,.T.);
#1237 = VERTEX_POINT('',#1238);
#1238 = CARTESIAN_POINT('',(1.698E+03,260.,1.6E+03));
#1239 = CIRCLE('',#1240,5.);
#1240 = AXIS2_PLACEMENT_3D('',#1241,#1242,#1243);
#1241 = CARTESIAN_POINT('',(1.698E+03,255.,1.6E+03));
#1242 = DIRECTION('',(0.,0.,1.));
#1243 = DIRECTION('',(1.,-1.136868377216E-14,-0.));
#1244 = ORIENTED_EDGE('',*,*,#1245,.T.);
#1245 = EDGE_CURVE('',#1237,#1115,#1246,.T.);
#1246 = LINE('',#1247,#1248);
#1247 = CARTESIAN_POINT('',(1.698E+03,260.,1.6E+03));
#1248 = VECTOR('',#1249,1.);
#1249 = DIRECTION('',(-1.,-0.,-0.));
#1250 = PLANE('',#1251);
#1251 = AXIS2_PLACEMENT_3D('',#1252,#1253,#1254);
#1252 = CARTESIAN_POINT('',(1.698440412813E+03,146.37717134143,1.6E+03)
  );
#1253 = DIRECTION('',(0.,-0.,-1.));
#1254 = DIRECTION('',(-1.,0.,0.));
#1255 = ADVANCED_FACE('',(#1256),#1267,.F.);
#1256 = FACE_BOUND('',#1257,.F.);
#1257 = EDGE_LOOP('',(#1258,#1259,#1260,#1266));
#1258 = ORIENTED_EDGE('',*,*,#1046,.T.);
#1259 = ORIENTED_EDGE('',*,*,#1203,.T.);
#1260 = ORIENTED_EDGE('',*,*,#1261,.F.);
#1261 = EDGE_CURVE('',#1146,#1204,#1262,.T.);
#1262 = LINE('',#1263,#1264);
#1263 = CARTESIAN_POINT('',(1.7E+03,255.,0.));
#1264 = VECTOR('',#1265,1.);
#1265 = DIRECTION('',(-0.,-0.,1.));
#1266 = ORIENTED_EDGE('',*,*,#1145,.F.);
#1267 = CYLINDRICAL_SURFACE('',#1268,2.);
#1268 = AXIS2_PLACEMENT_3D('',#1269,#1270,#1271);
#1269 = CARTESIAN_POINT('',(1.698E+03,255.,0.));
#1270 = DIRECTION('',(-0.,-0.,-1.));
#1271 = DIRECTION('',(1.,-1.42108547152E-14,-0.));
#1272 = ADVANCED_FACE('',(#1273),#1292,.F.);
#1273 = FACE_BOUND('',#1274,.T.);
#1274 = EDGE_LOOP('',(#1275,#1284,#1290,#1291));
#1275 = ORIENTED_EDGE('',*,*,#1276,.F.);
#1276 = EDGE_CURVE('',#1277,#1277,#1279,.T.);
#1277 = VERTEX_POINT('',#1278);
#1278 = CARTESIAN_POINT('',(1.68E+03,260.,1.52525E+03));
#1279 = CIRCLE('',#1280,5.25);
#1280 = AXIS2_PLACEMENT_3D('',#1281,#1282,#1283);
#1281 = CARTESIAN_POINT('',(1.68E+03,260.,1.52E+03));
#1282 = DIRECTION('',(0.,-1.,0.));
#1283 = DIRECTION('',(-0.,-0.,1.));
#1284 = ORIENTED_EDGE('',*,*,#1285,.F.);
#1285 = EDGE_CURVE('',#1063,#1277,#1286,.T.);
#1286 = LINE('',#1287,#1288);
#1287 = CARTESIAN_POINT('',(1.68E+03,252.5,1.52525E+03));
#1288 = VECTOR('',#1289,1.);
#1289 = DIRECTION('',(-0.,1.,-0.));
#1290 = ORIENTED_EDGE('',*,*,#1062,.T.);
#1291 = ORIENTED_EDGE('',*,*,#1285,.T.);
#1292 = CYLINDRICAL_SURFACE('',#1293,5.25);
#1293 = AXIS2_PLACEMENT_3D('',#1294,#1295,#1296);
#1294 = CARTESIAN_POINT('',(1.68E+03,252.5,1.52E+03));
#1295 = DIRECTION('',(-0.,1.,-0.));
#1296 = DIRECTION('',(-0.,-0.,1.));
#1297 = ADVANCED_FACE('',(#1298),#1317,.F.);
#1298 = FACE_BOUND('',#1299,.T.);
#1299 = EDGE_LOOP('',(#1300,#1309,#1315,#1316));
#1300 = ORIENTED_EDGE('',*,*,#1301,.F.);
#1301 = EDGE_CURVE('',#1302,#1302,#1304,.T.);
#1302 = VERTEX_POINT('',#1303);
#1303 = CARTESIAN_POINT('',(1.68E+03,260.,1.20025E+03));
#1304 = CIRCLE('',#1305,5.25);
#1305 = AXIS2_PLACEMENT_3D('',#1306,#1307,#1308);
#1306 = CARTESIAN_POINT('',(1.68E+03,260.,1.195E+03));
#1307 = DIRECTION('',(0.,-1.,0.));
#1308 = DIRECTION('',(-0.,-0.,1.));
#1309 = ORIENTED_EDGE('',*,*,#1310,.F.);
#1310 = EDGE_CURVE('',#1074,#1302,#1311,.T.);
#1311 = LINE('',#1312,#1313);
#1312 = CARTESIAN_POINT('',(1.68E+03,252.5,1.20025E+03));
#1313 = VECTOR('',#1314,1.);
#1314 = DIRECTION('',(-0.,1.,-0.));
#1315 = ORIENTED_EDGE('',*,*,#1073,.T.);
#1316 = ORIENTED_EDGE('',*,*,#1310,.T.);
#1317 = CYLINDRICAL_SURFACE('',#1318,5.25);
#1318 = AXIS2_PLACEMENT_3D('',#1319,#1320,#1321);
#1319 = CARTESIAN_POINT('',(1.68E+03,252.5,1.195E+03));
#1320 = DIRECTION('',(-0.,1.,-0.));
#1321 = DIRECTION('',(-0.,-0.,1.));
#1322 = ADVANCED_FACE('',(#1323),#1342,.F.);
#1323 = FACE_BOUND('',#1324,.T.);
#1324 = EDGE_LOOP('',(#1325,#1334,#1340,#1341));
#1325 = ORIENTED_EDGE('',*,*,#1326,.F.);
#1326 = EDGE_CURVE('',#1327,#1327,#1329,.T.);
#1327 = VERTEX_POINT('',#1328);
#1328 = CARTESIAN_POINT('',(1.68E+03,260.,570.25));
#1329 = CIRCLE('',#1330,5.25);
#1330 = AXIS2_PLACEMENT_3D('',#1331,#1332,#1333);
#1331 = CARTESIAN_POINT('',(1.68E+03,260.,565.));
#1332 = DIRECTION('',(0.,-1.,0.));
#1333 = DIRECTION('',(-0.,-0.,1.));
#1334 = ORIENTED_EDGE('',*,*,#1335,.F.);
#1335 = EDGE_CURVE('',#1085,#1327,#1336,.T.);
#1336 = LINE('',#1337,#1338);
#1337 = CARTESIAN_POINT('',(1.68E+03,252.5,570.25));
#1338 = VECTOR('',#1339,1.);
#1339 = DIRECTION('',(-0.,1.,-0.));
#1340 = ORIENTED_EDGE('',*,*,#1084,.T.);
#1341 = ORIENTED_EDGE('',*,*,#1335,.T.);
#1342 = CYLINDRICAL_SURFACE('',#1343,5.25);
#1343 = AXIS2_PLACEMENT_3D('',#1344,#1345,#1346);
#1344 = CARTESIAN_POINT('',(1.68E+03,252.5,565.));
#1345 = DIRECTION('',(-0.,1.,-0.));
#1346 = DIRECTION('',(-0.,-0.,1.));
#1347 = ADVANCED_FACE('',(#1348),#1367,.F.);
#1348 = FACE_BOUND('',#1349,.T.);
#1349 = EDGE_LOOP('',(#1350,#1359,#1365,#1366));
#1350 = ORIENTED_EDGE('',*,*,#1351,.F.);
#1351 = EDGE_CURVE('',#1352,#1352,#1354,.T.);
#1352 = VERTEX_POINT('',#1353);
#1353 = CARTESIAN_POINT('',(1.68E+03,260.,25.25));
#1354 = CIRCLE('',#1355,5.25);
#1355 = AXIS2_PLACEMENT_3D('',#1356,#1357,#1358);
#1356 = CARTESIAN_POINT('',(1.68E+03,260.,20.));
#1357 = DIRECTION('',(0.,-1.,0.));
#1358 = DIRECTION('',(-0.,-0.,1.));
#1359 = ORIENTED_EDGE('',*,*,#1360,.F.);
#1360 = EDGE_CURVE('',#1096,#1352,#1361,.T.);
#1361 = LINE('',#1362,#1363);
#1362 = CARTESIAN_POINT('',(1.68E+03,252.5,25.25));
#1363 = VECTOR('',#1364,1.);
#1364 = DIRECTION('',(-0.,1.,-0.));
#1365 = ORIENTED_EDGE('',*,*,#1095,.T.);
#1366 = ORIENTED_EDGE('',*,*,#1360,.T.);
#1367 = CYLINDRICAL_SURFACE('',#1368,5.25);
#1368 = AXIS2_PLACEMENT_3D('',#1369,#1370,#1371);
#1369 = CARTESIAN_POINT('',(1.68E+03,252.5,20.));
#1370 = DIRECTION('',(-0.,1.,-0.));
#1371 = DIRECTION('',(-0.,-0.,1.));
#1372 = ADVANCED_FACE('',(#1373,#1384,#1387,#1390,#1393),#1396,.T.);
#1373 = FACE_BOUND('',#1374,.F.);
#1374 = EDGE_LOOP('',(#1375,#1381,#1382,#1383));
#1375 = ORIENTED_EDGE('',*,*,#1376,.T.);
#1376 = EDGE_CURVE('',#1179,#1237,#1377,.T.);
#1377 = LINE('',#1378,#1379);
#1378 = CARTESIAN_POINT('',(1.698E+03,260.,0.));
#1379 = VECTOR('',#1380,1.);
#1380 = DIRECTION('',(-0.,-0.,1.));
#1381 = ORIENTED_EDGE('',*,*,#1245,.T.);
#1382 = ORIENTED_EDGE('',*,*,#1112,.F.);
#1383 = ORIENTED_EDGE('',*,*,#1187,.F.);
#1384 = FACE_BOUND('',#1385,.F.);
#1385 = EDGE_LOOP('',(#1386));
#1386 = ORIENTED_EDGE('',*,*,#1276,.F.);
#1387 = FACE_BOUND('',#1388,.F.);
#1388 = EDGE_LOOP('',(#1389));
#1389 = ORIENTED_EDGE('',*,*,#1301,.F.);
#1390 = FACE_BOUND('',#1391,.F.);
#1391 = EDGE_LOOP('',(#1392));
#1392 = ORIENTED_EDGE('',*,*,#1326,.F.);
#1393 = FACE_BOUND('',#1394,.F.);
#1394 = EDGE_LOOP('',(#1395));
#1395 = ORIENTED_EDGE('',*,*,#1351,.F.);
#1396 = PLANE('',#1397);
#1397 = AXIS2_PLACEMENT_3D('',#1398,#1399,#1400);
#1398 = CARTESIAN_POINT('',(1.698E+03,260.,0.));
#1399 = DIRECTION('',(-0.,1.,-0.));
#1400 = DIRECTION('',(1.,0.,0.));
#1401 = ADVANCED_FACE('',(#1402),#1413,.T.);
#1402 = FACE_BOUND('',#1403,.F.);
#1403 = EDGE_LOOP('',(#1404,#1410,#1411,#1412));
#1404 = ORIENTED_EDGE('',*,*,#1405,.T.);
#1405 = EDGE_CURVE('',#1171,#1229,#1406,.T.);
#1406 = LINE('',#1407,#1408);
#1407 = CARTESIAN_POINT('',(1.703E+03,255.,0.));
#1408 = VECTOR('',#1409,1.);
#1409 = DIRECTION('',(-0.,-0.,1.));
#1410 = ORIENTED_EDGE('',*,*,#1236,.T.);
#1411 = ORIENTED_EDGE('',*,*,#1376,.F.);
#1412 = ORIENTED_EDGE('',*,*,#1178,.F.);
#1413 = CYLINDRICAL_SURFACE('',#1414,5.);
#1414 = AXIS2_PLACEMENT_3D('',#1415,#1416,#1417);
#1415 = CARTESIAN_POINT('',(1.698E+03,255.,0.));
#1416 = DIRECTION('',(-0.,-0.,-1.));
#1417 = DIRECTION('',(1.,-1.136868377216E-14,-0.));
#1418 = ADVANCED_FACE('',(#1419,#1448,#1459,#1470,#1481,#1492,#1503,
    #1514,#1525,#1536,#1547),#1558,.T.);
#1419 = FACE_BOUND('',#1420,.F.);
#1420 = EDGE_LOOP('',(#1421,#1430,#1438,#1445,#1446,#1447));
#1421 = ORIENTED_EDGE('',*,*,#1422,.F.);
#1422 = EDGE_CURVE('',#1423,#1163,#1425,.T.);
#1423 = VERTEX_POINT('',#1424);
#1424 = CARTESIAN_POINT('',(1.703E+03,0.,79.999999999999));
#1425 = CIRCLE('',#1426,80.);
#1426 = AXIS2_PLACEMENT_3D('',#1427,#1428,#1429);
#1427 = CARTESIAN_POINT('',(1.703E+03,80.,80.));
#1428 = DIRECTION('',(1.,-0.,0.));
#1429 = DIRECTION('',(-0.,-0.,1.));
#1430 = ORIENTED_EDGE('',*,*,#1431,.T.);
#1431 = EDGE_CURVE('',#1423,#1432,#1434,.T.);
#1432 = VERTEX_POINT('',#1433);
#1433 = CARTESIAN_POINT('',(1.703E+03,0.,1.52E+03));
#1434 = LINE('',#1435,#1436);
#1435 = CARTESIAN_POINT('',(1.703E+03,0.,0.));
#1436 = VECTOR('',#1437,1.);
#1437 = DIRECTION('',(-0.,-0.,1.));
#1438 = ORIENTED_EDGE('',*,*,#1439,.F.);
#1439 = EDGE_CURVE('',#1221,#1432,#1440,.T.);
#1440 = CIRCLE('',#1441,80.);
#1441 = AXIS2_PLACEMENT_3D('',#1442,#1443,#1444);
#1442 = CARTESIAN_POINT('',(1.703E+03,80.,1.52E+03));
#1443 = DIRECTION('',(1.,-0.,0.));
#1444 = DIRECTION('',(-0.,-0.,1.));
#1445 = ORIENTED_EDGE('',*,*,#1228,.T.);
#1446 = ORIENTED_EDGE('',*,*,#1405,.F.);
#1447 = ORIENTED_EDGE('',*,*,#1170,.F.);
#1448 = FACE_BOUND('',#1449,.F.);
#1449 = EDGE_LOOP('',(#1450));
#1450 = ORIENTED_EDGE('',*,*,#1451,.F.);
#1451 = EDGE_CURVE('',#1452,#1452,#1454,.T.);
#1452 = VERTEX_POINT('',#1453);
#1453 = CARTESIAN_POINT('',(1.703E+03,70.,1.28795E+03));
#1454 = CIRCLE('',#1455,2.05);
#1455 = AXIS2_PLACEMENT_3D('',#1456,#1457,#1458);
#1456 = CARTESIAN_POINT('',(1.703E+03,70.,1.29E+03));
#1457 = DIRECTION('',(-1.,-0.,0.));
#1458 = DIRECTION('',(-0.,-0.,-1.));
#1459 = FACE_BOUND('',#1460,.F.);
#1460 = EDGE_LOOP('',(#1461));
#1461 = ORIENTED_EDGE('',*,*,#1462,.F.);
#1462 = EDGE_CURVE('',#1463,#1463,#1465,.T.);
#1463 = VERTEX_POINT('',#1464);
#1464 = CARTESIAN_POINT('',(1.703E+03,70.,972.95));
#1465 = CIRCLE('',#1466,2.05);
#1466 = AXIS2_PLACEMENT_3D('',#1467,#1468,#1469);
#1467 = CARTESIAN_POINT('',(1.703E+03,70.,975.));
#1468 = DIRECTION('',(-1.,-0.,0.));
#1469 = DIRECTION('',(-0.,-0.,-1.));
#1470 = FACE_BOUND('',#1471,.F.);
#1471 = EDGE_LOOP('',(#1472));
#1472 = ORIENTED_EDGE('',*,*,#1473,.F.);
#1473 = EDGE_CURVE('',#1474,#1474,#1476,.T.);
#1474 = VERTEX_POINT('',#1475);
#1475 = CARTESIAN_POINT('',(1.703E+03,190.,1.28795E+03));
#1476 = CIRCLE('',#1477,2.05);
#1477 = AXIS2_PLACEMENT_3D('',#1478,#1479,#1480);
#1478 = CARTESIAN_POINT('',(1.703E+03,190.,1.29E+03));
#1479 = DIRECTION('',(-1.,-0.,0.));
#1480 = DIRECTION('',(-0.,-0.,-1.));
#1481 = FACE_BOUND('',#1482,.F.);
#1482 = EDGE_LOOP('',(#1483));
#1483 = ORIENTED_EDGE('',*,*,#1484,.F.);
#1484 = EDGE_CURVE('',#1485,#1485,#1487,.T.);
#1485 = VERTEX_POINT('',#1486);
#1486 = CARTESIAN_POINT('',(1.703E+03,190.,972.95));
#1487 = CIRCLE('',#1488,2.05);
#1488 = AXIS2_PLACEMENT_3D('',#1489,#1490,#1491);
#1489 = CARTESIAN_POINT('',(1.703E+03,190.,975.));
#1490 = DIRECTION('',(-1.,-0.,0.));
#1491 = DIRECTION('',(-0.,-0.,-1.));
#1492 = FACE_BOUND('',#1493,.F.);
#1493 = EDGE_LOOP('',(#1494));
#1494 = ORIENTED_EDGE('',*,*,#1495,.F.);
#1495 = EDGE_CURVE('',#1496,#1496,#1498,.T.);
#1496 = VERTEX_POINT('',#1497);
#1497 = CARTESIAN_POINT('',(1.703E+03,70.,657.95));
#1498 = CIRCLE('',#1499,2.05);
#1499 = AXIS2_PLACEMENT_3D('',#1500,#1501,#1502);
#1500 = CARTESIAN_POINT('',(1.703E+03,70.,660.));
#1501 = DIRECTION('',(-1.,-0.,0.));
#1502 = DIRECTION('',(-0.,-0.,-1.));
#1503 = FACE_BOUND('',#1504,.F.);
#1504 = EDGE_LOOP('',(#1505));
#1505 = ORIENTED_EDGE('',*,*,#1506,.F.);
#1506 = EDGE_CURVE('',#1507,#1507,#1509,.T.);
#1507 = VERTEX_POINT('',#1508);
#1508 = CARTESIAN_POINT('',(1.703E+03,70.,342.95));
#1509 = CIRCLE('',#1510,2.05);
#1510 = AXIS2_PLACEMENT_3D('',#1511,#1512,#1513);
#1511 = CARTESIAN_POINT('',(1.703E+03,70.,345.));
#1512 = DIRECTION('',(-1.,-0.,0.));
#1513 = DIRECTION('',(-0.,-0.,-1.));
#1514 = FACE_BOUND('',#1515,.F.);
#1515 = EDGE_LOOP('',(#1516));
#1516 = ORIENTED_EDGE('',*,*,#1517,.F.);
#1517 = EDGE_CURVE('',#1518,#1518,#1520,.T.);
#1518 = VERTEX_POINT('',#1519);
#1519 = CARTESIAN_POINT('',(1.703E+03,70.,27.95));
#1520 = CIRCLE('',#1521,2.05);
#1521 = AXIS2_PLACEMENT_3D('',#1522,#1523,#1524);
#1522 = CARTESIAN_POINT('',(1.703E+03,70.,30.));
#1523 = DIRECTION('',(-1.,-0.,0.));
#1524 = DIRECTION('',(-0.,-0.,-1.));
#1525 = FACE_BOUND('',#1526,.F.);
#1526 = EDGE_LOOP('',(#1527));
#1527 = ORIENTED_EDGE('',*,*,#1528,.F.);
#1528 = EDGE_CURVE('',#1529,#1529,#1531,.T.);
#1529 = VERTEX_POINT('',#1530);
#1530 = CARTESIAN_POINT('',(1.703E+03,190.,657.95));
#1531 = CIRCLE('',#1532,2.05);
#1532 = AXIS2_PLACEMENT_3D('',#1533,#1534,#1535);
#1533 = CARTESIAN_POINT('',(1.703E+03,190.,660.));
#1534 = DIRECTION('',(-1.,-0.,0.));
#1535 = DIRECTION('',(-0.,-0.,-1.));
#1536 = FACE_BOUND('',#1537,.F.);
#1537 = EDGE_LOOP('',(#1538));
#1538 = ORIENTED_EDGE('',*,*,#1539,.F.);
#1539 = EDGE_CURVE('',#1540,#1540,#1542,.T.);
#1540 = VERTEX_POINT('',#1541);
#1541 = CARTESIAN_POINT('',(1.703E+03,190.,342.95));
#1542 = CIRCLE('',#1543,2.05);
#1543 = AXIS2_PLACEMENT_3D('',#1544,#1545,#1546);
#1544 = CARTESIAN_POINT('',(1.703E+03,190.,345.));
#1545 = DIRECTION('',(-1.,-0.,0.));
#1546 = DIRECTION('',(-0.,-0.,-1.));
#1547 = FACE_BOUND('',#1548,.F.);
#1548 = EDGE_LOOP('',(#1549));
#1549 = ORIENTED_EDGE('',*,*,#1550,.F.);
#1550 = EDGE_CURVE('',#1551,#1551,#1553,.T.);
#1551 = VERTEX_POINT('',#1552);
#1552 = CARTESIAN_POINT('',(1.703E+03,190.,27.95));
#1553 = CIRCLE('',#1554,2.05);
#1554 = AXIS2_PLACEMENT_3D('',#1555,#1556,#1557);
#1555 = CARTESIAN_POINT('',(1.703E+03,190.,30.));
#1556 = DIRECTION('',(-1.,-0.,0.));
#1557 = DIRECTION('',(-0.,-0.,-1.));
#1558 = PLANE('',#1559);
#1559 = AXIS2_PLACEMENT_3D('',#1560,#1561,#1562);
#1560 = CARTESIAN_POINT('',(1.703E+03,0.,0.));
#1561 = DIRECTION('',(1.,-0.,-0.));
#1562 = DIRECTION('',(0.,-1.,0.));
#1563 = ADVANCED_FACE('',(#1564),#1583,.T.);
#1564 = FACE_BOUND('',#1565,.T.);
#1565 = EDGE_LOOP('',(#1566,#1575,#1576,#1577));
#1566 = ORIENTED_EDGE('',*,*,#1567,.T.);
#1567 = EDGE_CURVE('',#1568,#1155,#1570,.T.);
#1568 = VERTEX_POINT('',#1569);
#1569 = CARTESIAN_POINT('',(1.7E+03,0.,79.999999999999));
#1570 = CIRCLE('',#1571,80.);
#1571 = AXIS2_PLACEMENT_3D('',#1572,#1573,#1574);
#1572 = CARTESIAN_POINT('',(1.7E+03,80.,80.));
#1573 = DIRECTION('',(1.,-0.,0.));
#1574 = DIRECTION('',(-0.,-0.,1.));
#1575 = ORIENTED_EDGE('',*,*,#1162,.T.);
#1576 = ORIENTED_EDGE('',*,*,#1422,.F.);
#1577 = ORIENTED_EDGE('',*,*,#1578,.F.);
#1578 = EDGE_CURVE('',#1568,#1423,#1579,.T.);
#1579 = LINE('',#1580,#1581);
#1580 = CARTESIAN_POINT('',(1.6955E+03,0.,79.999999999999));
#1581 = VECTOR('',#1582,1.);
#1582 = DIRECTION('',(1.,-0.,-0.));
#1583 = CYLINDRICAL_SURFACE('',#1584,80.);
#1584 = AXIS2_PLACEMENT_3D('',#1585,#1586,#1587);
#1585 = CARTESIAN_POINT('',(1.6955E+03,80.,80.));
#1586 = DIRECTION('',(-1.,-0.,-0.));
#1587 = DIRECTION('',(-0.,-0.,1.));
#1588 = ADVANCED_FACE('',(#1589,#1610,#1621,#1632,#1643,#1654,#1665,
    #1676,#1687,#1698,#1709),#1720,.T.);
#1589 = FACE_BOUND('',#1590,.F.);
#1590 = EDGE_LOOP('',(#1591,#1592,#1593,#1594,#1603,#1609));
#1591 = ORIENTED_EDGE('',*,*,#1154,.F.);
#1592 = ORIENTED_EDGE('',*,*,#1261,.T.);
#1593 = ORIENTED_EDGE('',*,*,#1212,.T.);
#1594 = ORIENTED_EDGE('',*,*,#1595,.T.);
#1595 = EDGE_CURVE('',#1213,#1596,#1598,.T.);
#1596 = VERTEX_POINT('',#1597);
#1597 = CARTESIAN_POINT('',(1.7E+03,0.,1.52E+03));
#1598 = CIRCLE('',#1599,80.);
#1599 = AXIS2_PLACEMENT_3D('',#1600,#1601,#1602);
#1600 = CARTESIAN_POINT('',(1.7E+03,80.,1.52E+03));
#1601 = DIRECTION('',(1.,-0.,0.));
#1602 = DIRECTION('',(-0.,-0.,1.));
#1603 = ORIENTED_EDGE('',*,*,#1604,.F.);
#1604 = EDGE_CURVE('',#1568,#1596,#1605,.T.);
#1605 = LINE('',#1606,#1607);
#1606 = CARTESIAN_POINT('',(1.7E+03,0.,0.));
#1607 = VECTOR('',#1608,1.);
#1608 = DIRECTION('',(-0.,-0.,1.));
#1609 = ORIENTED_EDGE('',*,*,#1567,.T.);
#1610 = FACE_BOUND('',#1611,.F.);
#1611 = EDGE_LOOP('',(#1612));
#1612 = ORIENTED_EDGE('',*,*,#1613,.T.);
#1613 = EDGE_CURVE('',#1614,#1614,#1616,.T.);
#1614 = VERTEX_POINT('',#1615);
#1615 = CARTESIAN_POINT('',(1.7E+03,190.,1.28795E+03));
#1616 = CIRCLE('',#1617,2.05);
#1617 = AXIS2_PLACEMENT_3D('',#1618,#1619,#1620);
#1618 = CARTESIAN_POINT('',(1.7E+03,190.,1.29E+03));
#1619 = DIRECTION('',(-1.,-0.,0.));
#1620 = DIRECTION('',(-0.,-0.,-1.));
#1621 = FACE_BOUND('',#1622,.F.);
#1622 = EDGE_LOOP('',(#1623));
#1623 = ORIENTED_EDGE('',*,*,#1624,.T.);
#1624 = EDGE_CURVE('',#1625,#1625,#1627,.T.);
#1625 = VERTEX_POINT('',#1626);
#1626 = CARTESIAN_POINT('',(1.7E+03,190.,972.95));
#1627 = CIRCLE('',#1628,2.05);
#1628 = AXIS2_PLACEMENT_3D('',#1629,#1630,#1631);
#1629 = CARTESIAN_POINT('',(1.7E+03,190.,975.));
#1630 = DIRECTION('',(-1.,-0.,0.));
#1631 = DIRECTION('',(-0.,-0.,-1.));
#1632 = FACE_BOUND('',#1633,.F.);
#1633 = EDGE_LOOP('',(#1634));
#1634 = ORIENTED_EDGE('',*,*,#1635,.T.);
#1635 = EDGE_CURVE('',#1636,#1636,#1638,.T.);
#1636 = VERTEX_POINT('',#1637);
#1637 = CARTESIAN_POINT('',(1.7E+03,70.,1.28795E+03));
#1638 = CIRCLE('',#1639,2.05);
#1639 = AXIS2_PLACEMENT_3D('',#1640,#1641,#1642);
#1640 = CARTESIAN_POINT('',(1.7E+03,70.,1.29E+03));
#1641 = DIRECTION('',(-1.,-0.,0.));
#1642 = DIRECTION('',(-0.,-0.,-1.));
#1643 = FACE_BOUND('',#1644,.F.);
#1644 = EDGE_LOOP('',(#1645));
#1645 = ORIENTED_EDGE('',*,*,#1646,.T.);
#1646 = EDGE_CURVE('',#1647,#1647,#1649,.T.);
#1647 = VERTEX_POINT('',#1648);
#1648 = CARTESIAN_POINT('',(1.7E+03,70.,972.95));
#1649 = CIRCLE('',#1650,2.05);
#1650 = AXIS2_PLACEMENT_3D('',#1651,#1652,#1653);
#1651 = CARTESIAN_POINT('',(1.7E+03,70.,975.));
#1652 = DIRECTION('',(-1.,-0.,0.));
#1653 = DIRECTION('',(-0.,-0.,-1.));
#1654 = FACE_BOUND('',#1655,.F.);
#1655 = EDGE_LOOP('',(#1656));
#1656 = ORIENTED_EDGE('',*,*,#1657,.T.);
#1657 = EDGE_CURVE('',#1658,#1658,#1660,.T.);
#1658 = VERTEX_POINT('',#1659);
#1659 = CARTESIAN_POINT('',(1.7E+03,190.,657.95));
#1660 = CIRCLE('',#1661,2.05);
#1661 = AXIS2_PLACEMENT_3D('',#1662,#1663,#1664);
#1662 = CARTESIAN_POINT('',(1.7E+03,190.,660.));
#1663 = DIRECTION('',(-1.,-0.,0.));
#1664 = DIRECTION('',(-0.,-0.,-1.));
#1665 = FACE_BOUND('',#1666,.F.);
#1666 = EDGE_LOOP('',(#1667));
#1667 = ORIENTED_EDGE('',*,*,#1668,.T.);
#1668 = EDGE_CURVE('',#1669,#1669,#1671,.T.);
#1669 = VERTEX_POINT('',#1670);
#1670 = CARTESIAN_POINT('',(1.7E+03,190.,342.95));
#1671 = CIRCLE('',#1672,2.05);
#1672 = AXIS2_PLACEMENT_3D('',#1673,#1674,#1675);
#1673 = CARTESIAN_POINT('',(1.7E+03,190.,345.));
#1674 = DIRECTION('',(-1.,-0.,0.));
#1675 = DIRECTION('',(-0.,-0.,-1.));
#1676 = FACE_BOUND('',#1677,.F.);
#1677 = EDGE_LOOP('',(#1678));
#1678 = ORIENTED_EDGE('',*,*,#1679,.T.);
#1679 = EDGE_CURVE('',#1680,#1680,#1682,.T.);
#1680 = VERTEX_POINT('',#1681);
#1681 = CARTESIAN_POINT('',(1.7E+03,190.,27.95));
#1682 = CIRCLE('',#1683,2.05);
#1683 = AXIS2_PLACEMENT_3D('',#1684,#1685,#1686);
#1684 = CARTESIAN_POINT('',(1.7E+03,190.,30.));
#1685 = DIRECTION('',(-1.,-0.,0.));
#1686 = DIRECTION('',(-0.,-0.,-1.));
#1687 = FACE_BOUND('',#1688,.F.);
#1688 = EDGE_LOOP('',(#1689));
#1689 = ORIENTED_EDGE('',*,*,#1690,.T.);
#1690 = EDGE_CURVE('',#1691,#1691,#1693,.T.);
#1691 = VERTEX_POINT('',#1692);
#1692 = CARTESIAN_POINT('',(1.7E+03,70.,657.95));
#1693 = CIRCLE('',#1694,2.05);
#1694 = AXIS2_PLACEMENT_3D('',#1695,#1696,#1697);
#1695 = CARTESIAN_POINT('',(1.7E+03,70.,660.));
#1696 = DIRECTION('',(-1.,-0.,0.));
#1697 = DIRECTION('',(-0.,-0.,-1.));
#1698 = FACE_BOUND('',#1699,.F.);
#1699 = EDGE_LOOP('',(#1700));
#1700 = ORIENTED_EDGE('',*,*,#1701,.T.);
#1701 = EDGE_CURVE('',#1702,#1702,#1704,.T.);
#1702 = VERTEX_POINT('',#1703);
#1703 = CARTESIAN_POINT('',(1.7E+03,70.,342.95));
#1704 = CIRCLE('',#1705,2.05);
#1705 = AXIS2_PLACEMENT_3D('',#1706,#1707,#1708);
#1706 = CARTESIAN_POINT('',(1.7E+03,70.,345.));
#1707 = DIRECTION('',(-1.,-0.,0.));
#1708 = DIRECTION('',(-0.,-0.,-1.));
#1709 = FACE_BOUND('',#1710,.F.);
#1710 = EDGE_LOOP('',(#1711));
#1711 = ORIENTED_EDGE('',*,*,#1712,.T.);
#1712 = EDGE_CURVE('',#1713,#1713,#1715,.T.);
#1713 = VERTEX_POINT('',#1714);
#1714 = CARTESIAN_POINT('',(1.7E+03,70.,27.95));
#1715 = CIRCLE('',#1716,2.05);
#1716 = AXIS2_PLACEMENT_3D('',#1717,#1718,#1719);
#1717 = CARTESIAN_POINT('',(1.7E+03,70.,30.));
#1718 = DIRECTION('',(-1.,-0.,0.));
#1719 = DIRECTION('',(-0.,-0.,-1.));
#1720 = PLANE('',#1721);
#1721 = AXIS2_PLACEMENT_3D('',#1722,#1723,#1724);
#1722 = CARTESIAN_POINT('',(1.7E+03,255.,0.));
#1723 = DIRECTION('',(-1.,-0.,-0.));
#1724 = DIRECTION('',(0.,1.,0.));
#1725 = ADVANCED_FACE('',(#1726),#1737,.T.);
#1726 = FACE_BOUND('',#1727,.T.);
#1727 = EDGE_LOOP('',(#1728,#1729,#1735,#1736));
#1728 = ORIENTED_EDGE('',*,*,#1595,.T.);
#1729 = ORIENTED_EDGE('',*,*,#1730,.T.);
#1730 = EDGE_CURVE('',#1596,#1432,#1731,.T.);
#1731 = LINE('',#1732,#1733);
#1732 = CARTESIAN_POINT('',(1.6955E+03,0.,1.52E+03));
#1733 = VECTOR('',#1734,1.);
#1734 = DIRECTION('',(1.,-0.,-0.));
#1735 = ORIENTED_EDGE('',*,*,#1439,.F.);
#1736 = ORIENTED_EDGE('',*,*,#1220,.F.);
#1737 = CYLINDRICAL_SURFACE('',#1738,80.);
#1738 = AXIS2_PLACEMENT_3D('',#1739,#1740,#1741);
#1739 = CARTESIAN_POINT('',(1.6955E+03,80.,1.52E+03));
#1740 = DIRECTION('',(-1.,-0.,-0.));
#1741 = DIRECTION('',(-0.,-0.,1.));
#1742 = ADVANCED_FACE('',(#1743),#1749,.T.);
#1743 = FACE_BOUND('',#1744,.F.);
#1744 = EDGE_LOOP('',(#1745,#1746,#1747,#1748));
#1745 = ORIENTED_EDGE('',*,*,#1578,.F.);
#1746 = ORIENTED_EDGE('',*,*,#1604,.T.);
#1747 = ORIENTED_EDGE('',*,*,#1730,.T.);
#1748 = ORIENTED_EDGE('',*,*,#1431,.F.);
#1749 = PLANE('',#1750);
#1750 = AXIS2_PLACEMENT_3D('',#1751,#1752,#1753);
#1751 = CARTESIAN_POINT('',(1.7E+03,0.,0.));
#1752 = DIRECTION('',(-0.,-1.,-0.));
#1753 = DIRECTION('',(-1.,0.,-0.));
#1754 = ADVANCED_FACE('',(#1755),#1766,.F.);
#1755 = FACE_BOUND('',#1756,.T.);
#1756 = EDGE_LOOP('',(#1757,#1758,#1764,#1765));
#1757 = ORIENTED_EDGE('',*,*,#1451,.F.);
#1758 = ORIENTED_EDGE('',*,*,#1759,.F.);
#1759 = EDGE_CURVE('',#1636,#1452,#1760,.T.);
#1760 = LINE('',#1761,#1762);
#1761 = CARTESIAN_POINT('',(1.6955E+03,70.,1.28795E+03));
#1762 = VECTOR('',#1763,1.);
#1763 = DIRECTION('',(1.,-0.,-0.));
#1764 = ORIENTED_EDGE('',*,*,#1635,.T.);
#1765 = ORIENTED_EDGE('',*,*,#1759,.T.);
#1766 = CYLINDRICAL_SURFACE('',#1767,2.05);
#1767 = AXIS2_PLACEMENT_3D('',#1768,#1769,#1770);
#1768 = CARTESIAN_POINT('',(1.6955E+03,70.,1.29E+03));
#1769 = DIRECTION('',(1.,-0.,-0.));
#1770 = DIRECTION('',(-0.,-0.,-1.));
#1771 = ADVANCED_FACE('',(#1772),#1783,.F.);
#1772 = FACE_BOUND('',#1773,.T.);
#1773 = EDGE_LOOP('',(#1774,#1775,#1781,#1782));
#1774 = ORIENTED_EDGE('',*,*,#1462,.F.);
#1775 = ORIENTED_EDGE('',*,*,#1776,.F.);
#1776 = EDGE_CURVE('',#1647,#1463,#1777,.T.);
#1777 = LINE('',#1778,#1779);
#1778 = CARTESIAN_POINT('',(1.6955E+03,70.,972.95));
#1779 = VECTOR('',#1780,1.);
#1780 = DIRECTION('',(1.,-0.,-0.));
#1781 = ORIENTED_EDGE('',*,*,#1646,.T.);
#1782 = ORIENTED_EDGE('',*,*,#1776,.T.);
#1783 = CYLINDRICAL_SURFACE('',#1784,2.05);
#1784 = AXIS2_PLACEMENT_3D('',#1785,#1786,#1787);
#1785 = CARTESIAN_POINT('',(1.6955E+03,70.,975.));
#1786 = DIRECTION('',(1.,-0.,-0.));
#1787 = DIRECTION('',(-0.,-0.,-1.));
#1788 = ADVANCED_FACE('',(#1789),#1800,.F.);
#1789 = FACE_BOUND('',#1790,.T.);
#1790 = EDGE_LOOP('',(#1791,#1792,#1798,#1799));
#1791 = ORIENTED_EDGE('',*,*,#1473,.F.);
#1792 = ORIENTED_EDGE('',*,*,#1793,.F.);
#1793 = EDGE_CURVE('',#1614,#1474,#1794,.T.);
#1794 = LINE('',#1795,#1796);
#1795 = CARTESIAN_POINT('',(1.6955E+03,190.,1.28795E+03));
#1796 = VECTOR('',#1797,1.);
#1797 = DIRECTION('',(1.,-0.,-0.));
#1798 = ORIENTED_EDGE('',*,*,#1613,.T.);
#1799 = ORIENTED_EDGE('',*,*,#1793,.T.);
#1800 = CYLINDRICAL_SURFACE('',#1801,2.05);
#1801 = AXIS2_PLACEMENT_3D('',#1802,#1803,#1804);
#1802 = CARTESIAN_POINT('',(1.6955E+03,190.,1.29E+03));
#1803 = DIRECTION('',(1.,-0.,-0.));
#1804 = DIRECTION('',(-0.,-0.,-1.));
#1805 = ADVANCED_FACE('',(#1806),#1817,.F.);
#1806 = FACE_BOUND('',#1807,.T.);
#1807 = EDGE_LOOP('',(#1808,#1809,#1815,#1816));
#1808 = ORIENTED_EDGE('',*,*,#1484,.F.);
#1809 = ORIENTED_EDGE('',*,*,#1810,.F.);
#1810 = EDGE_CURVE('',#1625,#1485,#1811,.T.);
#1811 = LINE('',#1812,#1813);
#1812 = CARTESIAN_POINT('',(1.6955E+03,190.,972.95));
#1813 = VECTOR('',#1814,1.);
#1814 = DIRECTION('',(1.,-0.,-0.));
#1815 = ORIENTED_EDGE('',*,*,#1624,.T.);
#1816 = ORIENTED_EDGE('',*,*,#1810,.T.);
#1817 = CYLINDRICAL_SURFACE('',#1818,2.05);
#1818 = AXIS2_PLACEMENT_3D('',#1819,#1820,#1821);
#1819 = CARTESIAN_POINT('',(1.6955E+03,190.,975.));
#1820 = DIRECTION('',(1.,-0.,-0.));
#1821 = DIRECTION('',(-0.,-0.,-1.));
#1822 = ADVANCED_FACE('',(#1823),#1834,.F.);
#1823 = FACE_BOUND('',#1824,.T.);
#1824 = EDGE_LOOP('',(#1825,#1826,#1832,#1833));
#1825 = ORIENTED_EDGE('',*,*,#1495,.F.);
#1826 = ORIENTED_EDGE('',*,*,#1827,.F.);
#1827 = EDGE_CURVE('',#1691,#1496,#1828,.T.);
#1828 = LINE('',#1829,#1830);
#1829 = CARTESIAN_POINT('',(1.6955E+03,70.,657.95));
#1830 = VECTOR('',#1831,1.);
#1831 = DIRECTION('',(1.,-0.,-0.));
#1832 = ORIENTED_EDGE('',*,*,#1690,.T.);
#1833 = ORIENTED_EDGE('',*,*,#1827,.T.);
#1834 = CYLINDRICAL_SURFACE('',#1835,2.05);
#1835 = AXIS2_PLACEMENT_3D('',#1836,#1837,#1838);
#1836 = CARTESIAN_POINT('',(1.6955E+03,70.,660.));
#1837 = DIRECTION('',(1.,-0.,-0.));
#1838 = DIRECTION('',(-0.,-0.,-1.));
#1839 = ADVANCED_FACE('',(#1840),#1851,.F.);
#1840 = FACE_BOUND('',#1841,.T.);
#1841 = EDGE_LOOP('',(#1842,#1843,#1849,#1850));
#1842 = ORIENTED_EDGE('',*,*,#1506,.F.);
#1843 = ORIENTED_EDGE('',*,*,#1844,.F.);
#1844 = EDGE_CURVE('',#1702,#1507,#1845,.T.);
#1845 = LINE('',#1846,#1847);
#1846 = CARTESIAN_POINT('',(1.6955E+03,70.,342.95));
#1847 = VECTOR('',#1848,1.);
#1848 = DIRECTION('',(1.,-0.,-0.));
#1849 = ORIENTED_EDGE('',*,*,#1701,.T.);
#1850 = ORIENTED_EDGE('',*,*,#1844,.T.);
#1851 = CYLINDRICAL_SURFACE('',#1852,2.05);
#1852 = AXIS2_PLACEMENT_3D('',#1853,#1854,#1855);
#1853 = CARTESIAN_POINT('',(1.6955E+03,70.,345.));
#1854 = DIRECTION('',(1.,-0.,-0.));
#1855 = DIRECTION('',(-0.,-0.,-1.));
#1856 = ADVANCED_FACE('',(#1857),#1868,.F.);
#1857 = FACE_BOUND('',#1858,.T.);
#1858 = EDGE_LOOP('',(#1859,#1860,#1866,#1867));
#1859 = ORIENTED_EDGE('',*,*,#1517,.F.);
#1860 = ORIENTED_EDGE('',*,*,#1861,.F.);
#1861 = EDGE_CURVE('',#1713,#1518,#1862,.T.);
#1862 = LINE('',#1863,#1864);
#1863 = CARTESIAN_POINT('',(1.6955E+03,70.,27.95));
#1864 = VECTOR('',#1865,1.);
#1865 = DIRECTION('',(1.,-0.,-0.));
#1866 = ORIENTED_EDGE('',*,*,#1712,.T.);
#1867 = ORIENTED_EDGE('',*,*,#1861,.T.);
#1868 = CYLINDRICAL_SURFACE('',#1869,2.05);
#1869 = AXIS2_PLACEMENT_3D('',#1870,#1871,#1872);
#1870 = CARTESIAN_POINT('',(1.6955E+03,70.,30.));
#1871 = DIRECTION('',(1.,-0.,-0.));
#1872 = DIRECTION('',(-0.,-0.,-1.));
#1873 = ADVANCED_FACE('',(#1874),#1885,.F.);
#1874 = FACE_BOUND('',#1875,.T.);
#1875 = EDGE_LOOP('',(#1876,#1877,#1883,#1884));
#1876 = ORIENTED_EDGE('',*,*,#1528,.F.);
#1877 = ORIENTED_EDGE('',*,*,#1878,.F.);
#1878 = EDGE_CURVE('',#1658,#1529,#1879,.T.);
#1879 = LINE('',#1880,#1881);
#1880 = CARTESIAN_POINT('',(1.6955E+03,190.,657.95));
#1881 = VECTOR('',#1882,1.);
#1882 = DIRECTION('',(1.,-0.,-0.));
#1883 = ORIENTED_EDGE('',*,*,#1657,.T.);
#1884 = ORIENTED_EDGE('',*,*,#1878,.T.);
#1885 = CYLINDRICAL_SURFACE('',#1886,2.05);
#1886 = AXIS2_PLACEMENT_3D('',#1887,#1888,#1889);
#1887 = CARTESIAN_POINT('',(1.6955E+03,190.,660.));
#1888 = DIRECTION('',(1.,-0.,-0.));
#1889 = DIRECTION('',(-0.,-0.,-1.));
#1890 = ADVANCED_FACE('',(#1891),#1902,.F.);
#1891 = FACE_BOUND('',#1892,.T.);
#1892 = EDGE_LOOP('',(#1893,#1894,#1900,#1901));
#1893 = ORIENTED_EDGE('',*,*,#1539,.F.);
#1894 = ORIENTED_EDGE('',*,*,#1895,.F.);
#1895 = EDGE_CURVE('',#1669,#1540,#1896,.T.);
#1896 = LINE('',#1897,#1898);
#1897 = CARTESIAN_POINT('',(1.6955E+03,190.,342.95));
#1898 = VECTOR('',#1899,1.);
#1899 = DIRECTION('',(1.,-0.,-0.));
#1900 = ORIENTED_EDGE('',*,*,#1668,.T.);
#1901 = ORIENTED_EDGE('',*,*,#1895,.T.);
#1902 = CYLINDRICAL_SURFACE('',#1903,2.05);
#1903 = AXIS2_PLACEMENT_3D('',#1904,#1905,#1906);
#1904 = CARTESIAN_POINT('',(1.6955E+03,190.,345.));
#1905 = DIRECTION('',(1.,-0.,-0.));
#1906 = DIRECTION('',(-0.,-0.,-1.));
#1907 = ADVANCED_FACE('',(#1908),#1919,.F.);
#1908 = FACE_BOUND('',#1909,.T.);
#1909 = EDGE_LOOP('',(#1910,#1911,#1917,#1918));
#1910 = ORIENTED_EDGE('',*,*,#1550,.F.);
#1911 = ORIENTED_EDGE('',*,*,#1912,.F.);
#1912 = EDGE_CURVE('',#1680,#1551,#1913,.T.);
#1913 = LINE('',#1914,#1915);
#1914 = CARTESIAN_POINT('',(1.6955E+03,190.,27.95));
#1915 = VECTOR('',#1916,1.);
#1916 = DIRECTION('',(1.,-0.,-0.));
#1917 = ORIENTED_EDGE('',*,*,#1679,.T.);
#1918 = ORIENTED_EDGE('',*,*,#1912,.T.);
#1919 = CYLINDRICAL_SURFACE('',#1920,2.05);
#1920 = AXIS2_PLACEMENT_3D('',#1921,#1922,#1923);
#1921 = CARTESIAN_POINT('',(1.6955E+03,190.,30.));
#1922 = DIRECTION('',(1.,-0.,-0.));
#1923 = DIRECTION('',(-0.,-0.,-1.));
#1924 = ( GEOMETRIC_REPRESENTATION_CONTEXT(3) 
GLOBAL_UNCERTAINTY_ASSIGNED_CONTEXT((#1928)) 
GLOBAL_UNIT_ASSIGNED_CONTEXT((#1925,#1926,#1927)) REPRESENTATION_CONTEXT
('Context #1','3D Context with UNIT and UNCERTAINTY') );
#1925 = ( LENGTH_UNIT() NAMED_UNIT(*) SI_UNIT(.MILLI.,.METRE.) );
#1926 = ( NAMED_UNIT(*) PLANE_ANGLE_UNIT() SI_UNIT($,.RADIAN.) );
#1927 = ( NAMED_UNIT(*) SI_UNIT($,.STERADIAN.) SOLID_ANGLE_UNIT() );
#1928 = UNCERTAINTY_MEASURE_WITH_UNIT(LENGTH_MEASURE(1.E-07),#1925,
  'distance_accuracy_value','confusion accuracy');
#1929 = CONTEXT_DEPENDENT_SHAPE_REPRESENTATION(#1930,#1932);
#1930 = ( REPRESENTATION_RELATIONSHIP('','',#1021,#10) 
REPRESENTATION_RELATIONSHIP_WITH_TRANSFORMATION(#1931) 
SHAPE_REPRESENTATION_RELATIONSHIP() );
#1931 = ITEM_DEFINED_TRANSFORMATION('','',#11,#19);
#1932 = PRODUCT_DEFINITION_SHAPE('Placement','Placement of an item',
  #1933);
#1933 = NEXT_ASSEMBLY_USAGE_OCCURRENCE('154','Stranica_D','',#5,#1016,$
  );
#1934 = PRODUCT_RELATED_PRODUCT_CATEGORY('part',$,(#1018));
#1935 = SHAPE_DEFINITION_REPRESENTATION(#1936,#1942);
#1936 = PRODUCT_DEFINITION_SHAPE('','',#1937);
#1937 = PRODUCT_DEFINITION('design','',#1938,#1941);
#1938 = PRODUCT_DEFINITION_FORMATION('','',#1939);
#1939 = PRODUCT('Nosilec_1_L','Nosilec_1_L','',(#1940));
#1940 = PRODUCT_CONTEXT('',#2,'mechanical');
#1941 = PRODUCT_DEFINITION_CONTEXT('part definition',#2,'design');
#1942 = ADVANCED_BREP_SHAPE_REPRESENTATION('',(#11,#1943),#2346);
#1943 = MANIFOLD_SOLID_BREP('',#1944);
#1944 = CLOSED_SHELL('',(#1945,#1996,#2027,#2085,#2143,#2160,#2185,#2205
    ,#2244,#2261,#2300,#2312,#2329));
#1945 = ADVANCED_FACE('',(#1946,#1980),#1991,.T.);
#1946 = FACE_BOUND('',#1947,.T.);
#1947 = EDGE_LOOP('',(#1948,#1958,#1966,#1974));
#1948 = ORIENTED_EDGE('',*,*,#1949,.T.);
#1949 = EDGE_CURVE('',#1950,#1952,#1954,.T.);
#1950 = VERTEX_POINT('',#1951);
#1951 = CARTESIAN_POINT('',(40.,48.,0.));
#1952 = VERTEX_POINT('',#1953);
#1953 = CARTESIAN_POINT('',(40.,48.,180.));
#1954 = LINE('',#1955,#1956);
#1955 = CARTESIAN_POINT('',(40.,48.,0.));
#1956 = VECTOR('',#1957,1.);
#1957 = DIRECTION('',(0.,0.,1.));
#1958 = ORIENTED_EDGE('',*,*,#1959,.T.);
#1959 = EDGE_CURVE('',#1952,#1960,#1962,.T.);
#1960 = VERTEX_POINT('',#1961);
#1961 = CARTESIAN_POINT('',(4.,48.,180.));
#1962 = LINE('',#1963,#1964);
#1963 = CARTESIAN_POINT('',(4.,48.,180.));
#1964 = VECTOR('',#1965,1.);
#1965 = DIRECTION('',(-1.,-0.,-0.));
#1966 = ORIENTED_EDGE('',*,*,#1967,.F.);
#1967 = EDGE_CURVE('',#1968,#1960,#1970,.T.);
#1968 = VERTEX_POINT('',#1969);
#1969 = CARTESIAN_POINT('',(4.,48.,0.));
#1970 = LINE('',#1971,#1972);
#1971 = CARTESIAN_POINT('',(4.,48.,0.));
#1972 = VECTOR('',#1973,1.);
#1973 = DIRECTION('',(0.,0.,1.));
#1974 = ORIENTED_EDGE('',*,*,#1975,.F.);
#1975 = EDGE_CURVE('',#1950,#1968,#1976,.T.);
#1976 = LINE('',#1977,#1978);
#1977 = CARTESIAN_POINT('',(4.,48.,0.));
#1978 = VECTOR('',#1979,1.);
#1979 = DIRECTION('',(-1.,-0.,-0.));
#1980 = FACE_BOUND('',#1981,.T.);
#1981 = EDGE_LOOP('',(#1982));
#1982 = ORIENTED_EDGE('',*,*,#1983,.T.);
#1983 = EDGE_CURVE('',#1984,#1984,#1986,.T.);
#1984 = VERTEX_POINT('',#1985);
#1985 = CARTESIAN_POINT('',(20.,48.,92.05));
#1986 = CIRCLE('',#1987,2.05);
#1987 = AXIS2_PLACEMENT_3D('',#1988,#1989,#1990);
#1988 = CARTESIAN_POINT('',(20.,48.,90.));
#1989 = DIRECTION('',(-0.,1.,0.));
#1990 = DIRECTION('',(0.,0.,1.));
#1991 = PLANE('',#1992);
#1992 = AXIS2_PLACEMENT_3D('',#1993,#1994,#1995);
#1993 = CARTESIAN_POINT('',(40.,48.,0.));
#1994 = DIRECTION('',(0.,-1.,0.));
#1995 = DIRECTION('',(-1.,-0.,0.));
#1996 = ADVANCED_FACE('',(#1997),#2022,.T.);
#1997 = FACE_BOUND('',#1998,.T.);
#1998 = EDGE_LOOP('',(#1999,#2009,#2015,#2016));
#1999 = ORIENTED_EDGE('',*,*,#2000,.T.);
#2000 = EDGE_CURVE('',#2001,#2003,#2005,.T.);
#2001 = VERTEX_POINT('',#2002);
#2002 = CARTESIAN_POINT('',(40.,50.,0.));
#2003 = VERTEX_POINT('',#2004);
#2004 = CARTESIAN_POINT('',(40.,50.,180.));
#2005 = LINE('',#2006,#2007);
#2006 = CARTESIAN_POINT('',(40.,50.,0.));
#2007 = VECTOR('',#2008,1.);
#2008 = DIRECTION('',(0.,0.,1.));
#2009 = ORIENTED_EDGE('',*,*,#2010,.T.);
#2010 = EDGE_CURVE('',#2003,#1952,#2011,.T.);
#2011 = LINE('',#2012,#2013);
#2012 = CARTESIAN_POINT('',(40.,50.,180.));
#2013 = VECTOR('',#2014,1.);
#2014 = DIRECTION('',(0.,-1.,0.));
#2015 = ORIENTED_EDGE('',*,*,#1949,.F.);
#2016 = ORIENTED_EDGE('',*,*,#2017,.F.);
#2017 = EDGE_CURVE('',#2001,#1950,#2018,.T.);
#2018 = LINE('',#2019,#2020);
#2019 = CARTESIAN_POINT('',(40.,50.,0.));
#2020 = VECTOR('',#2021,1.);
#2021 = DIRECTION('',(0.,-1.,0.));
#2022 = PLANE('',#2023);
#2023 = AXIS2_PLACEMENT_3D('',#2024,#2025,#2026);
#2024 = CARTESIAN_POINT('',(40.,50.,0.));
#2025 = DIRECTION('',(1.,0.,-0.));
#2026 = DIRECTION('',(0.,-1.,0.));
#2027 = ADVANCED_FACE('',(#2028),#2080,.T.);
#2028 = FACE_BOUND('',#2029,.T.);
#2029 = EDGE_LOOP('',(#2030,#2031,#2040,#2048,#2056,#2064,#2073,#2079));
#2030 = ORIENTED_EDGE('',*,*,#1975,.T.);
#2031 = ORIENTED_EDGE('',*,*,#2032,.T.);
#2032 = EDGE_CURVE('',#1968,#2033,#2035,.T.);
#2033 = VERTEX_POINT('',#2034);
#2034 = CARTESIAN_POINT('',(2.,46.,0.));
#2035 = CIRCLE('',#2036,2.);
#2036 = AXIS2_PLACEMENT_3D('',#2037,#2038,#2039);
#2037 = CARTESIAN_POINT('',(4.,46.,0.));
#2038 = DIRECTION('',(0.,-0.,1.));
#2039 = DIRECTION('',(-1.,3.5527136788E-15,0.));
#2040 = ORIENTED_EDGE('',*,*,#2041,.T.);
#2041 = EDGE_CURVE('',#2033,#2042,#2044,.T.);
#2042 = VERTEX_POINT('',#2043);
#2043 = CARTESIAN_POINT('',(2.,10.,0.));
#2044 = LINE('',#2045,#2046);
#2045 = CARTESIAN_POINT('',(2.,10.,0.));
#2046 = VECTOR('',#2047,1.);
#2047 = DIRECTION('',(-0.,-1.,-0.));
#2048 = ORIENTED_EDGE('',*,*,#2049,.T.);
#2049 = EDGE_CURVE('',#2042,#2050,#2052,.T.);
#2050 = VERTEX_POINT('',#2051);
#2051 = CARTESIAN_POINT('',(0.,10.,0.));
#2052 = LINE('',#2053,#2054);
#2053 = CARTESIAN_POINT('',(0.,10.,0.));
#2054 = VECTOR('',#2055,1.);
#2055 = DIRECTION('',(-1.,-0.,-0.));
#2056 = ORIENTED_EDGE('',*,*,#2057,.T.);
#2057 = EDGE_CURVE('',#2050,#2058,#2060,.T.);
#2058 = VERTEX_POINT('',#2059);
#2059 = CARTESIAN_POINT('',(-8.881784197001E-16,46.,0.));
#2060 = LINE('',#2061,#2062);
#2061 = CARTESIAN_POINT('',(0.,10.,0.));
#2062 = VECTOR('',#2063,1.);
#2063 = DIRECTION('',(0.,1.,0.));
#2064 = ORIENTED_EDGE('',*,*,#2065,.T.);
#2065 = EDGE_CURVE('',#2058,#2066,#2068,.T.);
#2066 = VERTEX_POINT('',#2067);
#2067 = CARTESIAN_POINT('',(4.,50.,0.));
#2068 = CIRCLE('',#2069,4.);
#2069 = AXIS2_PLACEMENT_3D('',#2070,#2071,#2072);
#2070 = CARTESIAN_POINT('',(4.,46.,0.));
#2071 = DIRECTION('',(0.,0.,-1.));
#2072 = DIRECTION('',(-1.,0.,0.));
#2073 = ORIENTED_EDGE('',*,*,#2074,.T.);
#2074 = EDGE_CURVE('',#2066,#2001,#2075,.T.);
#2075 = LINE('',#2076,#2077);
#2076 = CARTESIAN_POINT('',(4.,50.,0.));
#2077 = VECTOR('',#2078,1.);
#2078 = DIRECTION('',(1.,0.,0.));
#2079 = ORIENTED_EDGE('',*,*,#2017,.T.);
#2080 = PLANE('',#2081);
#2081 = AXIS2_PLACEMENT_3D('',#2082,#2083,#2084);
#2082 = CARTESIAN_POINT('',(11.161832513452,38.838167486548,0.));
#2083 = DIRECTION('',(-0.,-0.,-1.));
#2084 = DIRECTION('',(-1.,0.,0.));
#2085 = ADVANCED_FACE('',(#2086),#2138,.F.);
#2086 = FACE_BOUND('',#2087,.F.);
#2087 = EDGE_LOOP('',(#2088,#2089,#2098,#2106,#2114,#2122,#2131,#2137));
#2088 = ORIENTED_EDGE('',*,*,#1959,.T.);
#2089 = ORIENTED_EDGE('',*,*,#2090,.T.);
#2090 = EDGE_CURVE('',#1960,#2091,#2093,.T.);
#2091 = VERTEX_POINT('',#2092);
#2092 = CARTESIAN_POINT('',(2.,46.,180.));
#2093 = CIRCLE('',#2094,2.);
#2094 = AXIS2_PLACEMENT_3D('',#2095,#2096,#2097);
#2095 = CARTESIAN_POINT('',(4.,46.,180.));
#2096 = DIRECTION('',(0.,-0.,1.));
#2097 = DIRECTION('',(-1.,3.5527136788E-15,0.));
#2098 = ORIENTED_EDGE('',*,*,#2099,.T.);
#2099 = EDGE_CURVE('',#2091,#2100,#2102,.T.);
#2100 = VERTEX_POINT('',#2101);
#2101 = CARTESIAN_POINT('',(2.,10.,180.));
#2102 = LINE('',#2103,#2104);
#2103 = CARTESIAN_POINT('',(2.,10.,180.));
#2104 = VECTOR('',#2105,1.);
#2105 = DIRECTION('',(-0.,-1.,-0.));
#2106 = ORIENTED_EDGE('',*,*,#2107,.T.);
#2107 = EDGE_CURVE('',#2100,#2108,#2110,.T.);
#2108 = VERTEX_POINT('',#2109);
#2109 = CARTESIAN_POINT('',(0.,10.,180.));
#2110 = LINE('',#2111,#2112);
#2111 = CARTESIAN_POINT('',(0.,10.,180.));
#2112 = VECTOR('',#2113,1.);
#2113 = DIRECTION('',(-1.,-0.,-0.));
#2114 = ORIENTED_EDGE('',*,*,#2115,.T.);
#2115 = EDGE_CURVE('',#2108,#2116,#2118,.T.);
#2116 = VERTEX_POINT('',#2117);
#2117 = CARTESIAN_POINT('',(-8.881784197001E-16,46.,180.));
#2118 = LINE('',#2119,#2120);
#2119 = CARTESIAN_POINT('',(0.,10.,180.));
#2120 = VECTOR('',#2121,1.);
#2121 = DIRECTION('',(0.,1.,0.));
#2122 = ORIENTED_EDGE('',*,*,#2123,.T.);
#2123 = EDGE_CURVE('',#2116,#2124,#2126,.T.);
#2124 = VERTEX_POINT('',#2125);
#2125 = CARTESIAN_POINT('',(4.,50.,180.));
#2126 = CIRCLE('',#2127,4.);
#2127 = AXIS2_PLACEMENT_3D('',#2128,#2129,#2130);
#2128 = CARTESIAN_POINT('',(4.,46.,180.));
#2129 = DIRECTION('',(0.,0.,-1.));
#2130 = DIRECTION('',(-1.,0.,0.));
#2131 = ORIENTED_EDGE('',*,*,#2132,.T.);
#2132 = EDGE_CURVE('',#2124,#2003,#2133,.T.);
#2133 = LINE('',#2134,#2135);
#2134 = CARTESIAN_POINT('',(4.,50.,180.));
#2135 = VECTOR('',#2136,1.);
#2136 = DIRECTION('',(1.,0.,0.));
#2137 = ORIENTED_EDGE('',*,*,#2010,.T.);
#2138 = PLANE('',#2139);
#2139 = AXIS2_PLACEMENT_3D('',#2140,#2141,#2142);
#2140 = CARTESIAN_POINT('',(11.161832513452,38.838167486548,180.));
#2141 = DIRECTION('',(-0.,-0.,-1.));
#2142 = DIRECTION('',(-1.,0.,0.));
#2143 = ADVANCED_FACE('',(#2144),#2155,.F.);
#2144 = FACE_BOUND('',#2145,.T.);
#2145 = EDGE_LOOP('',(#2146,#2147,#2148,#2154));
#2146 = ORIENTED_EDGE('',*,*,#1967,.T.);
#2147 = ORIENTED_EDGE('',*,*,#2090,.T.);
#2148 = ORIENTED_EDGE('',*,*,#2149,.F.);
#2149 = EDGE_CURVE('',#2033,#2091,#2150,.T.);
#2150 = LINE('',#2151,#2152);
#2151 = CARTESIAN_POINT('',(2.,46.,0.));
#2152 = VECTOR('',#2153,1.);
#2153 = DIRECTION('',(0.,0.,1.));
#2154 = ORIENTED_EDGE('',*,*,#2032,.F.);
#2155 = CYLINDRICAL_SURFACE('',#2156,2.);
#2156 = AXIS2_PLACEMENT_3D('',#2157,#2158,#2159);
#2157 = CARTESIAN_POINT('',(4.,46.,0.));
#2158 = DIRECTION('',(-0.,0.,-1.));
#2159 = DIRECTION('',(-1.,3.5527136788E-15,0.));
#2160 = ADVANCED_FACE('',(#2161),#2180,.F.);
#2161 = FACE_BOUND('',#2162,.F.);
#2162 = EDGE_LOOP('',(#2163,#2172,#2178,#2179));
#2163 = ORIENTED_EDGE('',*,*,#2164,.F.);
#2164 = EDGE_CURVE('',#2165,#2165,#2167,.T.);
#2165 = VERTEX_POINT('',#2166);
#2166 = CARTESIAN_POINT('',(20.,50.,92.05));
#2167 = CIRCLE('',#2168,2.05);
#2168 = AXIS2_PLACEMENT_3D('',#2169,#2170,#2171);
#2169 = CARTESIAN_POINT('',(20.,50.,90.));
#2170 = DIRECTION('',(-0.,1.,0.));
#2171 = DIRECTION('',(0.,0.,1.));
#2172 = ORIENTED_EDGE('',*,*,#2173,.F.);
#2173 = EDGE_CURVE('',#1984,#2165,#2174,.T.);
#2174 = LINE('',#2175,#2176);
#2175 = CARTESIAN_POINT('',(20.,45.,92.05));
#2176 = VECTOR('',#2177,1.);
#2177 = DIRECTION('',(0.,1.,0.));
#2178 = ORIENTED_EDGE('',*,*,#1983,.T.);
#2179 = ORIENTED_EDGE('',*,*,#2173,.T.);
#2180 = CYLINDRICAL_SURFACE('',#2181,2.05);
#2181 = AXIS2_PLACEMENT_3D('',#2182,#2183,#2184);
#2182 = CARTESIAN_POINT('',(20.,45.,90.));
#2183 = DIRECTION('',(-0.,1.,0.));
#2184 = DIRECTION('',(0.,0.,1.));
#2185 = ADVANCED_FACE('',(#2186,#2197),#2200,.T.);
#2186 = FACE_BOUND('',#2187,.T.);
#2187 = EDGE_LOOP('',(#2188,#2194,#2195,#2196));
#2188 = ORIENTED_EDGE('',*,*,#2189,.T.);
#2189 = EDGE_CURVE('',#2066,#2124,#2190,.T.);
#2190 = LINE('',#2191,#2192);
#2191 = CARTESIAN_POINT('',(4.,50.,0.));
#2192 = VECTOR('',#2193,1.);
#2193 = DIRECTION('',(0.,0.,1.));
#2194 = ORIENTED_EDGE('',*,*,#2132,.T.);
#2195 = ORIENTED_EDGE('',*,*,#2000,.F.);
#2196 = ORIENTED_EDGE('',*,*,#2074,.F.);
#2197 = FACE_BOUND('',#2198,.T.);
#2198 = EDGE_LOOP('',(#2199));
#2199 = ORIENTED_EDGE('',*,*,#2164,.F.);
#2200 = PLANE('',#2201);
#2201 = AXIS2_PLACEMENT_3D('',#2202,#2203,#2204);
#2202 = CARTESIAN_POINT('',(4.,50.,0.));
#2203 = DIRECTION('',(0.,1.,0.));
#2204 = DIRECTION('',(1.,0.,0.));
#2205 = ADVANCED_FACE('',(#2206,#2217,#2228),#2239,.T.);
#2206 = FACE_BOUND('',#2207,.T.);
#2207 = EDGE_LOOP('',(#2208,#2209,#2210,#2216));
#2208 = ORIENTED_EDGE('',*,*,#2149,.T.);
#2209 = ORIENTED_EDGE('',*,*,#2099,.T.);
#2210 = ORIENTED_EDGE('',*,*,#2211,.F.);
#2211 = EDGE_CURVE('',#2042,#2100,#2212,.T.);
#2212 = LINE('',#2213,#2214);
#2213 = CARTESIAN_POINT('',(2.,10.,0.));
#2214 = VECTOR('',#2215,1.);
#2215 = DIRECTION('',(0.,0.,1.));
#2216 = ORIENTED_EDGE('',*,*,#2041,.F.);
#2217 = FACE_BOUND('',#2218,.T.);
#2218 = EDGE_LOOP('',(#2219));
#2219 = ORIENTED_EDGE('',*,*,#2220,.T.);
#2220 = EDGE_CURVE('',#2221,#2221,#2223,.T.);
#2221 = VERTEX_POINT('',#2222);
#2222 = CARTESIAN_POINT('',(2.,30.,147.95));
#2223 = CIRCLE('',#2224,2.05);
#2224 = AXIS2_PLACEMENT_3D('',#2225,#2226,#2227);
#2225 = CARTESIAN_POINT('',(2.,30.,150.));
#2226 = DIRECTION('',(-1.,0.,0.));
#2227 = DIRECTION('',(0.,0.,-1.));
#2228 = FACE_BOUND('',#2229,.T.);
#2229 = EDGE_LOOP('',(#2230));
#2230 = ORIENTED_EDGE('',*,*,#2231,.T.);
#2231 = EDGE_CURVE('',#2232,#2232,#2234,.T.);
#2232 = VERTEX_POINT('',#2233);
#2233 = CARTESIAN_POINT('',(2.,30.,27.95));
#2234 = CIRCLE('',#2235,2.05);
#2235 = AXIS2_PLACEMENT_3D('',#2236,#2237,#2238);
#2236 = CARTESIAN_POINT('',(2.,30.,30.));
#2237 = DIRECTION('',(-1.,0.,0.));
#2238 = DIRECTION('',(0.,0.,-1.));
#2239 = PLANE('',#2240);
#2240 = AXIS2_PLACEMENT_3D('',#2241,#2242,#2243);
#2241 = CARTESIAN_POINT('',(2.,46.,0.));
#2242 = DIRECTION('',(1.,0.,0.));
#2243 = DIRECTION('',(0.,-1.,0.));
#2244 = ADVANCED_FACE('',(#2245),#2256,.T.);
#2245 = FACE_BOUND('',#2246,.T.);
#2246 = EDGE_LOOP('',(#2247,#2248,#2249,#2255));
#2247 = ORIENTED_EDGE('',*,*,#2211,.T.);
#2248 = ORIENTED_EDGE('',*,*,#2107,.T.);
#2249 = ORIENTED_EDGE('',*,*,#2250,.F.);
#2250 = EDGE_CURVE('',#2050,#2108,#2251,.T.);
#2251 = LINE('',#2252,#2253);
#2252 = CARTESIAN_POINT('',(0.,10.,0.));
#2253 = VECTOR('',#2254,1.);
#2254 = DIRECTION('',(0.,0.,1.));
#2255 = ORIENTED_EDGE('',*,*,#2049,.F.);
#2256 = PLANE('',#2257);
#2257 = AXIS2_PLACEMENT_3D('',#2258,#2259,#2260);
#2258 = CARTESIAN_POINT('',(2.,10.,0.));
#2259 = DIRECTION('',(0.,-1.,0.));
#2260 = DIRECTION('',(-1.,-0.,0.));
#2261 = ADVANCED_FACE('',(#2262,#2273,#2284),#2295,.T.);
#2262 = FACE_BOUND('',#2263,.T.);
#2263 = EDGE_LOOP('',(#2264,#2265,#2266,#2272));
#2264 = ORIENTED_EDGE('',*,*,#2250,.T.);
#2265 = ORIENTED_EDGE('',*,*,#2115,.T.);
#2266 = ORIENTED_EDGE('',*,*,#2267,.F.);
#2267 = EDGE_CURVE('',#2058,#2116,#2268,.T.);
#2268 = LINE('',#2269,#2270);
#2269 = CARTESIAN_POINT('',(-8.881784197001E-16,46.,0.));
#2270 = VECTOR('',#2271,1.);
#2271 = DIRECTION('',(0.,0.,1.));
#2272 = ORIENTED_EDGE('',*,*,#2057,.F.);
#2273 = FACE_BOUND('',#2274,.T.);
#2274 = EDGE_LOOP('',(#2275));
#2275 = ORIENTED_EDGE('',*,*,#2276,.F.);
#2276 = EDGE_CURVE('',#2277,#2277,#2279,.T.);
#2277 = VERTEX_POINT('',#2278);
#2278 = CARTESIAN_POINT('',(0.,30.,147.95));
#2279 = CIRCLE('',#2280,2.05);
#2280 = AXIS2_PLACEMENT_3D('',#2281,#2282,#2283);
#2281 = CARTESIAN_POINT('',(0.,30.,150.));
#2282 = DIRECTION('',(-1.,0.,0.));
#2283 = DIRECTION('',(0.,0.,-1.));
#2284 = FACE_BOUND('',#2285,.T.);
#2285 = EDGE_LOOP('',(#2286));
#2286 = ORIENTED_EDGE('',*,*,#2287,.F.);
#2287 = EDGE_CURVE('',#2288,#2288,#2290,.T.);
#2288 = VERTEX_POINT('',#2289);
#2289 = CARTESIAN_POINT('',(0.,30.,27.95));
#2290 = CIRCLE('',#2291,2.05);
#2291 = AXIS2_PLACEMENT_3D('',#2292,#2293,#2294);
#2292 = CARTESIAN_POINT('',(0.,30.,30.));
#2293 = DIRECTION('',(-1.,0.,0.));
#2294 = DIRECTION('',(0.,0.,-1.));
#2295 = PLANE('',#2296);
#2296 = AXIS2_PLACEMENT_3D('',#2297,#2298,#2299);
#2297 = CARTESIAN_POINT('',(0.,10.,0.));
#2298 = DIRECTION('',(-1.,0.,0.));
#2299 = DIRECTION('',(0.,1.,0.));
#2300 = ADVANCED_FACE('',(#2301),#2307,.T.);
#2301 = FACE_BOUND('',#2302,.T.);
#2302 = EDGE_LOOP('',(#2303,#2304,#2305,#2306));
#2303 = ORIENTED_EDGE('',*,*,#2267,.T.);
#2304 = ORIENTED_EDGE('',*,*,#2123,.T.);
#2305 = ORIENTED_EDGE('',*,*,#2189,.F.);
#2306 = ORIENTED_EDGE('',*,*,#2065,.F.);
#2307 = CYLINDRICAL_SURFACE('',#2308,4.);
#2308 = AXIS2_PLACEMENT_3D('',#2309,#2310,#2311);
#2309 = CARTESIAN_POINT('',(4.,46.,0.));
#2310 = DIRECTION('',(0.,0.,-1.));
#2311 = DIRECTION('',(-1.,0.,0.));
#2312 = ADVANCED_FACE('',(#2313),#2324,.F.);
#2313 = FACE_BOUND('',#2314,.F.);
#2314 = EDGE_LOOP('',(#2315,#2316,#2322,#2323));
#2315 = ORIENTED_EDGE('',*,*,#2276,.F.);
#2316 = ORIENTED_EDGE('',*,*,#2317,.F.);
#2317 = EDGE_CURVE('',#2221,#2277,#2318,.T.);
#2318 = LINE('',#2319,#2320);
#2319 = CARTESIAN_POINT('',(5.,30.,147.95));
#2320 = VECTOR('',#2321,1.);
#2321 = DIRECTION('',(-1.,0.,0.));
#2322 = ORIENTED_EDGE('',*,*,#2220,.T.);
#2323 = ORIENTED_EDGE('',*,*,#2317,.T.);
#2324 = CYLINDRICAL_SURFACE('',#2325,2.05);
#2325 = AXIS2_PLACEMENT_3D('',#2326,#2327,#2328);
#2326 = CARTESIAN_POINT('',(5.,30.,150.));
#2327 = DIRECTION('',(-1.,0.,0.));
#2328 = DIRECTION('',(0.,0.,-1.));
#2329 = ADVANCED_FACE('',(#2330),#2341,.F.);
#2330 = FACE_BOUND('',#2331,.F.);
#2331 = EDGE_LOOP('',(#2332,#2333,#2339,#2340));
#2332 = ORIENTED_EDGE('',*,*,#2287,.F.);
#2333 = ORIENTED_EDGE('',*,*,#2334,.F.);
#2334 = EDGE_CURVE('',#2232,#2288,#2335,.T.);
#2335 = LINE('',#2336,#2337);
#2336 = CARTESIAN_POINT('',(5.,30.,27.95));
#2337 = VECTOR('',#2338,1.);
#2338 = DIRECTION('',(-1.,0.,0.));
#2339 = ORIENTED_EDGE('',*,*,#2231,.T.);
#2340 = ORIENTED_EDGE('',*,*,#2334,.T.);
#2341 = CYLINDRICAL_SURFACE('',#2342,2.05);
#2342 = AXIS2_PLACEMENT_3D('',#2343,#2344,#2345);
#2343 = CARTESIAN_POINT('',(5.,30.,30.));
#2344 = DIRECTION('',(-1.,0.,0.));
#2345 = DIRECTION('',(0.,0.,-1.));
#2346 = ( GEOMETRIC_REPRESENTATION_CONTEXT(3) 
GLOBAL_UNCERTAINTY_ASSIGNED_CONTEXT((#2350)) 
GLOBAL_UNIT_ASSIGNED_CONTEXT((#2347,#2348,#2349)) REPRESENTATION_CONTEXT
('Context #1','3D Context with UNIT and UNCERTAINTY') );
#2347 = ( LENGTH_UNIT() NAMED_UNIT(*) SI_UNIT(.MILLI.,.METRE.) );
#2348 = ( NAMED_UNIT(*) PLANE_ANGLE_UNIT() SI_UNIT($,.RADIAN.) );
#2349 = ( NAMED_UNIT(*) SI_UNIT($,.STERADIAN.) SOLID_ANGLE_UNIT() );
#2350 = UNCERTAINTY_MEASURE_WITH_UNIT(LENGTH_MEASURE(1.E-07),#2347,
  'distance_accuracy_value','confusion accuracy');
#2351 = CONTEXT_DEPENDENT_SHAPE_REPRESENTATION(#2352,#2354);
#2352 = ( REPRESENTATION_RELATIONSHIP('','',#1942,#10) 
REPRESENTATION_RELATIONSHIP_WITH_TRANSFORMATION(#2353) 
SHAPE_REPRESENTATION_RELATIONSHIP() );
#2353 = ITEM_DEFINED_TRANSFORMATION('','',#11,#23);
#2354 = PRODUCT_DEFINITION_SHAPE('Placement','Placement of an item',
  #2355);
#2355 = NEXT_ASSEMBLY_USAGE_OCCURRENCE('155','Nosilec_1_L','',#5,#1937,$
  );
#2356 = PRODUCT_RELATED_PRODUCT_CATEGORY('part',$,(#1939));
#2357 = SHAPE_DEFINITION_REPRESENTATION(#2358,#2364);
#2358 = PRODUCT_DEFINITION_SHAPE('','',#2359);
#2359 = PRODUCT_DEFINITION('design','',#2360,#2363);
#2360 = PRODUCT_DEFINITION_FORMATION('','',#2361);
#2361 = PRODUCT('Nosilec_1_D','Nosilec_1_D','',(#2362));
#2362 = PRODUCT_CONTEXT('',#2,'mechanical');
#2363 = PRODUCT_DEFINITION_CONTEXT('part definition',#2,'design');
#2364 = ADVANCED_BREP_SHAPE_REPRESENTATION('',(#11,#2365),#2768);
#2365 = MANIFOLD_SOLID_BREP('',#2366);
#2366 = CLOSED_SHELL('',(#2367,#2418,#2449,#2507,#2565,#2582,#2607,#2627
    ,#2666,#2683,#2722,#2734,#2751));
#2367 = ADVANCED_FACE('',(#2368,#2402),#2413,.T.);
#2368 = FACE_BOUND('',#2369,.F.);
#2369 = EDGE_LOOP('',(#2370,#2380,#2388,#2396));
#2370 = ORIENTED_EDGE('',*,*,#2371,.T.);
#2371 = EDGE_CURVE('',#2372,#2374,#2376,.T.);
#2372 = VERTEX_POINT('',#2373);
#2373 = CARTESIAN_POINT('',(1.66E+03,48.,0.));
#2374 = VERTEX_POINT('',#2375);
#2375 = CARTESIAN_POINT('',(1.66E+03,48.,180.));
#2376 = LINE('',#2377,#2378);
#2377 = CARTESIAN_POINT('',(1.66E+03,48.,0.));
#2378 = VECTOR('',#2379,1.);
#2379 = DIRECTION('',(-0.,-0.,1.));
#2380 = ORIENTED_EDGE('',*,*,#2381,.T.);
#2381 = EDGE_CURVE('',#2374,#2382,#2384,.T.);
#2382 = VERTEX_POINT('',#2383);
#2383 = CARTESIAN_POINT('',(1.696E+03,48.,180.));
#2384 = LINE('',#2385,#2386);
#2385 = CARTESIAN_POINT('',(1.696E+03,48.,180.));
#2386 = VECTOR('',#2387,1.);
#2387 = DIRECTION('',(1.,-0.,-0.));
#2388 = ORIENTED_EDGE('',*,*,#2389,.F.);
#2389 = EDGE_CURVE('',#2390,#2382,#2392,.T.);
#2390 = VERTEX_POINT('',#2391);
#2391 = CARTESIAN_POINT('',(1.696E+03,48.,0.));
#2392 = LINE('',#2393,#2394);
#2393 = CARTESIAN_POINT('',(1.696E+03,48.,0.));
#2394 = VECTOR('',#2395,1.);
#2395 = DIRECTION('',(-0.,-0.,1.));
#2396 = ORIENTED_EDGE('',*,*,#2397,.F.);
#2397 = EDGE_CURVE('',#2372,#2390,#2398,.T.);
#2398 = LINE('',#2399,#2400);
#2399 = CARTESIAN_POINT('',(1.696E+03,48.,0.));
#2400 = VECTOR('',#2401,1.);
#2401 = DIRECTION('',(1.,-0.,-0.));
#2402 = FACE_BOUND('',#2403,.F.);
#2403 = EDGE_LOOP('',(#2404));
#2404 = ORIENTED_EDGE('',*,*,#2405,.T.);
#2405 = EDGE_CURVE('',#2406,#2406,#2408,.T.);
#2406 = VERTEX_POINT('',#2407);
#2407 = CARTESIAN_POINT('',(1.68E+03,48.,92.05));
#2408 = CIRCLE('',#2409,2.05);
#2409 = AXIS2_PLACEMENT_3D('',#2410,#2411,#2412);
#2410 = CARTESIAN_POINT('',(1.68E+03,48.,90.));
#2411 = DIRECTION('',(0.,-1.,0.));
#2412 = DIRECTION('',(-0.,-0.,1.));
#2413 = PLANE('',#2414);
#2414 = AXIS2_PLACEMENT_3D('',#2415,#2416,#2417);
#2415 = CARTESIAN_POINT('',(1.66E+03,48.,0.));
#2416 = DIRECTION('',(-0.,-1.,-0.));
#2417 = DIRECTION('',(-1.,0.,-0.));
#2418 = ADVANCED_FACE('',(#2419),#2444,.T.);
#2419 = FACE_BOUND('',#2420,.F.);
#2420 = EDGE_LOOP('',(#2421,#2431,#2437,#2438));
#2421 = ORIENTED_EDGE('',*,*,#2422,.T.);
#2422 = EDGE_CURVE('',#2423,#2425,#2427,.T.);
#2423 = VERTEX_POINT('',#2424);
#2424 = CARTESIAN_POINT('',(1.66E+03,50.,0.));
#2425 = VERTEX_POINT('',#2426);
#2426 = CARTESIAN_POINT('',(1.66E+03,50.,180.));
#2427 = LINE('',#2428,#2429);
#2428 = CARTESIAN_POINT('',(1.66E+03,50.,0.));
#2429 = VECTOR('',#2430,1.);
#2430 = DIRECTION('',(-0.,-0.,1.));
#2431 = ORIENTED_EDGE('',*,*,#2432,.T.);
#2432 = EDGE_CURVE('',#2425,#2374,#2433,.T.);
#2433 = LINE('',#2434,#2435);
#2434 = CARTESIAN_POINT('',(1.66E+03,50.,180.));
#2435 = VECTOR('',#2436,1.);
#2436 = DIRECTION('',(-0.,-1.,-0.));
#2437 = ORIENTED_EDGE('',*,*,#2371,.F.);
#2438 = ORIENTED_EDGE('',*,*,#2439,.F.);
#2439 = EDGE_CURVE('',#2423,#2372,#2440,.T.);
#2440 = LINE('',#2441,#2442);
#2441 = CARTESIAN_POINT('',(1.66E+03,50.,0.));
#2442 = VECTOR('',#2443,1.);
#2443 = DIRECTION('',(-0.,-1.,-0.));
#2444 = PLANE('',#2445);
#2445 = AXIS2_PLACEMENT_3D('',#2446,#2447,#2448);
#2446 = CARTESIAN_POINT('',(1.66E+03,50.,0.));
#2447 = DIRECTION('',(-1.,-0.,-0.));
#2448 = DIRECTION('',(0.,1.,0.));
#2449 = ADVANCED_FACE('',(#2450),#2502,.T.);
#2450 = FACE_BOUND('',#2451,.F.);
#2451 = EDGE_LOOP('',(#2452,#2453,#2462,#2470,#2478,#2486,#2495,#2501));
#2452 = ORIENTED_EDGE('',*,*,#2397,.T.);
#2453 = ORIENTED_EDGE('',*,*,#2454,.T.);
#2454 = EDGE_CURVE('',#2390,#2455,#2457,.T.);
#2455 = VERTEX_POINT('',#2456);
#2456 = CARTESIAN_POINT('',(1.698E+03,46.,0.));
#2457 = CIRCLE('',#2458,2.);
#2458 = AXIS2_PLACEMENT_3D('',#2459,#2460,#2461);
#2459 = CARTESIAN_POINT('',(1.696E+03,46.,0.));
#2460 = DIRECTION('',(-0.,0.,-1.));
#2461 = DIRECTION('',(1.,3.5527136788E-15,-0.));
#2462 = ORIENTED_EDGE('',*,*,#2463,.T.);
#2463 = EDGE_CURVE('',#2455,#2464,#2466,.T.);
#2464 = VERTEX_POINT('',#2465);
#2465 = CARTESIAN_POINT('',(1.698E+03,10.,0.));
#2466 = LINE('',#2467,#2468);
#2467 = CARTESIAN_POINT('',(1.698E+03,10.,0.));
#2468 = VECTOR('',#2469,1.);
#2469 = DIRECTION('',(0.,-1.,-0.));
#2470 = ORIENTED_EDGE('',*,*,#2471,.T.);
#2471 = EDGE_CURVE('',#2464,#2472,#2474,.T.);
#2472 = VERTEX_POINT('',#2473);
#2473 = CARTESIAN_POINT('',(1.7E+03,10.,0.));
#2474 = LINE('',#2475,#2476);
#2475 = CARTESIAN_POINT('',(1.7E+03,10.,0.));
#2476 = VECTOR('',#2477,1.);
#2477 = DIRECTION('',(1.,-0.,-0.));
#2478 = ORIENTED_EDGE('',*,*,#2479,.T.);
#2479 = EDGE_CURVE('',#2472,#2480,#2482,.T.);
#2480 = VERTEX_POINT('',#2481);
#2481 = CARTESIAN_POINT('',(1.7E+03,46.,0.));
#2482 = LINE('',#2483,#2484);
#2483 = CARTESIAN_POINT('',(1.7E+03,10.,0.));
#2484 = VECTOR('',#2485,1.);
#2485 = DIRECTION('',(-0.,1.,-0.));
#2486 = ORIENTED_EDGE('',*,*,#2487,.T.);
#2487 = EDGE_CURVE('',#2480,#2488,#2490,.T.);
#2488 = VERTEX_POINT('',#2489);
#2489 = CARTESIAN_POINT('',(1.696E+03,50.,0.));
#2490 = CIRCLE('',#2491,4.);
#2491 = AXIS2_PLACEMENT_3D('',#2492,#2493,#2494);
#2492 = CARTESIAN_POINT('',(1.696E+03,46.,0.));
#2493 = DIRECTION('',(0.,0.,1.));
#2494 = DIRECTION('',(1.,-0.,-0.));
#2495 = ORIENTED_EDGE('',*,*,#2496,.T.);
#2496 = EDGE_CURVE('',#2488,#2423,#2497,.T.);
#2497 = LINE('',#2498,#2499);
#2498 = CARTESIAN_POINT('',(1.696E+03,50.,0.));
#2499 = VECTOR('',#2500,1.);
#2500 = DIRECTION('',(-1.,-0.,-0.));
#2501 = ORIENTED_EDGE('',*,*,#2439,.T.);
#2502 = PLANE('',#2503);
#2503 = AXIS2_PLACEMENT_3D('',#2504,#2505,#2506);
#2504 = CARTESIAN_POINT('',(1.688838167487E+03,38.838167486548,0.));
#2505 = DIRECTION('',(0.,-0.,-1.));
#2506 = DIRECTION('',(-1.,0.,0.));
#2507 = ADVANCED_FACE('',(#2508),#2560,.F.);
#2508 = FACE_BOUND('',#2509,.T.);
#2509 = EDGE_LOOP('',(#2510,#2511,#2520,#2528,#2536,#2544,#2553,#2559));
#2510 = ORIENTED_EDGE('',*,*,#2381,.T.);
#2511 = ORIENTED_EDGE('',*,*,#2512,.T.);
#2512 = EDGE_CURVE('',#2382,#2513,#2515,.T.);
#2513 = VERTEX_POINT('',#2514);
#2514 = CARTESIAN_POINT('',(1.698E+03,46.,180.));
#2515 = CIRCLE('',#2516,2.);
#2516 = AXIS2_PLACEMENT_3D('',#2517,#2518,#2519);
#2517 = CARTESIAN_POINT('',(1.696E+03,46.,180.));
#2518 = DIRECTION('',(-0.,0.,-1.));
#2519 = DIRECTION('',(1.,3.5527136788E-15,-0.));
#2520 = ORIENTED_EDGE('',*,*,#2521,.T.);
#2521 = EDGE_CURVE('',#2513,#2522,#2524,.T.);
#2522 = VERTEX_POINT('',#2523);
#2523 = CARTESIAN_POINT('',(1.698E+03,10.,180.));
#2524 = LINE('',#2525,#2526);
#2525 = CARTESIAN_POINT('',(1.698E+03,10.,180.));
#2526 = VECTOR('',#2527,1.);
#2527 = DIRECTION('',(0.,-1.,-0.));
#2528 = ORIENTED_EDGE('',*,*,#2529,.T.);
#2529 = EDGE_CURVE('',#2522,#2530,#2532,.T.);
#2530 = VERTEX_POINT('',#2531);
#2531 = CARTESIAN_POINT('',(1.7E+03,10.,180.));
#2532 = LINE('',#2533,#2534);
#2533 = CARTESIAN_POINT('',(1.7E+03,10.,180.));
#2534 = VECTOR('',#2535,1.);
#2535 = DIRECTION('',(1.,-0.,-0.));
#2536 = ORIENTED_EDGE('',*,*,#2537,.T.);
#2537 = EDGE_CURVE('',#2530,#2538,#2540,.T.);
#2538 = VERTEX_POINT('',#2539);
#2539 = CARTESIAN_POINT('',(1.7E+03,46.,180.));
#2540 = LINE('',#2541,#2542);
#2541 = CARTESIAN_POINT('',(1.7E+03,10.,180.));
#2542 = VECTOR('',#2543,1.);
#2543 = DIRECTION('',(-0.,1.,-0.));
#2544 = ORIENTED_EDGE('',*,*,#2545,.T.);
#2545 = EDGE_CURVE('',#2538,#2546,#2548,.T.);
#2546 = VERTEX_POINT('',#2547);
#2547 = CARTESIAN_POINT('',(1.696E+03,50.,180.));
#2548 = CIRCLE('',#2549,4.);
#2549 = AXIS2_PLACEMENT_3D('',#2550,#2551,#2552);
#2550 = CARTESIAN_POINT('',(1.696E+03,46.,180.));
#2551 = DIRECTION('',(0.,0.,1.));
#2552 = DIRECTION('',(1.,-0.,-0.));
#2553 = ORIENTED_EDGE('',*,*,#2554,.T.);
#2554 = EDGE_CURVE('',#2546,#2425,#2555,.T.);
#2555 = LINE('',#2556,#2557);
#2556 = CARTESIAN_POINT('',(1.696E+03,50.,180.));
#2557 = VECTOR('',#2558,1.);
#2558 = DIRECTION('',(-1.,-0.,-0.));
#2559 = ORIENTED_EDGE('',*,*,#2432,.T.);
#2560 = PLANE('',#2561);
#2561 = AXIS2_PLACEMENT_3D('',#2562,#2563,#2564);
#2562 = CARTESIAN_POINT('',(1.688838167487E+03,38.838167486548,180.));
#2563 = DIRECTION('',(0.,-0.,-1.));
#2564 = DIRECTION('',(-1.,0.,0.));
#2565 = ADVANCED_FACE('',(#2566),#2577,.F.);
#2566 = FACE_BOUND('',#2567,.F.);
#2567 = EDGE_LOOP('',(#2568,#2569,#2570,#2576));
#2568 = ORIENTED_EDGE('',*,*,#2389,.T.);
#2569 = ORIENTED_EDGE('',*,*,#2512,.T.);
#2570 = ORIENTED_EDGE('',*,*,#2571,.F.);
#2571 = EDGE_CURVE('',#2455,#2513,#2572,.T.);
#2572 = LINE('',#2573,#2574);
#2573 = CARTESIAN_POINT('',(1.698E+03,46.,0.));
#2574 = VECTOR('',#2575,1.);
#2575 = DIRECTION('',(-0.,-0.,1.));
#2576 = ORIENTED_EDGE('',*,*,#2454,.F.);
#2577 = CYLINDRICAL_SURFACE('',#2578,2.);
#2578 = AXIS2_PLACEMENT_3D('',#2579,#2580,#2581);
#2579 = CARTESIAN_POINT('',(1.696E+03,46.,0.));
#2580 = DIRECTION('',(-0.,0.,-1.));
#2581 = DIRECTION('',(1.,3.5527136788E-15,-0.));
#2582 = ADVANCED_FACE('',(#2583),#2602,.F.);
#2583 = FACE_BOUND('',#2584,.T.);
#2584 = EDGE_LOOP('',(#2585,#2594,#2600,#2601));
#2585 = ORIENTED_EDGE('',*,*,#2586,.F.);
#2586 = EDGE_CURVE('',#2587,#2587,#2589,.T.);
#2587 = VERTEX_POINT('',#2588);
#2588 = CARTESIAN_POINT('',(1.68E+03,50.,92.05));
#2589 = CIRCLE('',#2590,2.05);
#2590 = AXIS2_PLACEMENT_3D('',#2591,#2592,#2593);
#2591 = CARTESIAN_POINT('',(1.68E+03,50.,90.));
#2592 = DIRECTION('',(0.,-1.,0.));
#2593 = DIRECTION('',(-0.,-0.,1.));
#2594 = ORIENTED_EDGE('',*,*,#2595,.F.);
#2595 = EDGE_CURVE('',#2406,#2587,#2596,.T.);
#2596 = LINE('',#2597,#2598);
#2597 = CARTESIAN_POINT('',(1.68E+03,45.,92.05));
#2598 = VECTOR('',#2599,1.);
#2599 = DIRECTION('',(-0.,1.,-0.));
#2600 = ORIENTED_EDGE('',*,*,#2405,.T.);
#2601 = ORIENTED_EDGE('',*,*,#2595,.T.);
#2602 = CYLINDRICAL_SURFACE('',#2603,2.05);
#2603 = AXIS2_PLACEMENT_3D('',#2604,#2605,#2606);
#2604 = CARTESIAN_POINT('',(1.68E+03,45.,90.));
#2605 = DIRECTION('',(-0.,1.,-0.));
#2606 = DIRECTION('',(-0.,-0.,1.));
#2607 = ADVANCED_FACE('',(#2608,#2619),#2622,.T.);
#2608 = FACE_BOUND('',#2609,.F.);
#2609 = EDGE_LOOP('',(#2610,#2616,#2617,#2618));
#2610 = ORIENTED_EDGE('',*,*,#2611,.T.);
#2611 = EDGE_CURVE('',#2488,#2546,#2612,.T.);
#2612 = LINE('',#2613,#2614);
#2613 = CARTESIAN_POINT('',(1.696E+03,50.,0.));
#2614 = VECTOR('',#2615,1.);
#2615 = DIRECTION('',(-0.,-0.,1.));
#2616 = ORIENTED_EDGE('',*,*,#2554,.T.);
#2617 = ORIENTED_EDGE('',*,*,#2422,.F.);
#2618 = ORIENTED_EDGE('',*,*,#2496,.F.);
#2619 = FACE_BOUND('',#2620,.F.);
#2620 = EDGE_LOOP('',(#2621));
#2621 = ORIENTED_EDGE('',*,*,#2586,.F.);
#2622 = PLANE('',#2623);
#2623 = AXIS2_PLACEMENT_3D('',#2624,#2625,#2626);
#2624 = CARTESIAN_POINT('',(1.696E+03,50.,0.));
#2625 = DIRECTION('',(-0.,1.,-0.));
#2626 = DIRECTION('',(1.,0.,0.));
#2627 = ADVANCED_FACE('',(#2628,#2639,#2650),#2661,.T.);
#2628 = FACE_BOUND('',#2629,.F.);
#2629 = EDGE_LOOP('',(#2630,#2631,#2632,#2638));
#2630 = ORIENTED_EDGE('',*,*,#2571,.T.);
#2631 = ORIENTED_EDGE('',*,*,#2521,.T.);
#2632 = ORIENTED_EDGE('',*,*,#2633,.F.);
#2633 = EDGE_CURVE('',#2464,#2522,#2634,.T.);
#2634 = LINE('',#2635,#2636);
#2635 = CARTESIAN_POINT('',(1.698E+03,10.,0.));
#2636 = VECTOR('',#2637,1.);
#2637 = DIRECTION('',(-0.,-0.,1.));
#2638 = ORIENTED_EDGE('',*,*,#2463,.F.);
#2639 = FACE_BOUND('',#2640,.F.);
#2640 = EDGE_LOOP('',(#2641));
#2641 = ORIENTED_EDGE('',*,*,#2642,.T.);
#2642 = EDGE_CURVE('',#2643,#2643,#2645,.T.);
#2643 = VERTEX_POINT('',#2644);
#2644 = CARTESIAN_POINT('',(1.698E+03,30.,147.95));
#2645 = CIRCLE('',#2646,2.05);
#2646 = AXIS2_PLACEMENT_3D('',#2647,#2648,#2649);
#2647 = CARTESIAN_POINT('',(1.698E+03,30.,150.));
#2648 = DIRECTION('',(-1.,-0.,0.));
#2649 = DIRECTION('',(-0.,-0.,-1.));
#2650 = FACE_BOUND('',#2651,.F.);
#2651 = EDGE_LOOP('',(#2652));
#2652 = ORIENTED_EDGE('',*,*,#2653,.T.);
#2653 = EDGE_CURVE('',#2654,#2654,#2656,.T.);
#2654 = VERTEX_POINT('',#2655);
#2655 = CARTESIAN_POINT('',(1.698E+03,30.,27.95));
#2656 = CIRCLE('',#2657,2.05);
#2657 = AXIS2_PLACEMENT_3D('',#2658,#2659,#2660);
#2658 = CARTESIAN_POINT('',(1.698E+03,30.,30.));
#2659 = DIRECTION('',(-1.,-0.,0.));
#2660 = DIRECTION('',(-0.,-0.,-1.));
#2661 = PLANE('',#2662);
#2662 = AXIS2_PLACEMENT_3D('',#2663,#2664,#2665);
#2663 = CARTESIAN_POINT('',(1.698E+03,46.,0.));
#2664 = DIRECTION('',(-1.,-0.,-0.));
#2665 = DIRECTION('',(0.,1.,0.));
#2666 = ADVANCED_FACE('',(#2667),#2678,.T.);
#2667 = FACE_BOUND('',#2668,.F.);
#2668 = EDGE_LOOP('',(#2669,#2670,#2671,#2677));
#2669 = ORIENTED_EDGE('',*,*,#2633,.T.);
#2670 = ORIENTED_EDGE('',*,*,#2529,.T.);
#2671 = ORIENTED_EDGE('',*,*,#2672,.F.);
#2672 = EDGE_CURVE('',#2472,#2530,#2673,.T.);
#2673 = LINE('',#2674,#2675);
#2674 = CARTESIAN_POINT('',(1.7E+03,10.,0.));
#2675 = VECTOR('',#2676,1.);
#2676 = DIRECTION('',(-0.,-0.,1.));
#2677 = ORIENTED_EDGE('',*,*,#2471,.F.);
#2678 = PLANE('',#2679);
#2679 = AXIS2_PLACEMENT_3D('',#2680,#2681,#2682);
#2680 = CARTESIAN_POINT('',(1.698E+03,10.,0.));
#2681 = DIRECTION('',(-0.,-1.,-0.));
#2682 = DIRECTION('',(-1.,0.,-0.));
#2683 = ADVANCED_FACE('',(#2684,#2695,#2706),#2717,.T.);
#2684 = FACE_BOUND('',#2685,.F.);
#2685 = EDGE_LOOP('',(#2686,#2687,#2688,#2694));
#2686 = ORIENTED_EDGE('',*,*,#2672,.T.);
#2687 = ORIENTED_EDGE('',*,*,#2537,.T.);
#2688 = ORIENTED_EDGE('',*,*,#2689,.F.);
#2689 = EDGE_CURVE('',#2480,#2538,#2690,.T.);
#2690 = LINE('',#2691,#2692);
#2691 = CARTESIAN_POINT('',(1.7E+03,46.,0.));
#2692 = VECTOR('',#2693,1.);
#2693 = DIRECTION('',(-0.,-0.,1.));
#2694 = ORIENTED_EDGE('',*,*,#2479,.F.);
#2695 = FACE_BOUND('',#2696,.F.);
#2696 = EDGE_LOOP('',(#2697));
#2697 = ORIENTED_EDGE('',*,*,#2698,.F.);
#2698 = EDGE_CURVE('',#2699,#2699,#2701,.T.);
#2699 = VERTEX_POINT('',#2700);
#2700 = CARTESIAN_POINT('',(1.7E+03,30.,147.95));
#2701 = CIRCLE('',#2702,2.05);
#2702 = AXIS2_PLACEMENT_3D('',#2703,#2704,#2705);
#2703 = CARTESIAN_POINT('',(1.7E+03,30.,150.));
#2704 = DIRECTION('',(-1.,-0.,0.));
#2705 = DIRECTION('',(-0.,-0.,-1.));
#2706 = FACE_BOUND('',#2707,.F.);
#2707 = EDGE_LOOP('',(#2708));
#2708 = ORIENTED_EDGE('',*,*,#2709,.F.);
#2709 = EDGE_CURVE('',#2710,#2710,#2712,.T.);
#2710 = VERTEX_POINT('',#2711);
#2711 = CARTESIAN_POINT('',(1.7E+03,30.,27.95));
#2712 = CIRCLE('',#2713,2.05);
#2713 = AXIS2_PLACEMENT_3D('',#2714,#2715,#2716);
#2714 = CARTESIAN_POINT('',(1.7E+03,30.,30.));
#2715 = DIRECTION('',(-1.,-0.,0.));
#2716 = DIRECTION('',(-0.,-0.,-1.));
#2717 = PLANE('',#2718);
#2718 = AXIS2_PLACEMENT_3D('',#2719,#2720,#2721);
#2719 = CARTESIAN_POINT('',(1.7E+03,10.,0.));
#2720 = DIRECTION('',(1.,-0.,-0.));
#2721 = DIRECTION('',(0.,-1.,0.));
#2722 = ADVANCED_FACE('',(#2723),#2729,.T.);
#2723 = FACE_BOUND('',#2724,.F.);
#2724 = EDGE_LOOP('',(#2725,#2726,#2727,#2728));
#2725 = ORIENTED_EDGE('',*,*,#2689,.T.);
#2726 = ORIENTED_EDGE('',*,*,#2545,.T.);
#2727 = ORIENTED_EDGE('',*,*,#2611,.F.);
#2728 = ORIENTED_EDGE('',*,*,#2487,.F.);
#2729 = CYLINDRICAL_SURFACE('',#2730,4.);
#2730 = AXIS2_PLACEMENT_3D('',#2731,#2732,#2733);
#2731 = CARTESIAN_POINT('',(1.696E+03,46.,0.));
#2732 = DIRECTION('',(-0.,-0.,-1.));
#2733 = DIRECTION('',(1.,-0.,-0.));
#2734 = ADVANCED_FACE('',(#2735),#2746,.F.);
#2735 = FACE_BOUND('',#2736,.T.);
#2736 = EDGE_LOOP('',(#2737,#2738,#2744,#2745));
#2737 = ORIENTED_EDGE('',*,*,#2698,.F.);
#2738 = ORIENTED_EDGE('',*,*,#2739,.F.);
#2739 = EDGE_CURVE('',#2643,#2699,#2740,.T.);
#2740 = LINE('',#2741,#2742);
#2741 = CARTESIAN_POINT('',(1.695E+03,30.,147.95));
#2742 = VECTOR('',#2743,1.);
#2743 = DIRECTION('',(1.,-0.,-0.));
#2744 = ORIENTED_EDGE('',*,*,#2642,.T.);
#2745 = ORIENTED_EDGE('',*,*,#2739,.T.);
#2746 = CYLINDRICAL_SURFACE('',#2747,2.05);
#2747 = AXIS2_PLACEMENT_3D('',#2748,#2749,#2750);
#2748 = CARTESIAN_POINT('',(1.695E+03,30.,150.));
#2749 = DIRECTION('',(1.,-0.,-0.));
#2750 = DIRECTION('',(-0.,-0.,-1.));
#2751 = ADVANCED_FACE('',(#2752),#2763,.F.);
#2752 = FACE_BOUND('',#2753,.T.);
#2753 = EDGE_LOOP('',(#2754,#2755,#2761,#2762));
#2754 = ORIENTED_EDGE('',*,*,#2709,.F.);
#2755 = ORIENTED_EDGE('',*,*,#2756,.F.);
#2756 = EDGE_CURVE('',#2654,#2710,#2757,.T.);
#2757 = LINE('',#2758,#2759);
#2758 = CARTESIAN_POINT('',(1.695E+03,30.,27.95));
#2759 = VECTOR('',#2760,1.);
#2760 = DIRECTION('',(1.,-0.,-0.));
#2761 = ORIENTED_EDGE('',*,*,#2653,.T.);
#2762 = ORIENTED_EDGE('',*,*,#2756,.T.);
#2763 = CYLINDRICAL_SURFACE('',#2764,2.05);
#2764 = AXIS2_PLACEMENT_3D('',#2765,#2766,#2767);
#2765 = CARTESIAN_POINT('',(1.695E+03,30.,30.));
#2766 = DIRECTION('',(1.,-0.,-0.));
#2767 = DIRECTION('',(-0.,-0.,-1.));
#2768 = ( GEOMETRIC_REPRESENTATION_CONTEXT(3) 
GLOBAL_UNCERTAINTY_ASSIGNED_CONTEXT((#2772)) 
GLOBAL_UNIT_ASSIGNED_CONTEXT((#2769,#2770,#2771)) REPRESENTATION_CONTEXT
('Context #1','3D Context with UNIT and UNCERTAINTY') );
#2769 = ( LENGTH_UNIT() NAMED_UNIT(*) SI_UNIT(.MILLI.,.METRE.) );
#2770 = ( NAMED_UNIT(*) PLANE_ANGLE_UNIT() SI_UNIT($,.RADIAN.) );
#2771 = ( NAMED_UNIT(*) SI_UNIT($,.STERADIAN.) SOLID_ANGLE_UNIT() );
#2772 = UNCERTAINTY_MEASURE_WITH_UNIT(LENGTH_MEASURE(1.E-07),#2769,
  'distance_accuracy_value','confusion accuracy');
#2773 = CONTEXT_DEPENDENT_SHAPE_REPRESENTATION(#2774,#2776);
#2774 = ( REPRESENTATION_RELATIONSHIP('','',#2364,#10) 
REPRESENTATION_RELATIONSHIP_WITH_TRANSFORMATION(#2775) 
SHAPE_REPRESENTATION_RELATIONSHIP() );
#2775 = ITEM_DEFINED_TRANSFORMATION('','',#11,#27);
#2776 = PRODUCT_DEFINITION_SHAPE('Placement','Placement of an item',
  #2777);
#2777 = NEXT_ASSEMBLY_USAGE_OCCURRENCE('156','Nosilec_1_D','',#5,#2359,$
  );
#2778 = PRODUCT_RELATED_PRODUCT_CATEGORY('part',$,(#2361));
#2779 = SHAPE_DEFINITION_REPRESENTATION(#2780,#2786);
#2780 = PRODUCT_DEFINITION_SHAPE('','',#2781);
#2781 = PRODUCT_DEFINITION('design','',#2782,#2785);
#2782 = PRODUCT_DEFINITION_FORMATION('','',#2783);
#2783 = PRODUCT('Polica_1','Polica_1','',(#2784));
#2784 = PRODUCT_CONTEXT('',#2,'mechanical');
#2785 = PRODUCT_DEFINITION_CONTEXT('part definition',#2,'design');
#2786 = ADVANCED_BREP_SHAPE_REPRESENTATION('',(#11,#2787),#3831);
#2787 = MANIFOLD_SOLID_BREP('',#2788);
#2788 = CLOSED_SHELL('',(#2789,#2829,#2860,#2893,#3113,#3333,#3350,#3367
    ,#3384,#3401,#3418,#3457,#3474,#3491,#3508,#3525,#3542,#3559,#3576,
    #3593,#3610,#3627,#3644,#3661,#3678,#3717,#3734,#3751,#3768,#3785,
    #3797,#3814));
#2789 = ADVANCED_FACE('',(#2790),#2824,.T.);
#2790 = FACE_BOUND('',#2791,.T.);
#2791 = EDGE_LOOP('',(#2792,#2802,#2810,#2818));
#2792 = ORIENTED_EDGE('',*,*,#2793,.T.);
#2793 = EDGE_CURVE('',#2794,#2796,#2798,.T.);
#2794 = VERTEX_POINT('',#2795);
#2795 = CARTESIAN_POINT('',(240.,100.75,0.));
#2796 = VERTEX_POINT('',#2797);
#2797 = CARTESIAN_POINT('',(240.,100.75,1.692E+03));
#2798 = LINE('',#2799,#2800);
#2799 = CARTESIAN_POINT('',(240.,100.75,0.));
#2800 = VECTOR('',#2801,1.);
#2801 = DIRECTION('',(0.,0.,1.));
#2802 = ORIENTED_EDGE('',*,*,#2803,.T.);
#2803 = EDGE_CURVE('',#2796,#2804,#2806,.T.);
#2804 = VERTEX_POINT('',#2805);
#2805 = CARTESIAN_POINT('',(251.25,100.75,1.692E+03));
#2806 = LINE('',#2807,#2808);
#2807 = CARTESIAN_POINT('',(251.25,100.75,1.692E+03));
#2808 = VECTOR('',#2809,1.);
#2809 = DIRECTION('',(1.,-0.,-0.));
#2810 = ORIENTED_EDGE('',*,*,#2811,.F.);
#2811 = EDGE_CURVE('',#2812,#2804,#2814,.T.);
#2812 = VERTEX_POINT('',#2813);
#2813 = CARTESIAN_POINT('',(251.25,100.75,0.));
#2814 = LINE('',#2815,#2816);
#2815 = CARTESIAN_POINT('',(251.25,100.75,0.));
#2816 = VECTOR('',#2817,1.);
#2817 = DIRECTION('',(0.,0.,1.));
#2818 = ORIENTED_EDGE('',*,*,#2819,.F.);
#2819 = EDGE_CURVE('',#2794,#2812,#2820,.T.);
#2820 = LINE('',#2821,#2822);
#2821 = CARTESIAN_POINT('',(251.25,100.75,0.));
#2822 = VECTOR('',#2823,1.);
#2823 = DIRECTION('',(1.,-0.,-0.));
#2824 = PLANE('',#2825);
#2825 = AXIS2_PLACEMENT_3D('',#2826,#2827,#2828);
#2826 = CARTESIAN_POINT('',(240.,100.75,0.));
#2827 = DIRECTION('',(0.,1.,-0.));
#2828 = DIRECTION('',(1.,-0.,0.));
#2829 = ADVANCED_FACE('',(#2830),#2855,.T.);
#2830 = FACE_BOUND('',#2831,.T.);
#2831 = EDGE_LOOP('',(#2832,#2842,#2848,#2849));
#2832 = ORIENTED_EDGE('',*,*,#2833,.T.);
#2833 = EDGE_CURVE('',#2834,#2836,#2838,.T.);
#2834 = VERTEX_POINT('',#2835);
#2835 = CARTESIAN_POINT('',(240.,99.25,0.));
#2836 = VERTEX_POINT('',#2837);
#2837 = CARTESIAN_POINT('',(240.,99.25,1.692E+03));
#2838 = LINE('',#2839,#2840);
#2839 = CARTESIAN_POINT('',(240.,99.25,0.));
#2840 = VECTOR('',#2841,1.);
#2841 = DIRECTION('',(0.,0.,1.));
#2842 = ORIENTED_EDGE('',*,*,#2843,.T.);
#2843 = EDGE_CURVE('',#2836,#2796,#2844,.T.);
#2844 = LINE('',#2845,#2846);
#2845 = CARTESIAN_POINT('',(240.,99.25,1.692E+03));
#2846 = VECTOR('',#2847,1.);
#2847 = DIRECTION('',(0.,1.,0.));
#2848 = ORIENTED_EDGE('',*,*,#2793,.F.);
#2849 = ORIENTED_EDGE('',*,*,#2850,.F.);
#2850 = EDGE_CURVE('',#2834,#2794,#2851,.T.);
#2851 = LINE('',#2852,#2853);
#2852 = CARTESIAN_POINT('',(240.,99.25,0.));
#2853 = VECTOR('',#2854,1.);
#2854 = DIRECTION('',(0.,1.,0.));
#2855 = PLANE('',#2856);
#2856 = AXIS2_PLACEMENT_3D('',#2857,#2858,#2859);
#2857 = CARTESIAN_POINT('',(240.,99.25,0.));
#2858 = DIRECTION('',(-1.,0.,0.));
#2859 = DIRECTION('',(0.,1.,0.));
#2860 = ADVANCED_FACE('',(#2861),#2888,.T.);
#2861 = FACE_BOUND('',#2862,.T.);
#2862 = EDGE_LOOP('',(#2863,#2864,#2873,#2881));
#2863 = ORIENTED_EDGE('',*,*,#2811,.T.);
#2864 = ORIENTED_EDGE('',*,*,#2865,.T.);
#2865 = EDGE_CURVE('',#2804,#2866,#2868,.T.);
#2866 = VERTEX_POINT('',#2867);
#2867 = CARTESIAN_POINT('',(254.75,97.25,1.692E+03));
#2868 = CIRCLE('',#2869,3.5);
#2869 = AXIS2_PLACEMENT_3D('',#2870,#2871,#2872);
#2870 = CARTESIAN_POINT('',(251.25,97.25,1.692E+03));
#2871 = DIRECTION('',(0.,-0.,-1.));
#2872 = DIRECTION('',(1.,0.,-0.));
#2873 = ORIENTED_EDGE('',*,*,#2874,.F.);
#2874 = EDGE_CURVE('',#2875,#2866,#2877,.T.);
#2875 = VERTEX_POINT('',#2876);
#2876 = CARTESIAN_POINT('',(254.75,97.25,0.));
#2877 = LINE('',#2878,#2879);
#2878 = CARTESIAN_POINT('',(254.75,97.25,0.));
#2879 = VECTOR('',#2880,1.);
#2880 = DIRECTION('',(0.,0.,1.));
#2881 = ORIENTED_EDGE('',*,*,#2882,.F.);
#2882 = EDGE_CURVE('',#2812,#2875,#2883,.T.);
#2883 = CIRCLE('',#2884,3.5);
#2884 = AXIS2_PLACEMENT_3D('',#2885,#2886,#2887);
#2885 = CARTESIAN_POINT('',(251.25,97.25,0.));
#2886 = DIRECTION('',(0.,-0.,-1.));
#2887 = DIRECTION('',(1.,0.,-0.));
#2888 = CYLINDRICAL_SURFACE('',#2889,3.5);
#2889 = AXIS2_PLACEMENT_3D('',#2890,#2891,#2892);
#2890 = CARTESIAN_POINT('',(251.25,97.25,0.));
#2891 = DIRECTION('',(0.,-0.,-1.));
#2892 = DIRECTION('',(1.,0.,-0.));
#2893 = ADVANCED_FACE('',(#2894),#3108,.T.);
#2894 = FACE_BOUND('',#2895,.T.);
#2895 = EDGE_LOOP('',(#2896,#2897,#2898,#2906,#2915,#2923,#2932,#2940,
    #2949,#2957,#2966,#2974,#2983,#2991,#2999,#3007,#3016,#3024,#3033,
    #3041,#3050,#3058,#3067,#3075,#3084,#3092,#3101,#3107));
#2896 = ORIENTED_EDGE('',*,*,#2819,.T.);
#2897 = ORIENTED_EDGE('',*,*,#2882,.T.);
#2898 = ORIENTED_EDGE('',*,*,#2899,.T.);
#2899 = EDGE_CURVE('',#2875,#2900,#2902,.T.);
#2900 = VERTEX_POINT('',#2901);
#2901 = CARTESIAN_POINT('',(254.75,56.613950890877,0.));
#2902 = LINE('',#2903,#2904);
#2903 = CARTESIAN_POINT('',(254.75,56.613950890877,0.));
#2904 = VECTOR('',#2905,1.);
#2905 = DIRECTION('',(-0.,-1.,-0.));
#2906 = ORIENTED_EDGE('',*,*,#2907,.T.);
#2907 = EDGE_CURVE('',#2900,#2908,#2910,.T.);
#2908 = VERTEX_POINT('',#2909);
#2909 = CARTESIAN_POINT('',(248.43438965607,46.348859371851,0.));
#2910 = CIRCLE('',#2911,11.5);
#2911 = AXIS2_PLACEMENT_3D('',#2912,#2913,#2914);
#2912 = CARTESIAN_POINT('',(243.25,56.613950890877,0.));
#2913 = DIRECTION('',(0.,-0.,-1.));
#2914 = DIRECTION('',(0.450816491833,-0.892616653828,0.));
#2915 = ORIENTED_EDGE('',*,*,#2916,.T.);
#2916 = EDGE_CURVE('',#2908,#2917,#2919,.T.);
#2917 = VERTEX_POINT('',#2918);
#2918 = CARTESIAN_POINT('',(164.00233765473,3.706408866121,0.));
#2919 = LINE('',#2920,#2921);
#2920 = CARTESIAN_POINT('',(164.00233765473,3.706408866121,0.));
#2921 = VECTOR('',#2922,1.);
#2922 = DIRECTION('',(-0.892616653828,-0.450816491833,-0.));
#2923 = ORIENTED_EDGE('',*,*,#2924,.T.);
#2924 = EDGE_CURVE('',#2917,#2925,#2927,.T.);
#2925 = VERTEX_POINT('',#2926);
#2926 = CARTESIAN_POINT('',(145.29345324368,-0.75,0.));
#2927 = CIRCLE('',#2928,41.5);
#2928 = AXIS2_PLACEMENT_3D('',#2929,#2930,#2931);
#2929 = CARTESIAN_POINT('',(145.29345324368,40.75,0.));
#2930 = DIRECTION('',(-0.,0.,-1.));
#2931 = DIRECTION('',(-1.369720936405E-15,-1.,0.));
#2932 = ORIENTED_EDGE('',*,*,#2933,.T.);
#2933 = EDGE_CURVE('',#2925,#2934,#2936,.T.);
#2934 = VERTEX_POINT('',#2935);
#2935 = CARTESIAN_POINT('',(114.70654675632,-0.75,0.));
#2936 = LINE('',#2937,#2938);
#2937 = CARTESIAN_POINT('',(114.70654675632,-0.75,0.));
#2938 = VECTOR('',#2939,1.);
#2939 = DIRECTION('',(-1.,-0.,-0.));
#2940 = ORIENTED_EDGE('',*,*,#2941,.T.);
#2941 = EDGE_CURVE('',#2934,#2942,#2944,.T.);
#2942 = VERTEX_POINT('',#2943);
#2943 = CARTESIAN_POINT('',(95.99766234527,3.706408866121,0.));
#2944 = CIRCLE('',#2945,41.5);
#2945 = AXIS2_PLACEMENT_3D('',#2946,#2947,#2948);
#2946 = CARTESIAN_POINT('',(114.70654675632,40.75,0.));
#2947 = DIRECTION('',(-0.,0.,-1.));
#2948 = DIRECTION('',(-0.450816491833,-0.892616653828,0.));
#2949 = ORIENTED_EDGE('',*,*,#2950,.T.);
#2950 = EDGE_CURVE('',#2942,#2951,#2953,.T.);
#2951 = VERTEX_POINT('',#2952);
#2952 = CARTESIAN_POINT('',(11.565610343926,46.348859371851,0.));
#2953 = LINE('',#2954,#2955);
#2954 = CARTESIAN_POINT('',(11.565610343926,46.348859371851,0.));
#2955 = VECTOR('',#2956,1.);
#2956 = DIRECTION('',(-0.892616653828,0.450816491833,-0.));
#2957 = ORIENTED_EDGE('',*,*,#2958,.T.);
#2958 = EDGE_CURVE('',#2951,#2959,#2961,.T.);
#2959 = VERTEX_POINT('',#2960);
#2960 = CARTESIAN_POINT('',(5.25,56.613950890877,0.));
#2961 = CIRCLE('',#2962,11.5);
#2962 = AXIS2_PLACEMENT_3D('',#2963,#2964,#2965);
#2963 = CARTESIAN_POINT('',(16.75,56.613950890877,0.));
#2964 = DIRECTION('',(-0.,0.,-1.));
#2965 = DIRECTION('',(-1.,0.,0.));
#2966 = ORIENTED_EDGE('',*,*,#2967,.T.);
#2967 = EDGE_CURVE('',#2959,#2968,#2970,.T.);
#2968 = VERTEX_POINT('',#2969);
#2969 = CARTESIAN_POINT('',(5.25,57.25,0.));
#2970 = LINE('',#2971,#2972);
#2971 = CARTESIAN_POINT('',(5.25,57.25,0.));
#2972 = VECTOR('',#2973,1.);
#2973 = DIRECTION('',(-0.,1.,-0.));
#2974 = ORIENTED_EDGE('',*,*,#2975,.T.);
#2975 = EDGE_CURVE('',#2968,#2976,#2978,.T.);
#2976 = VERTEX_POINT('',#2977);
#2977 = CARTESIAN_POINT('',(8.75,60.75,0.));
#2978 = CIRCLE('',#2979,3.5);
#2979 = AXIS2_PLACEMENT_3D('',#2980,#2981,#2982);
#2980 = CARTESIAN_POINT('',(8.75,57.25,0.));
#2981 = DIRECTION('',(-0.,0.,-1.));
#2982 = DIRECTION('',(-5.075305255429E-16,1.,0.));
#2983 = ORIENTED_EDGE('',*,*,#2984,.T.);
#2984 = EDGE_CURVE('',#2976,#2985,#2987,.T.);
#2985 = VERTEX_POINT('',#2986);
#2986 = CARTESIAN_POINT('',(20.,60.75,0.));
#2987 = LINE('',#2988,#2989);
#2988 = CARTESIAN_POINT('',(20.,60.75,0.));
#2989 = VECTOR('',#2990,1.);
#2990 = DIRECTION('',(1.,-0.,-0.));
#2991 = ORIENTED_EDGE('',*,*,#2992,.T.);
#2992 = EDGE_CURVE('',#2985,#2993,#2995,.T.);
#2993 = VERTEX_POINT('',#2994);
#2994 = CARTESIAN_POINT('',(20.,59.25,0.));
#2995 = LINE('',#2996,#2997);
#2996 = CARTESIAN_POINT('',(20.,59.25,0.));
#2997 = VECTOR('',#2998,1.);
#2998 = DIRECTION('',(-0.,-1.,-0.));
#2999 = ORIENTED_EDGE('',*,*,#3000,.T.);
#3000 = EDGE_CURVE('',#2993,#3001,#3003,.T.);
#3001 = VERTEX_POINT('',#3002);
#3002 = CARTESIAN_POINT('',(8.75,59.25,0.));
#3003 = LINE('',#3004,#3005);
#3004 = CARTESIAN_POINT('',(20.,59.25,0.));
#3005 = VECTOR('',#3006,1.);
#3006 = DIRECTION('',(-1.,0.,0.));
#3007 = ORIENTED_EDGE('',*,*,#3008,.T.);
#3008 = EDGE_CURVE('',#3001,#3009,#3011,.T.);
#3009 = VERTEX_POINT('',#3010);
#3010 = CARTESIAN_POINT('',(6.75,57.25,0.));
#3011 = CIRCLE('',#3012,2.);
#3012 = AXIS2_PLACEMENT_3D('',#3013,#3014,#3015);
#3013 = CARTESIAN_POINT('',(8.75,57.25,0.));
#3014 = DIRECTION('',(0.,0.,1.));
#3015 = DIRECTION('',(-1.7763568394E-15,1.,0.));
#3016 = ORIENTED_EDGE('',*,*,#3017,.T.);
#3017 = EDGE_CURVE('',#3009,#3018,#3020,.T.);
#3018 = VERTEX_POINT('',#3019);
#3019 = CARTESIAN_POINT('',(6.75,56.613950890877,0.));
#3020 = LINE('',#3021,#3022);
#3021 = CARTESIAN_POINT('',(6.75,57.25,0.));
#3022 = VECTOR('',#3023,1.);
#3023 = DIRECTION('',(0.,-1.,0.));
#3024 = ORIENTED_EDGE('',*,*,#3025,.T.);
#3025 = EDGE_CURVE('',#3018,#3026,#3028,.T.);
#3026 = VERTEX_POINT('',#3027);
#3027 = CARTESIAN_POINT('',(12.241835081675,47.687784352593,0.));
#3028 = CIRCLE('',#3029,10.);
#3029 = AXIS2_PLACEMENT_3D('',#3030,#3031,#3032);
#3030 = CARTESIAN_POINT('',(16.75,56.613950890877,0.));
#3031 = DIRECTION('',(0.,0.,1.));
#3032 = DIRECTION('',(-1.,0.,0.));
#3033 = ORIENTED_EDGE('',*,*,#3034,.T.);
#3034 = EDGE_CURVE('',#3026,#3035,#3037,.T.);
#3035 = VERTEX_POINT('',#3036);
#3036 = CARTESIAN_POINT('',(96.673887083019,5.045333846864,0.));
#3037 = LINE('',#3038,#3039);
#3038 = CARTESIAN_POINT('',(12.241835081675,47.687784352593,0.));
#3039 = VECTOR('',#3040,1.);
#3040 = DIRECTION('',(0.892616653828,-0.450816491833,0.));
#3041 = ORIENTED_EDGE('',*,*,#3042,.T.);
#3042 = EDGE_CURVE('',#3035,#3043,#3045,.T.);
#3043 = VERTEX_POINT('',#3044);
#3044 = CARTESIAN_POINT('',(114.70654675632,0.75,0.));
#3045 = CIRCLE('',#3046,40.);
#3046 = AXIS2_PLACEMENT_3D('',#3047,#3048,#3049);
#3047 = CARTESIAN_POINT('',(114.70654675632,40.75,0.));
#3048 = DIRECTION('',(0.,0.,1.));
#3049 = DIRECTION('',(-0.450816491833,-0.892616653828,0.));
#3050 = ORIENTED_EDGE('',*,*,#3051,.T.);
#3051 = EDGE_CURVE('',#3043,#3052,#3054,.T.);
#3052 = VERTEX_POINT('',#3053);
#3053 = CARTESIAN_POINT('',(145.29345324368,0.75,0.));
#3054 = LINE('',#3055,#3056);
#3055 = CARTESIAN_POINT('',(114.70654675632,0.75,0.));
#3056 = VECTOR('',#3057,1.);
#3057 = DIRECTION('',(1.,0.,0.));
#3058 = ORIENTED_EDGE('',*,*,#3059,.T.);
#3059 = EDGE_CURVE('',#3052,#3060,#3062,.T.);
#3060 = VERTEX_POINT('',#3061);
#3061 = CARTESIAN_POINT('',(163.32611291698,5.045333846864,0.));
#3062 = CIRCLE('',#3063,40.);
#3063 = AXIS2_PLACEMENT_3D('',#3064,#3065,#3066);
#3064 = CARTESIAN_POINT('',(145.29345324368,40.75,0.));
#3065 = DIRECTION('',(0.,0.,1.));
#3066 = DIRECTION('',(0.,-1.,0.));
#3067 = ORIENTED_EDGE('',*,*,#3068,.T.);
#3068 = EDGE_CURVE('',#3060,#3069,#3071,.T.);
#3069 = VERTEX_POINT('',#3070);
#3070 = CARTESIAN_POINT('',(247.75816491832,47.687784352593,0.));
#3071 = LINE('',#3072,#3073);
#3072 = CARTESIAN_POINT('',(163.32611291698,5.045333846864,0.));
#3073 = VECTOR('',#3074,1.);
#3074 = DIRECTION('',(0.892616653828,0.450816491833,0.));
#3075 = ORIENTED_EDGE('',*,*,#3076,.T.);
#3076 = EDGE_CURVE('',#3069,#3077,#3079,.T.);
#3077 = VERTEX_POINT('',#3078);
#3078 = CARTESIAN_POINT('',(253.25,56.613950890877,0.));
#3079 = CIRCLE('',#3080,10.);
#3080 = AXIS2_PLACEMENT_3D('',#3081,#3082,#3083);
#3081 = CARTESIAN_POINT('',(243.25,56.613950890877,0.));
#3082 = DIRECTION('',(0.,0.,1.));
#3083 = DIRECTION('',(0.450816491833,-0.892616653828,0.));
#3084 = ORIENTED_EDGE('',*,*,#3085,.T.);
#3085 = EDGE_CURVE('',#3077,#3086,#3088,.T.);
#3086 = VERTEX_POINT('',#3087);
#3087 = CARTESIAN_POINT('',(253.25,97.25,0.));
#3088 = LINE('',#3089,#3090);
#3089 = CARTESIAN_POINT('',(253.25,56.613950890877,0.));
#3090 = VECTOR('',#3091,1.);
#3091 = DIRECTION('',(0.,1.,0.));
#3092 = ORIENTED_EDGE('',*,*,#3093,.T.);
#3093 = EDGE_CURVE('',#3086,#3094,#3096,.T.);
#3094 = VERTEX_POINT('',#3095);
#3095 = CARTESIAN_POINT('',(251.25,99.25,0.));
#3096 = CIRCLE('',#3097,2.);
#3097 = AXIS2_PLACEMENT_3D('',#3098,#3099,#3100);
#3098 = CARTESIAN_POINT('',(251.25,97.25,0.));
#3099 = DIRECTION('',(0.,0.,1.));
#3100 = DIRECTION('',(1.,-1.42108547152E-14,0.));
#3101 = ORIENTED_EDGE('',*,*,#3102,.T.);
#3102 = EDGE_CURVE('',#3094,#2834,#3103,.T.);
#3103 = LINE('',#3104,#3105);
#3104 = CARTESIAN_POINT('',(251.25,99.25,0.));
#3105 = VECTOR('',#3106,1.);
#3106 = DIRECTION('',(-1.,0.,0.));
#3107 = ORIENTED_EDGE('',*,*,#2850,.T.);
#3108 = PLANE('',#3109);
#3109 = AXIS2_PLACEMENT_3D('',#3110,#3111,#3112);
#3110 = CARTESIAN_POINT('',(143.96240247301,33.463305132465,0.));
#3111 = DIRECTION('',(-0.,-0.,-1.));
#3112 = DIRECTION('',(-1.,0.,0.));
#3113 = ADVANCED_FACE('',(#3114),#3328,.F.);
#3114 = FACE_BOUND('',#3115,.F.);
#3115 = EDGE_LOOP('',(#3116,#3117,#3118,#3126,#3135,#3143,#3152,#3160,
    #3169,#3177,#3186,#3194,#3203,#3211,#3219,#3227,#3236,#3244,#3253,
    #3261,#3270,#3278,#3287,#3295,#3304,#3312,#3321,#3327));
#3116 = ORIENTED_EDGE('',*,*,#2803,.T.);
#3117 = ORIENTED_EDGE('',*,*,#2865,.T.);
#3118 = ORIENTED_EDGE('',*,*,#3119,.T.);
#3119 = EDGE_CURVE('',#2866,#3120,#3122,.T.);
#3120 = VERTEX_POINT('',#3121);
#3121 = CARTESIAN_POINT('',(254.75,56.613950890877,1.692E+03));
#3122 = LINE('',#3123,#3124);
#3123 = CARTESIAN_POINT('',(254.75,56.613950890877,1.692E+03));
#3124 = VECTOR('',#3125,1.);
#3125 = DIRECTION('',(-0.,-1.,-0.));
#3126 = ORIENTED_EDGE('',*,*,#3127,.T.);
#3127 = EDGE_CURVE('',#3120,#3128,#3130,.T.);
#3128 = VERTEX_POINT('',#3129);
#3129 = CARTESIAN_POINT('',(248.43438965607,46.348859371851,1.692E+03));
#3130 = CIRCLE('',#3131,11.5);
#3131 = AXIS2_PLACEMENT_3D('',#3132,#3133,#3134);
#3132 = CARTESIAN_POINT('',(243.25,56.613950890877,1.692E+03));
#3133 = DIRECTION('',(0.,-0.,-1.));
#3134 = DIRECTION('',(0.450816491833,-0.892616653828,0.));
#3135 = ORIENTED_EDGE('',*,*,#3136,.T.);
#3136 = EDGE_CURVE('',#3128,#3137,#3139,.T.);
#3137 = VERTEX_POINT('',#3138);
#3138 = CARTESIAN_POINT('',(164.00233765473,3.706408866121,1.692E+03));
#3139 = LINE('',#3140,#3141);
#3140 = CARTESIAN_POINT('',(164.00233765473,3.706408866121,1.692E+03));
#3141 = VECTOR('',#3142,1.);
#3142 = DIRECTION('',(-0.892616653828,-0.450816491833,-0.));
#3143 = ORIENTED_EDGE('',*,*,#3144,.T.);
#3144 = EDGE_CURVE('',#3137,#3145,#3147,.T.);
#3145 = VERTEX_POINT('',#3146);
#3146 = CARTESIAN_POINT('',(145.29345324368,-0.75,1.692E+03));
#3147 = CIRCLE('',#3148,41.5);
#3148 = AXIS2_PLACEMENT_3D('',#3149,#3150,#3151);
#3149 = CARTESIAN_POINT('',(145.29345324368,40.75,1.692E+03));
#3150 = DIRECTION('',(-0.,0.,-1.));
#3151 = DIRECTION('',(-1.369720936405E-15,-1.,0.));
#3152 = ORIENTED_EDGE('',*,*,#3153,.T.);
#3153 = EDGE_CURVE('',#3145,#3154,#3156,.T.);
#3154 = VERTEX_POINT('',#3155);
#3155 = CARTESIAN_POINT('',(114.70654675632,-0.75,1.692E+03));
#3156 = LINE('',#3157,#3158);
#3157 = CARTESIAN_POINT('',(114.70654675632,-0.75,1.692E+03));
#3158 = VECTOR('',#3159,1.);
#3159 = DIRECTION('',(-1.,-0.,-0.));
#3160 = ORIENTED_EDGE('',*,*,#3161,.T.);
#3161 = EDGE_CURVE('',#3154,#3162,#3164,.T.);
#3162 = VERTEX_POINT('',#3163);
#3163 = CARTESIAN_POINT('',(95.99766234527,3.706408866121,1.692E+03));
#3164 = CIRCLE('',#3165,41.5);
#3165 = AXIS2_PLACEMENT_3D('',#3166,#3167,#3168);
#3166 = CARTESIAN_POINT('',(114.70654675632,40.75,1.692E+03));
#3167 = DIRECTION('',(-0.,0.,-1.));
#3168 = DIRECTION('',(-0.450816491833,-0.892616653828,0.));
#3169 = ORIENTED_EDGE('',*,*,#3170,.T.);
#3170 = EDGE_CURVE('',#3162,#3171,#3173,.T.);
#3171 = VERTEX_POINT('',#3172);
#3172 = CARTESIAN_POINT('',(11.565610343926,46.348859371851,1.692E+03));
#3173 = LINE('',#3174,#3175);
#3174 = CARTESIAN_POINT('',(11.565610343926,46.348859371851,1.692E+03));
#3175 = VECTOR('',#3176,1.);
#3176 = DIRECTION('',(-0.892616653828,0.450816491833,-0.));
#3177 = ORIENTED_EDGE('',*,*,#3178,.T.);
#3178 = EDGE_CURVE('',#3171,#3179,#3181,.T.);
#3179 = VERTEX_POINT('',#3180);
#3180 = CARTESIAN_POINT('',(5.25,56.613950890877,1.692E+03));
#3181 = CIRCLE('',#3182,11.5);
#3182 = AXIS2_PLACEMENT_3D('',#3183,#3184,#3185);
#3183 = CARTESIAN_POINT('',(16.75,56.613950890877,1.692E+03));
#3184 = DIRECTION('',(-0.,0.,-1.));
#3185 = DIRECTION('',(-1.,0.,0.));
#3186 = ORIENTED_EDGE('',*,*,#3187,.T.);
#3187 = EDGE_CURVE('',#3179,#3188,#3190,.T.);
#3188 = VERTEX_POINT('',#3189);
#3189 = CARTESIAN_POINT('',(5.25,57.25,1.692E+03));
#3190 = LINE('',#3191,#3192);
#3191 = CARTESIAN_POINT('',(5.25,57.25,1.692E+03));
#3192 = VECTOR('',#3193,1.);
#3193 = DIRECTION('',(-0.,1.,-0.));
#3194 = ORIENTED_EDGE('',*,*,#3195,.T.);
#3195 = EDGE_CURVE('',#3188,#3196,#3198,.T.);
#3196 = VERTEX_POINT('',#3197);
#3197 = CARTESIAN_POINT('',(8.75,60.75,1.692E+03));
#3198 = CIRCLE('',#3199,3.5);
#3199 = AXIS2_PLACEMENT_3D('',#3200,#3201,#3202);
#3200 = CARTESIAN_POINT('',(8.75,57.25,1.692E+03));
#3201 = DIRECTION('',(-0.,0.,-1.));
#3202 = DIRECTION('',(-5.075305255429E-16,1.,0.));
#3203 = ORIENTED_EDGE('',*,*,#3204,.T.);
#3204 = EDGE_CURVE('',#3196,#3205,#3207,.T.);
#3205 = VERTEX_POINT('',#3206);
#3206 = CARTESIAN_POINT('',(20.,60.75,1.692E+03));
#3207 = LINE('',#3208,#3209);
#3208 = CARTESIAN_POINT('',(20.,60.75,1.692E+03));
#3209 = VECTOR('',#3210,1.);
#3210 = DIRECTION('',(1.,-0.,-0.));
#3211 = ORIENTED_EDGE('',*,*,#3212,.T.);
#3212 = EDGE_CURVE('',#3205,#3213,#3215,.T.);
#3213 = VERTEX_POINT('',#3214);
#3214 = CARTESIAN_POINT('',(20.,59.25,1.692E+03));
#3215 = LINE('',#3216,#3217);
#3216 = CARTESIAN_POINT('',(20.,59.25,1.692E+03));
#3217 = VECTOR('',#3218,1.);
#3218 = DIRECTION('',(-0.,-1.,-0.));
#3219 = ORIENTED_EDGE('',*,*,#3220,.T.);
#3220 = EDGE_CURVE('',#3213,#3221,#3223,.T.);
#3221 = VERTEX_POINT('',#3222);
#3222 = CARTESIAN_POINT('',(8.75,59.25,1.692E+03));
#3223 = LINE('',#3224,#3225);
#3224 = CARTESIAN_POINT('',(20.,59.25,1.692E+03));
#3225 = VECTOR('',#3226,1.);
#3226 = DIRECTION('',(-1.,0.,0.));
#3227 = ORIENTED_EDGE('',*,*,#3228,.T.);
#3228 = EDGE_CURVE('',#3221,#3229,#3231,.T.);
#3229 = VERTEX_POINT('',#3230);
#3230 = CARTESIAN_POINT('',(6.75,57.25,1.692E+03));
#3231 = CIRCLE('',#3232,2.);
#3232 = AXIS2_PLACEMENT_3D('',#3233,#3234,#3235);
#3233 = CARTESIAN_POINT('',(8.75,57.25,1.692E+03));
#3234 = DIRECTION('',(0.,0.,1.));
#3235 = DIRECTION('',(-1.7763568394E-15,1.,0.));
#3236 = ORIENTED_EDGE('',*,*,#3237,.T.);
#3237 = EDGE_CURVE('',#3229,#3238,#3240,.T.);
#3238 = VERTEX_POINT('',#3239);
#3239 = CARTESIAN_POINT('',(6.75,56.613950890877,1.692E+03));
#3240 = LINE('',#3241,#3242);
#3241 = CARTESIAN_POINT('',(6.75,57.25,1.692E+03));
#3242 = VECTOR('',#3243,1.);
#3243 = DIRECTION('',(0.,-1.,0.));
#3244 = ORIENTED_EDGE('',*,*,#3245,.T.);
#3245 = EDGE_CURVE('',#3238,#3246,#3248,.T.);
#3246 = VERTEX_POINT('',#3247);
#3247 = CARTESIAN_POINT('',(12.241835081675,47.687784352593,1.692E+03));
#3248 = CIRCLE('',#3249,10.);
#3249 = AXIS2_PLACEMENT_3D('',#3250,#3251,#3252);
#3250 = CARTESIAN_POINT('',(16.75,56.613950890877,1.692E+03));
#3251 = DIRECTION('',(0.,0.,1.));
#3252 = DIRECTION('',(-1.,0.,0.));
#3253 = ORIENTED_EDGE('',*,*,#3254,.T.);
#3254 = EDGE_CURVE('',#3246,#3255,#3257,.T.);
#3255 = VERTEX_POINT('',#3256);
#3256 = CARTESIAN_POINT('',(96.673887083019,5.045333846864,1.692E+03));
#3257 = LINE('',#3258,#3259);
#3258 = CARTESIAN_POINT('',(12.241835081675,47.687784352593,1.692E+03));
#3259 = VECTOR('',#3260,1.);
#3260 = DIRECTION('',(0.892616653828,-0.450816491833,0.));
#3261 = ORIENTED_EDGE('',*,*,#3262,.T.);
#3262 = EDGE_CURVE('',#3255,#3263,#3265,.T.);
#3263 = VERTEX_POINT('',#3264);
#3264 = CARTESIAN_POINT('',(114.70654675632,0.75,1.692E+03));
#3265 = CIRCLE('',#3266,40.);
#3266 = AXIS2_PLACEMENT_3D('',#3267,#3268,#3269);
#3267 = CARTESIAN_POINT('',(114.70654675632,40.75,1.692E+03));
#3268 = DIRECTION('',(0.,0.,1.));
#3269 = DIRECTION('',(-0.450816491833,-0.892616653828,0.));
#3270 = ORIENTED_EDGE('',*,*,#3271,.T.);
#3271 = EDGE_CURVE('',#3263,#3272,#3274,.T.);
#3272 = VERTEX_POINT('',#3273);
#3273 = CARTESIAN_POINT('',(145.29345324368,0.75,1.692E+03));
#3274 = LINE('',#3275,#3276);
#3275 = CARTESIAN_POINT('',(114.70654675632,0.75,1.692E+03));
#3276 = VECTOR('',#3277,1.);
#3277 = DIRECTION('',(1.,0.,0.));
#3278 = ORIENTED_EDGE('',*,*,#3279,.T.);
#3279 = EDGE_CURVE('',#3272,#3280,#3282,.T.);
#3280 = VERTEX_POINT('',#3281);
#3281 = CARTESIAN_POINT('',(163.32611291698,5.045333846864,1.692E+03));
#3282 = CIRCLE('',#3283,40.);
#3283 = AXIS2_PLACEMENT_3D('',#3284,#3285,#3286);
#3284 = CARTESIAN_POINT('',(145.29345324368,40.75,1.692E+03));
#3285 = DIRECTION('',(0.,0.,1.));
#3286 = DIRECTION('',(0.,-1.,0.));
#3287 = ORIENTED_EDGE('',*,*,#3288,.T.);
#3288 = EDGE_CURVE('',#3280,#3289,#3291,.T.);
#3289 = VERTEX_POINT('',#3290);
#3290 = CARTESIAN_POINT('',(247.75816491832,47.687784352593,1.692E+03));
#3291 = LINE('',#3292,#3293);
#3292 = CARTESIAN_POINT('',(163.32611291698,5.045333846864,1.692E+03));
#3293 = VECTOR('',#3294,1.);
#3294 = DIRECTION('',(0.892616653828,0.450816491833,0.));
#3295 = ORIENTED_EDGE('',*,*,#3296,.T.);
#3296 = EDGE_CURVE('',#3289,#3297,#3299,.T.);
#3297 = VERTEX_POINT('',#3298);
#3298 = CARTESIAN_POINT('',(253.25,56.613950890877,1.692E+03));
#3299 = CIRCLE('',#3300,10.);
#3300 = AXIS2_PLACEMENT_3D('',#3301,#3302,#3303);
#3301 = CARTESIAN_POINT('',(243.25,56.613950890877,1.692E+03));
#3302 = DIRECTION('',(0.,0.,1.));
#3303 = DIRECTION('',(0.450816491833,-0.892616653828,0.));
#3304 = ORIENTED_EDGE('',*,*,#3305,.T.);
#3305 = EDGE_CURVE('',#3297,#3306,#3308,.T.);
#3306 = VERTEX_POINT('',#3307);
#3307 = CARTESIAN_POINT('',(253.25,97.25,1.692E+03));
#3308 = LINE('',#3309,#3310);
#3309 = CARTESIAN_POINT('',(253.25,56.613950890877,1.692E+03));
#3310 = VECTOR('',#3311,1.);
#3311 = DIRECTION('',(0.,1.,0.));
#3312 = ORIENTED_EDGE('',*,*,#3313,.T.);
#3313 = EDGE_CURVE('',#3306,#3314,#3316,.T.);
#3314 = VERTEX_POINT('',#3315);
#3315 = CARTESIAN_POINT('',(251.25,99.25,1.692E+03));
#3316 = CIRCLE('',#3317,2.);
#3317 = AXIS2_PLACEMENT_3D('',#3318,#3319,#3320);
#3318 = CARTESIAN_POINT('',(251.25,97.25,1.692E+03));
#3319 = DIRECTION('',(0.,0.,1.));
#3320 = DIRECTION('',(1.,-1.42108547152E-14,0.));
#3321 = ORIENTED_EDGE('',*,*,#3322,.T.);
#3322 = EDGE_CURVE('',#3314,#2836,#3323,.T.);
#3323 = LINE('',#3324,#3325);
#3324 = CARTESIAN_POINT('',(251.25,99.25,1.692E+03));
#3325 = VECTOR('',#3326,1.);
#3326 = DIRECTION('',(-1.,0.,0.));
#3327 = ORIENTED_EDGE('',*,*,#2843,.T.);
#3328 = PLANE('',#3329);
#3329 = AXIS2_PLACEMENT_3D('',#3330,#3331,#3332);
#3330 = CARTESIAN_POINT('',(143.96240247301,33.463305132465,1.692E+03));
#3331 = DIRECTION('',(-0.,-0.,-1.));
#3332 = DIRECTION('',(-1.,0.,0.));
#3333 = ADVANCED_FACE('',(#3334),#3345,.T.);
#3334 = FACE_BOUND('',#3335,.T.);
#3335 = EDGE_LOOP('',(#3336,#3342,#3343,#3344));
#3336 = ORIENTED_EDGE('',*,*,#3337,.T.);
#3337 = EDGE_CURVE('',#3094,#3314,#3338,.T.);
#3338 = LINE('',#3339,#3340);
#3339 = CARTESIAN_POINT('',(251.25,99.25,0.));
#3340 = VECTOR('',#3341,1.);
#3341 = DIRECTION('',(0.,0.,1.));
#3342 = ORIENTED_EDGE('',*,*,#3322,.T.);
#3343 = ORIENTED_EDGE('',*,*,#2833,.F.);
#3344 = ORIENTED_EDGE('',*,*,#3102,.F.);
#3345 = PLANE('',#3346);
#3346 = AXIS2_PLACEMENT_3D('',#3347,#3348,#3349);
#3347 = CARTESIAN_POINT('',(251.25,99.25,0.));
#3348 = DIRECTION('',(0.,-1.,0.));
#3349 = DIRECTION('',(-1.,0.,0.));
#3350 = ADVANCED_FACE('',(#3351),#3362,.T.);
#3351 = FACE_BOUND('',#3352,.T.);
#3352 = EDGE_LOOP('',(#3353,#3354,#3355,#3361));
#3353 = ORIENTED_EDGE('',*,*,#2874,.T.);
#3354 = ORIENTED_EDGE('',*,*,#3119,.T.);
#3355 = ORIENTED_EDGE('',*,*,#3356,.F.);
#3356 = EDGE_CURVE('',#2900,#3120,#3357,.T.);
#3357 = LINE('',#3358,#3359);
#3358 = CARTESIAN_POINT('',(254.75,56.613950890877,0.));
#3359 = VECTOR('',#3360,1.);
#3360 = DIRECTION('',(0.,0.,1.));
#3361 = ORIENTED_EDGE('',*,*,#2899,.F.);
#3362 = PLANE('',#3363);
#3363 = AXIS2_PLACEMENT_3D('',#3364,#3365,#3366);
#3364 = CARTESIAN_POINT('',(254.75,97.25,0.));
#3365 = DIRECTION('',(1.,0.,0.));
#3366 = DIRECTION('',(0.,-1.,0.));
#3367 = ADVANCED_FACE('',(#3368),#3379,.T.);
#3368 = FACE_BOUND('',#3369,.T.);
#3369 = EDGE_LOOP('',(#3370,#3371,#3372,#3378));
#3370 = ORIENTED_EDGE('',*,*,#3356,.T.);
#3371 = ORIENTED_EDGE('',*,*,#3127,.T.);
#3372 = ORIENTED_EDGE('',*,*,#3373,.F.);
#3373 = EDGE_CURVE('',#2908,#3128,#3374,.T.);
#3374 = LINE('',#3375,#3376);
#3375 = CARTESIAN_POINT('',(248.43438965607,46.348859371851,0.));
#3376 = VECTOR('',#3377,1.);
#3377 = DIRECTION('',(0.,0.,1.));
#3378 = ORIENTED_EDGE('',*,*,#2907,.F.);
#3379 = CYLINDRICAL_SURFACE('',#3380,11.5);
#3380 = AXIS2_PLACEMENT_3D('',#3381,#3382,#3383);
#3381 = CARTESIAN_POINT('',(243.25,56.613950890877,0.));
#3382 = DIRECTION('',(0.,-0.,-1.));
#3383 = DIRECTION('',(0.450816491833,-0.892616653828,0.));
#3384 = ADVANCED_FACE('',(#3385),#3396,.T.);
#3385 = FACE_BOUND('',#3386,.T.);
#3386 = EDGE_LOOP('',(#3387,#3388,#3389,#3395));
#3387 = ORIENTED_EDGE('',*,*,#3373,.T.);
#3388 = ORIENTED_EDGE('',*,*,#3136,.T.);
#3389 = ORIENTED_EDGE('',*,*,#3390,.F.);
#3390 = EDGE_CURVE('',#2917,#3137,#3391,.T.);
#3391 = LINE('',#3392,#3393);
#3392 = CARTESIAN_POINT('',(164.00233765473,3.706408866121,0.));
#3393 = VECTOR('',#3394,1.);
#3394 = DIRECTION('',(0.,0.,1.));
#3395 = ORIENTED_EDGE('',*,*,#2916,.F.);
#3396 = PLANE('',#3397);
#3397 = AXIS2_PLACEMENT_3D('',#3398,#3399,#3400);
#3398 = CARTESIAN_POINT('',(248.43438965607,46.348859371851,0.));
#3399 = DIRECTION('',(0.450816491833,-0.892616653828,0.));
#3400 = DIRECTION('',(-0.892616653828,-0.450816491833,0.));
#3401 = ADVANCED_FACE('',(#3402),#3413,.T.);
#3402 = FACE_BOUND('',#3403,.T.);
#3403 = EDGE_LOOP('',(#3404,#3405,#3406,#3412));
#3404 = ORIENTED_EDGE('',*,*,#3390,.T.);
#3405 = ORIENTED_EDGE('',*,*,#3144,.T.);
#3406 = ORIENTED_EDGE('',*,*,#3407,.F.);
#3407 = EDGE_CURVE('',#2925,#3145,#3408,.T.);
#3408 = LINE('',#3409,#3410);
#3409 = CARTESIAN_POINT('',(145.29345324368,-0.75,0.));
#3410 = VECTOR('',#3411,1.);
#3411 = DIRECTION('',(0.,0.,1.));
#3412 = ORIENTED_EDGE('',*,*,#2924,.F.);
#3413 = CYLINDRICAL_SURFACE('',#3414,41.5);
#3414 = AXIS2_PLACEMENT_3D('',#3415,#3416,#3417);
#3415 = CARTESIAN_POINT('',(145.29345324368,40.75,0.));
#3416 = DIRECTION('',(-0.,0.,-1.));
#3417 = DIRECTION('',(-1.369720936405E-15,-1.,0.));
#3418 = ADVANCED_FACE('',(#3419,#3430,#3441),#3452,.T.);
#3419 = FACE_BOUND('',#3420,.T.);
#3420 = EDGE_LOOP('',(#3421,#3422,#3423,#3429));
#3421 = ORIENTED_EDGE('',*,*,#3407,.T.);
#3422 = ORIENTED_EDGE('',*,*,#3153,.T.);
#3423 = ORIENTED_EDGE('',*,*,#3424,.F.);
#3424 = EDGE_CURVE('',#2934,#3154,#3425,.T.);
#3425 = LINE('',#3426,#3427);
#3426 = CARTESIAN_POINT('',(114.70654675632,-0.75,0.));
#3427 = VECTOR('',#3428,1.);
#3428 = DIRECTION('',(0.,0.,1.));
#3429 = ORIENTED_EDGE('',*,*,#2933,.F.);
#3430 = FACE_BOUND('',#3431,.T.);
#3431 = EDGE_LOOP('',(#3432));
#3432 = ORIENTED_EDGE('',*,*,#3433,.T.);
#3433 = EDGE_CURVE('',#3434,#3434,#3436,.T.);
#3434 = VERTEX_POINT('',#3435);
#3435 = CARTESIAN_POINT('',(130.,-0.75,1.67805E+03));
#3436 = CIRCLE('',#3437,2.05);
#3437 = AXIS2_PLACEMENT_3D('',#3438,#3439,#3440);
#3438 = CARTESIAN_POINT('',(130.,-0.75,1.676E+03));
#3439 = DIRECTION('',(-0.,1.,0.));
#3440 = DIRECTION('',(0.,0.,1.));
#3441 = FACE_BOUND('',#3442,.T.);
#3442 = EDGE_LOOP('',(#3443));
#3443 = ORIENTED_EDGE('',*,*,#3444,.T.);
#3444 = EDGE_CURVE('',#3445,#3445,#3447,.T.);
#3445 = VERTEX_POINT('',#3446);
#3446 = CARTESIAN_POINT('',(130.,-0.75,18.05));
#3447 = CIRCLE('',#3448,2.05);
#3448 = AXIS2_PLACEMENT_3D('',#3449,#3450,#3451);
#3449 = CARTESIAN_POINT('',(130.,-0.75,16.));
#3450 = DIRECTION('',(-0.,1.,0.));
#3451 = DIRECTION('',(0.,0.,1.));
#3452 = PLANE('',#3453);
#3453 = AXIS2_PLACEMENT_3D('',#3454,#3455,#3456);
#3454 = CARTESIAN_POINT('',(145.29345324368,-0.75,0.));
#3455 = DIRECTION('',(0.,-1.,0.));
#3456 = DIRECTION('',(-1.,-0.,0.));
#3457 = ADVANCED_FACE('',(#3458),#3469,.T.);
#3458 = FACE_BOUND('',#3459,.T.);
#3459 = EDGE_LOOP('',(#3460,#3461,#3462,#3468));
#3460 = ORIENTED_EDGE('',*,*,#3424,.T.);
#3461 = ORIENTED_EDGE('',*,*,#3161,.T.);
#3462 = ORIENTED_EDGE('',*,*,#3463,.F.);
#3463 = EDGE_CURVE('',#2942,#3162,#3464,.T.);
#3464 = LINE('',#3465,#3466);
#3465 = CARTESIAN_POINT('',(95.99766234527,3.706408866121,0.));
#3466 = VECTOR('',#3467,1.);
#3467 = DIRECTION('',(0.,0.,1.));
#3468 = ORIENTED_EDGE('',*,*,#2941,.F.);
#3469 = CYLINDRICAL_SURFACE('',#3470,41.5);
#3470 = AXIS2_PLACEMENT_3D('',#3471,#3472,#3473);
#3471 = CARTESIAN_POINT('',(114.70654675632,40.75,0.));
#3472 = DIRECTION('',(-0.,0.,-1.));
#3473 = DIRECTION('',(-0.450816491833,-0.892616653828,0.));
#3474 = ADVANCED_FACE('',(#3475),#3486,.T.);
#3475 = FACE_BOUND('',#3476,.T.);
#3476 = EDGE_LOOP('',(#3477,#3478,#3479,#3485));
#3477 = ORIENTED_EDGE('',*,*,#3463,.T.);
#3478 = ORIENTED_EDGE('',*,*,#3170,.T.);
#3479 = ORIENTED_EDGE('',*,*,#3480,.F.);
#3480 = EDGE_CURVE('',#2951,#3171,#3481,.T.);
#3481 = LINE('',#3482,#3483);
#3482 = CARTESIAN_POINT('',(11.565610343926,46.348859371851,0.));
#3483 = VECTOR('',#3484,1.);
#3484 = DIRECTION('',(0.,0.,1.));
#3485 = ORIENTED_EDGE('',*,*,#2950,.F.);
#3486 = PLANE('',#3487);
#3487 = AXIS2_PLACEMENT_3D('',#3488,#3489,#3490);
#3488 = CARTESIAN_POINT('',(95.99766234527,3.706408866121,0.));
#3489 = DIRECTION('',(-0.450816491833,-0.892616653828,0.));
#3490 = DIRECTION('',(-0.892616653828,0.450816491833,0.));
#3491 = ADVANCED_FACE('',(#3492),#3503,.T.);
#3492 = FACE_BOUND('',#3493,.T.);
#3493 = EDGE_LOOP('',(#3494,#3495,#3496,#3502));
#3494 = ORIENTED_EDGE('',*,*,#3480,.T.);
#3495 = ORIENTED_EDGE('',*,*,#3178,.T.);
#3496 = ORIENTED_EDGE('',*,*,#3497,.F.);
#3497 = EDGE_CURVE('',#2959,#3179,#3498,.T.);
#3498 = LINE('',#3499,#3500);
#3499 = CARTESIAN_POINT('',(5.25,56.613950890877,0.));
#3500 = VECTOR('',#3501,1.);
#3501 = DIRECTION('',(0.,0.,1.));
#3502 = ORIENTED_EDGE('',*,*,#2958,.F.);
#3503 = CYLINDRICAL_SURFACE('',#3504,11.5);
#3504 = AXIS2_PLACEMENT_3D('',#3505,#3506,#3507);
#3505 = CARTESIAN_POINT('',(16.75,56.613950890877,0.));
#3506 = DIRECTION('',(-0.,0.,-1.));
#3507 = DIRECTION('',(-1.,0.,0.));
#3508 = ADVANCED_FACE('',(#3509),#3520,.T.);
#3509 = FACE_BOUND('',#3510,.T.);
#3510 = EDGE_LOOP('',(#3511,#3512,#3513,#3519));
#3511 = ORIENTED_EDGE('',*,*,#3497,.T.);
#3512 = ORIENTED_EDGE('',*,*,#3187,.T.);
#3513 = ORIENTED_EDGE('',*,*,#3514,.F.);
#3514 = EDGE_CURVE('',#2968,#3188,#3515,.T.);
#3515 = LINE('',#3516,#3517);
#3516 = CARTESIAN_POINT('',(5.25,57.25,0.));
#3517 = VECTOR('',#3518,1.);
#3518 = DIRECTION('',(0.,0.,1.));
#3519 = ORIENTED_EDGE('',*,*,#2967,.F.);
#3520 = PLANE('',#3521);
#3521 = AXIS2_PLACEMENT_3D('',#3522,#3523,#3524);
#3522 = CARTESIAN_POINT('',(5.25,56.613950890877,0.));
#3523 = DIRECTION('',(-1.,0.,0.));
#3524 = DIRECTION('',(0.,1.,-0.));
#3525 = ADVANCED_FACE('',(#3526),#3537,.T.);
#3526 = FACE_BOUND('',#3527,.T.);
#3527 = EDGE_LOOP('',(#3528,#3529,#3530,#3536));
#3528 = ORIENTED_EDGE('',*,*,#3514,.T.);
#3529 = ORIENTED_EDGE('',*,*,#3195,.T.);
#3530 = ORIENTED_EDGE('',*,*,#3531,.F.);
#3531 = EDGE_CURVE('',#2976,#3196,#3532,.T.);
#3532 = LINE('',#3533,#3534);
#3533 = CARTESIAN_POINT('',(8.75,60.75,0.));
#3534 = VECTOR('',#3535,1.);
#3535 = DIRECTION('',(0.,0.,1.));
#3536 = ORIENTED_EDGE('',*,*,#2975,.F.);
#3537 = CYLINDRICAL_SURFACE('',#3538,3.5);
#3538 = AXIS2_PLACEMENT_3D('',#3539,#3540,#3541);
#3539 = CARTESIAN_POINT('',(8.75,57.25,0.));
#3540 = DIRECTION('',(-0.,0.,-1.));
#3541 = DIRECTION('',(-5.075305255429E-16,1.,0.));
#3542 = ADVANCED_FACE('',(#3543),#3554,.T.);
#3543 = FACE_BOUND('',#3544,.T.);
#3544 = EDGE_LOOP('',(#3545,#3546,#3547,#3553));
#3545 = ORIENTED_EDGE('',*,*,#3531,.T.);
#3546 = ORIENTED_EDGE('',*,*,#3204,.T.);
#3547 = ORIENTED_EDGE('',*,*,#3548,.F.);
#3548 = EDGE_CURVE('',#2985,#3205,#3549,.T.);
#3549 = LINE('',#3550,#3551);
#3550 = CARTESIAN_POINT('',(20.,60.75,0.));
#3551 = VECTOR('',#3552,1.);
#3552 = DIRECTION('',(0.,0.,1.));
#3553 = ORIENTED_EDGE('',*,*,#2984,.F.);
#3554 = PLANE('',#3555);
#3555 = AXIS2_PLACEMENT_3D('',#3556,#3557,#3558);
#3556 = CARTESIAN_POINT('',(8.75,60.75,0.));
#3557 = DIRECTION('',(0.,1.,-0.));
#3558 = DIRECTION('',(1.,-0.,0.));
#3559 = ADVANCED_FACE('',(#3560),#3571,.T.);
#3560 = FACE_BOUND('',#3561,.T.);
#3561 = EDGE_LOOP('',(#3562,#3563,#3564,#3570));
#3562 = ORIENTED_EDGE('',*,*,#3548,.T.);
#3563 = ORIENTED_EDGE('',*,*,#3212,.T.);
#3564 = ORIENTED_EDGE('',*,*,#3565,.F.);
#3565 = EDGE_CURVE('',#2993,#3213,#3566,.T.);
#3566 = LINE('',#3567,#3568);
#3567 = CARTESIAN_POINT('',(20.,59.25,0.));
#3568 = VECTOR('',#3569,1.);
#3569 = DIRECTION('',(0.,0.,1.));
#3570 = ORIENTED_EDGE('',*,*,#2992,.F.);
#3571 = PLANE('',#3572);
#3572 = AXIS2_PLACEMENT_3D('',#3573,#3574,#3575);
#3573 = CARTESIAN_POINT('',(20.,60.75,0.));
#3574 = DIRECTION('',(1.,0.,0.));
#3575 = DIRECTION('',(0.,-1.,0.));
#3576 = ADVANCED_FACE('',(#3577),#3588,.T.);
#3577 = FACE_BOUND('',#3578,.T.);
#3578 = EDGE_LOOP('',(#3579,#3580,#3581,#3587));
#3579 = ORIENTED_EDGE('',*,*,#3565,.T.);
#3580 = ORIENTED_EDGE('',*,*,#3220,.T.);
#3581 = ORIENTED_EDGE('',*,*,#3582,.F.);
#3582 = EDGE_CURVE('',#3001,#3221,#3583,.T.);
#3583 = LINE('',#3584,#3585);
#3584 = CARTESIAN_POINT('',(8.75,59.25,0.));
#3585 = VECTOR('',#3586,1.);
#3586 = DIRECTION('',(0.,0.,1.));
#3587 = ORIENTED_EDGE('',*,*,#3000,.F.);
#3588 = PLANE('',#3589);
#3589 = AXIS2_PLACEMENT_3D('',#3590,#3591,#3592);
#3590 = CARTESIAN_POINT('',(20.,59.25,0.));
#3591 = DIRECTION('',(0.,-1.,0.));
#3592 = DIRECTION('',(-1.,0.,0.));
#3593 = ADVANCED_FACE('',(#3594),#3605,.F.);
#3594 = FACE_BOUND('',#3595,.T.);
#3595 = EDGE_LOOP('',(#3596,#3597,#3598,#3604));
#3596 = ORIENTED_EDGE('',*,*,#3582,.T.);
#3597 = ORIENTED_EDGE('',*,*,#3228,.T.);
#3598 = ORIENTED_EDGE('',*,*,#3599,.F.);
#3599 = EDGE_CURVE('',#3009,#3229,#3600,.T.);
#3600 = LINE('',#3601,#3602);
#3601 = CARTESIAN_POINT('',(6.75,57.25,0.));
#3602 = VECTOR('',#3603,1.);
#3603 = DIRECTION('',(0.,0.,1.));
#3604 = ORIENTED_EDGE('',*,*,#3008,.F.);
#3605 = CYLINDRICAL_SURFACE('',#3606,2.);
#3606 = AXIS2_PLACEMENT_3D('',#3607,#3608,#3609);
#3607 = CARTESIAN_POINT('',(8.75,57.25,0.));
#3608 = DIRECTION('',(-0.,-0.,-1.));
#3609 = DIRECTION('',(-1.7763568394E-15,1.,0.));
#3610 = ADVANCED_FACE('',(#3611),#3622,.T.);
#3611 = FACE_BOUND('',#3612,.T.);
#3612 = EDGE_LOOP('',(#3613,#3614,#3615,#3621));
#3613 = ORIENTED_EDGE('',*,*,#3599,.T.);
#3614 = ORIENTED_EDGE('',*,*,#3237,.T.);
#3615 = ORIENTED_EDGE('',*,*,#3616,.F.);
#3616 = EDGE_CURVE('',#3018,#3238,#3617,.T.);
#3617 = LINE('',#3618,#3619);
#3618 = CARTESIAN_POINT('',(6.75,56.613950890877,0.));
#3619 = VECTOR('',#3620,1.);
#3620 = DIRECTION('',(0.,0.,1.));
#3621 = ORIENTED_EDGE('',*,*,#3017,.F.);
#3622 = PLANE('',#3623);
#3623 = AXIS2_PLACEMENT_3D('',#3624,#3625,#3626);
#3624 = CARTESIAN_POINT('',(6.75,57.25,0.));
#3625 = DIRECTION('',(1.,0.,-0.));
#3626 = DIRECTION('',(0.,-1.,0.));
#3627 = ADVANCED_FACE('',(#3628),#3639,.F.);
#3628 = FACE_BOUND('',#3629,.T.);
#3629 = EDGE_LOOP('',(#3630,#3631,#3632,#3638));
#3630 = ORIENTED_EDGE('',*,*,#3616,.T.);
#3631 = ORIENTED_EDGE('',*,*,#3245,.T.);
#3632 = ORIENTED_EDGE('',*,*,#3633,.F.);
#3633 = EDGE_CURVE('',#3026,#3246,#3634,.T.);
#3634 = LINE('',#3635,#3636);
#3635 = CARTESIAN_POINT('',(12.241835081675,47.687784352593,0.));
#3636 = VECTOR('',#3637,1.);
#3637 = DIRECTION('',(0.,0.,1.));
#3638 = ORIENTED_EDGE('',*,*,#3025,.F.);
#3639 = CYLINDRICAL_SURFACE('',#3640,10.);
#3640 = AXIS2_PLACEMENT_3D('',#3641,#3642,#3643);
#3641 = CARTESIAN_POINT('',(16.75,56.613950890877,0.));
#3642 = DIRECTION('',(-0.,-0.,-1.));
#3643 = DIRECTION('',(-1.,0.,0.));
#3644 = ADVANCED_FACE('',(#3645),#3656,.T.);
#3645 = FACE_BOUND('',#3646,.T.);
#3646 = EDGE_LOOP('',(#3647,#3648,#3649,#3655));
#3647 = ORIENTED_EDGE('',*,*,#3633,.T.);
#3648 = ORIENTED_EDGE('',*,*,#3254,.T.);
#3649 = ORIENTED_EDGE('',*,*,#3650,.F.);
#3650 = EDGE_CURVE('',#3035,#3255,#3651,.T.);
#3651 = LINE('',#3652,#3653);
#3652 = CARTESIAN_POINT('',(96.673887083019,5.045333846864,0.));
#3653 = VECTOR('',#3654,1.);
#3654 = DIRECTION('',(0.,0.,1.));
#3655 = ORIENTED_EDGE('',*,*,#3034,.F.);
#3656 = PLANE('',#3657);
#3657 = AXIS2_PLACEMENT_3D('',#3658,#3659,#3660);
#3658 = CARTESIAN_POINT('',(12.241835081675,47.687784352593,0.));
#3659 = DIRECTION('',(0.450816491833,0.892616653828,-0.));
#3660 = DIRECTION('',(0.892616653828,-0.450816491833,0.));
#3661 = ADVANCED_FACE('',(#3662),#3673,.F.);
#3662 = FACE_BOUND('',#3663,.T.);
#3663 = EDGE_LOOP('',(#3664,#3665,#3666,#3672));
#3664 = ORIENTED_EDGE('',*,*,#3650,.T.);
#3665 = ORIENTED_EDGE('',*,*,#3262,.T.);
#3666 = ORIENTED_EDGE('',*,*,#3667,.F.);
#3667 = EDGE_CURVE('',#3043,#3263,#3668,.T.);
#3668 = LINE('',#3669,#3670);
#3669 = CARTESIAN_POINT('',(114.70654675632,0.75,0.));
#3670 = VECTOR('',#3671,1.);
#3671 = DIRECTION('',(0.,0.,1.));
#3672 = ORIENTED_EDGE('',*,*,#3042,.F.);
#3673 = CYLINDRICAL_SURFACE('',#3674,40.);
#3674 = AXIS2_PLACEMENT_3D('',#3675,#3676,#3677);
#3675 = CARTESIAN_POINT('',(114.70654675632,40.75,0.));
#3676 = DIRECTION('',(-0.,-0.,-1.));
#3677 = DIRECTION('',(-0.450816491833,-0.892616653828,0.));
#3678 = ADVANCED_FACE('',(#3679,#3690,#3701),#3712,.T.);
#3679 = FACE_BOUND('',#3680,.T.);
#3680 = EDGE_LOOP('',(#3681,#3682,#3683,#3689));
#3681 = ORIENTED_EDGE('',*,*,#3667,.T.);
#3682 = ORIENTED_EDGE('',*,*,#3271,.T.);
#3683 = ORIENTED_EDGE('',*,*,#3684,.F.);
#3684 = EDGE_CURVE('',#3052,#3272,#3685,.T.);
#3685 = LINE('',#3686,#3687);
#3686 = CARTESIAN_POINT('',(145.29345324368,0.75,0.));
#3687 = VECTOR('',#3688,1.);
#3688 = DIRECTION('',(0.,0.,1.));
#3689 = ORIENTED_EDGE('',*,*,#3051,.F.);
#3690 = FACE_BOUND('',#3691,.T.);
#3691 = EDGE_LOOP('',(#3692));
#3692 = ORIENTED_EDGE('',*,*,#3693,.F.);
#3693 = EDGE_CURVE('',#3694,#3694,#3696,.T.);
#3694 = VERTEX_POINT('',#3695);
#3695 = CARTESIAN_POINT('',(130.,0.75,1.67805E+03));
#3696 = CIRCLE('',#3697,2.05);
#3697 = AXIS2_PLACEMENT_3D('',#3698,#3699,#3700);
#3698 = CARTESIAN_POINT('',(130.,0.75,1.676E+03));
#3699 = DIRECTION('',(-0.,1.,0.));
#3700 = DIRECTION('',(0.,0.,1.));
#3701 = FACE_BOUND('',#3702,.T.);
#3702 = EDGE_LOOP('',(#3703));
#3703 = ORIENTED_EDGE('',*,*,#3704,.F.);
#3704 = EDGE_CURVE('',#3705,#3705,#3707,.T.);
#3705 = VERTEX_POINT('',#3706);
#3706 = CARTESIAN_POINT('',(130.,0.75,18.05));
#3707 = CIRCLE('',#3708,2.05);
#3708 = AXIS2_PLACEMENT_3D('',#3709,#3710,#3711);
#3709 = CARTESIAN_POINT('',(130.,0.75,16.));
#3710 = DIRECTION('',(-0.,1.,0.));
#3711 = DIRECTION('',(0.,0.,1.));
#3712 = PLANE('',#3713);
#3713 = AXIS2_PLACEMENT_3D('',#3714,#3715,#3716);
#3714 = CARTESIAN_POINT('',(114.70654675632,0.75,0.));
#3715 = DIRECTION('',(0.,1.,0.));
#3716 = DIRECTION('',(1.,0.,0.));
#3717 = ADVANCED_FACE('',(#3718),#3729,.F.);
#3718 = FACE_BOUND('',#3719,.T.);
#3719 = EDGE_LOOP('',(#3720,#3721,#3722,#3728));
#3720 = ORIENTED_EDGE('',*,*,#3684,.T.);
#3721 = ORIENTED_EDGE('',*,*,#3279,.T.);
#3722 = ORIENTED_EDGE('',*,*,#3723,.F.);
#3723 = EDGE_CURVE('',#3060,#3280,#3724,.T.);
#3724 = LINE('',#3725,#3726);
#3725 = CARTESIAN_POINT('',(163.32611291698,5.045333846864,0.));
#3726 = VECTOR('',#3727,1.);
#3727 = DIRECTION('',(0.,0.,1.));
#3728 = ORIENTED_EDGE('',*,*,#3059,.F.);
#3729 = CYLINDRICAL_SURFACE('',#3730,40.);
#3730 = AXIS2_PLACEMENT_3D('',#3731,#3732,#3733);
#3731 = CARTESIAN_POINT('',(145.29345324368,40.75,0.));
#3732 = DIRECTION('',(-0.,-0.,-1.));
#3733 = DIRECTION('',(0.,-1.,0.));
#3734 = ADVANCED_FACE('',(#3735),#3746,.T.);
#3735 = FACE_BOUND('',#3736,.T.);
#3736 = EDGE_LOOP('',(#3737,#3738,#3739,#3745));
#3737 = ORIENTED_EDGE('',*,*,#3723,.T.);
#3738 = ORIENTED_EDGE('',*,*,#3288,.T.);
#3739 = ORIENTED_EDGE('',*,*,#3740,.F.);
#3740 = EDGE_CURVE('',#3069,#3289,#3741,.T.);
#3741 = LINE('',#3742,#3743);
#3742 = CARTESIAN_POINT('',(247.75816491832,47.687784352593,0.));
#3743 = VECTOR('',#3744,1.);
#3744 = DIRECTION('',(0.,0.,1.));
#3745 = ORIENTED_EDGE('',*,*,#3068,.F.);
#3746 = PLANE('',#3747);
#3747 = AXIS2_PLACEMENT_3D('',#3748,#3749,#3750);
#3748 = CARTESIAN_POINT('',(163.32611291698,5.045333846864,0.));
#3749 = DIRECTION('',(-0.450816491833,0.892616653828,0.));
#3750 = DIRECTION('',(0.892616653828,0.450816491833,0.));
#3751 = ADVANCED_FACE('',(#3752),#3763,.F.);
#3752 = FACE_BOUND('',#3753,.T.);
#3753 = EDGE_LOOP('',(#3754,#3755,#3756,#3762));
#3754 = ORIENTED_EDGE('',*,*,#3740,.T.);
#3755 = ORIENTED_EDGE('',*,*,#3296,.T.);
#3756 = ORIENTED_EDGE('',*,*,#3757,.F.);
#3757 = EDGE_CURVE('',#3077,#3297,#3758,.T.);
#3758 = LINE('',#3759,#3760);
#3759 = CARTESIAN_POINT('',(253.25,56.613950890877,0.));
#3760 = VECTOR('',#3761,1.);
#3761 = DIRECTION('',(0.,0.,1.));
#3762 = ORIENTED_EDGE('',*,*,#3076,.F.);
#3763 = CYLINDRICAL_SURFACE('',#3764,10.);
#3764 = AXIS2_PLACEMENT_3D('',#3765,#3766,#3767);
#3765 = CARTESIAN_POINT('',(243.25,56.613950890877,0.));
#3766 = DIRECTION('',(-0.,-0.,-1.));
#3767 = DIRECTION('',(0.450816491833,-0.892616653828,0.));
#3768 = ADVANCED_FACE('',(#3769),#3780,.T.);
#3769 = FACE_BOUND('',#3770,.T.);
#3770 = EDGE_LOOP('',(#3771,#3772,#3773,#3779));
#3771 = ORIENTED_EDGE('',*,*,#3757,.T.);
#3772 = ORIENTED_EDGE('',*,*,#3305,.T.);
#3773 = ORIENTED_EDGE('',*,*,#3774,.F.);
#3774 = EDGE_CURVE('',#3086,#3306,#3775,.T.);
#3775 = LINE('',#3776,#3777);
#3776 = CARTESIAN_POINT('',(253.25,97.25,0.));
#3777 = VECTOR('',#3778,1.);
#3778 = DIRECTION('',(0.,0.,1.));
#3779 = ORIENTED_EDGE('',*,*,#3085,.F.);
#3780 = PLANE('',#3781);
#3781 = AXIS2_PLACEMENT_3D('',#3782,#3783,#3784);
#3782 = CARTESIAN_POINT('',(253.25,56.613950890877,0.));
#3783 = DIRECTION('',(-1.,0.,0.));
#3784 = DIRECTION('',(0.,1.,0.));
#3785 = ADVANCED_FACE('',(#3786),#3792,.F.);
#3786 = FACE_BOUND('',#3787,.T.);
#3787 = EDGE_LOOP('',(#3788,#3789,#3790,#3791));
#3788 = ORIENTED_EDGE('',*,*,#3774,.T.);
#3789 = ORIENTED_EDGE('',*,*,#3313,.T.);
#3790 = ORIENTED_EDGE('',*,*,#3337,.F.);
#3791 = ORIENTED_EDGE('',*,*,#3093,.F.);
#3792 = CYLINDRICAL_SURFACE('',#3793,2.);
#3793 = AXIS2_PLACEMENT_3D('',#3794,#3795,#3796);
#3794 = CARTESIAN_POINT('',(251.25,97.25,0.));
#3795 = DIRECTION('',(-0.,-0.,-1.));
#3796 = DIRECTION('',(1.,-1.42108547152E-14,0.));
#3797 = ADVANCED_FACE('',(#3798),#3809,.F.);
#3798 = FACE_BOUND('',#3799,.F.);
#3799 = EDGE_LOOP('',(#3800,#3801,#3807,#3808));
#3800 = ORIENTED_EDGE('',*,*,#3693,.F.);
#3801 = ORIENTED_EDGE('',*,*,#3802,.F.);
#3802 = EDGE_CURVE('',#3434,#3694,#3803,.T.);
#3803 = LINE('',#3804,#3805);
#3804 = CARTESIAN_POINT('',(130.,-3.,1.67805E+03));
#3805 = VECTOR('',#3806,1.);
#3806 = DIRECTION('',(0.,1.,0.));
#3807 = ORIENTED_EDGE('',*,*,#3433,.T.);
#3808 = ORIENTED_EDGE('',*,*,#3802,.T.);
#3809 = CYLINDRICAL_SURFACE('',#3810,2.05);
#3810 = AXIS2_PLACEMENT_3D('',#3811,#3812,#3813);
#3811 = CARTESIAN_POINT('',(130.,-3.,1.676E+03));
#3812 = DIRECTION('',(-0.,1.,0.));
#3813 = DIRECTION('',(0.,0.,1.));
#3814 = ADVANCED_FACE('',(#3815),#3826,.F.);
#3815 = FACE_BOUND('',#3816,.F.);
#3816 = EDGE_LOOP('',(#3817,#3818,#3824,#3825));
#3817 = ORIENTED_EDGE('',*,*,#3704,.F.);
#3818 = ORIENTED_EDGE('',*,*,#3819,.F.);
#3819 = EDGE_CURVE('',#3445,#3705,#3820,.T.);
#3820 = LINE('',#3821,#3822);
#3821 = CARTESIAN_POINT('',(130.,-3.,18.05));
#3822 = VECTOR('',#3823,1.);
#3823 = DIRECTION('',(0.,1.,0.));
#3824 = ORIENTED_EDGE('',*,*,#3444,.T.);
#3825 = ORIENTED_EDGE('',*,*,#3819,.T.);
#3826 = CYLINDRICAL_SURFACE('',#3827,2.05);
#3827 = AXIS2_PLACEMENT_3D('',#3828,#3829,#3830);
#3828 = CARTESIAN_POINT('',(130.,-3.,16.));
#3829 = DIRECTION('',(-0.,1.,0.));
#3830 = DIRECTION('',(0.,0.,1.));
#3831 = ( GEOMETRIC_REPRESENTATION_CONTEXT(3) 
GLOBAL_UNCERTAINTY_ASSIGNED_CONTEXT((#3835)) 
GLOBAL_UNIT_ASSIGNED_CONTEXT((#3832,#3833,#3834)) REPRESENTATION_CONTEXT
('Context #1','3D Context with UNIT and UNCERTAINTY') );
#3832 = ( LENGTH_UNIT() NAMED_UNIT(*) SI_UNIT(.MILLI.,.METRE.) );
#3833 = ( NAMED_UNIT(*) PLANE_ANGLE_UNIT() SI_UNIT($,.RADIAN.) );
#3834 = ( NAMED_UNIT(*) SI_UNIT($,.STERADIAN.) SOLID_ANGLE_UNIT() );
#3835 = UNCERTAINTY_MEASURE_WITH_UNIT(LENGTH_MEASURE(1.E-07),#3832,
  'distance_accuracy_value','confusion accuracy');
#3836 = CONTEXT_DEPENDENT_SHAPE_REPRESENTATION(#3837,#3839);
#3837 = ( REPRESENTATION_RELATIONSHIP('','',#2786,#10) 
REPRESENTATION_RELATIONSHIP_WITH_TRANSFORMATION(#3838) 
SHAPE_REPRESENTATION_RELATIONSHIP() );
#3838 = ITEM_DEFINED_TRANSFORMATION('','',#11,#31);
#3839 = PRODUCT_DEFINITION_SHAPE('Placement','Placement of an item',
  #3840);
#3840 = NEXT_ASSEMBLY_USAGE_OCCURRENCE('157','Polica_1','',#5,#2781,$);
#3841 = PRODUCT_RELATED_PRODUCT_CATEGORY('part',$,(#2783));
#3842 = SHAPE_DEFINITION_REPRESENTATION(#3843,#3849);
#3843 = PRODUCT_DEFINITION_SHAPE('','',#3844);
#3844 = PRODUCT_DEFINITION('design','',#3845,#3848);
#3845 = PRODUCT_DEFINITION_FORMATION('','',#3846);
#3846 = PRODUCT('Nosilec_2_L','Nosilec_2_L','',(#3847));
#3847 = PRODUCT_CONTEXT('',#2,'mechanical');
#3848 = PRODUCT_DEFINITION_CONTEXT('part definition',#2,'design');
#3849 = ADVANCED_BREP_SHAPE_REPRESENTATION('',(#11,#3850),#4253);
#3850 = MANIFOLD_SOLID_BREP('',#3851);
#3851 = CLOSED_SHELL('',(#3852,#3903,#3934,#3992,#4050,#4067,#4092,#4112
    ,#4151,#4168,#4207,#4219,#4236));
#3852 = ADVANCED_FACE('',(#3853,#3887),#3898,.T.);
#3853 = FACE_BOUND('',#3854,.T.);
#3854 = EDGE_LOOP('',(#3855,#3865,#3873,#3881));
#3855 = ORIENTED_EDGE('',*,*,#3856,.T.);
#3856 = EDGE_CURVE('',#3857,#3859,#3861,.T.);
#3857 = VERTEX_POINT('',#3858);
#3858 = CARTESIAN_POINT('',(40.,363.,0.));
#3859 = VERTEX_POINT('',#3860);
#3860 = CARTESIAN_POINT('',(40.,363.,180.));
#3861 = LINE('',#3862,#3863);
#3862 = CARTESIAN_POINT('',(40.,363.,0.));
#3863 = VECTOR('',#3864,1.);
#3864 = DIRECTION('',(0.,0.,1.));
#3865 = ORIENTED_EDGE('',*,*,#3866,.T.);
#3866 = EDGE_CURVE('',#3859,#3867,#3869,.T.);
#3867 = VERTEX_POINT('',#3868);
#3868 = CARTESIAN_POINT('',(4.,363.,180.));
#3869 = LINE('',#3870,#3871);
#3870 = CARTESIAN_POINT('',(4.,363.,180.));
#3871 = VECTOR('',#3872,1.);
#3872 = DIRECTION('',(-1.,-0.,-0.));
#3873 = ORIENTED_EDGE('',*,*,#3874,.F.);
#3874 = EDGE_CURVE('',#3875,#3867,#3877,.T.);
#3875 = VERTEX_POINT('',#3876);
#3876 = CARTESIAN_POINT('',(4.,363.,0.));
#3877 = LINE('',#3878,#3879);
#3878 = CARTESIAN_POINT('',(4.,363.,0.));
#3879 = VECTOR('',#3880,1.);
#3880 = DIRECTION('',(0.,0.,1.));
#3881 = ORIENTED_EDGE('',*,*,#3882,.F.);
#3882 = EDGE_CURVE('',#3857,#3875,#3883,.T.);
#3883 = LINE('',#3884,#3885);
#3884 = CARTESIAN_POINT('',(4.,363.,0.));
#3885 = VECTOR('',#3886,1.);
#3886 = DIRECTION('',(-1.,-0.,-0.));
#3887 = FACE_BOUND('',#3888,.T.);
#3888 = EDGE_LOOP('',(#3889));
#3889 = ORIENTED_EDGE('',*,*,#3890,.T.);
#3890 = EDGE_CURVE('',#3891,#3891,#3893,.T.);
#3891 = VERTEX_POINT('',#3892);
#3892 = CARTESIAN_POINT('',(20.,363.,92.05));
#3893 = CIRCLE('',#3894,2.05);
#3894 = AXIS2_PLACEMENT_3D('',#3895,#3896,#3897);
#3895 = CARTESIAN_POINT('',(20.,363.,90.));
#3896 = DIRECTION('',(-0.,1.,0.));
#3897 = DIRECTION('',(0.,0.,1.));
#3898 = PLANE('',#3899);
#3899 = AXIS2_PLACEMENT_3D('',#3900,#3901,#3902);
#3900 = CARTESIAN_POINT('',(40.,363.,0.));
#3901 = DIRECTION('',(0.,-1.,0.));
#3902 = DIRECTION('',(-1.,-0.,0.));
#3903 = ADVANCED_FACE('',(#3904),#3929,.T.);
#3904 = FACE_BOUND('',#3905,.T.);
#3905 = EDGE_LOOP('',(#3906,#3916,#3922,#3923));
#3906 = ORIENTED_EDGE('',*,*,#3907,.T.);
#3907 = EDGE_CURVE('',#3908,#3910,#3912,.T.);
#3908 = VERTEX_POINT('',#3909);
#3909 = CARTESIAN_POINT('',(40.,365.,0.));
#3910 = VERTEX_POINT('',#3911);
#3911 = CARTESIAN_POINT('',(40.,365.,180.));
#3912 = LINE('',#3913,#3914);
#3913 = CARTESIAN_POINT('',(40.,365.,0.));
#3914 = VECTOR('',#3915,1.);
#3915 = DIRECTION('',(0.,0.,1.));
#3916 = ORIENTED_EDGE('',*,*,#3917,.T.);
#3917 = EDGE_CURVE('',#3910,#3859,#3918,.T.);
#3918 = LINE('',#3919,#3920);
#3919 = CARTESIAN_POINT('',(40.,365.,180.));
#3920 = VECTOR('',#3921,1.);
#3921 = DIRECTION('',(0.,-1.,0.));
#3922 = ORIENTED_EDGE('',*,*,#3856,.F.);
#3923 = ORIENTED_EDGE('',*,*,#3924,.F.);
#3924 = EDGE_CURVE('',#3908,#3857,#3925,.T.);
#3925 = LINE('',#3926,#3927);
#3926 = CARTESIAN_POINT('',(40.,365.,0.));
#3927 = VECTOR('',#3928,1.);
#3928 = DIRECTION('',(0.,-1.,0.));
#3929 = PLANE('',#3930);
#3930 = AXIS2_PLACEMENT_3D('',#3931,#3932,#3933);
#3931 = CARTESIAN_POINT('',(40.,365.,0.));
#3932 = DIRECTION('',(1.,0.,-0.));
#3933 = DIRECTION('',(0.,-1.,0.));
#3934 = ADVANCED_FACE('',(#3935),#3987,.T.);
#3935 = FACE_BOUND('',#3936,.T.);
#3936 = EDGE_LOOP('',(#3937,#3938,#3947,#3955,#3963,#3971,#3980,#3986));
#3937 = ORIENTED_EDGE('',*,*,#3882,.T.);
#3938 = ORIENTED_EDGE('',*,*,#3939,.T.);
#3939 = EDGE_CURVE('',#3875,#3940,#3942,.T.);
#3940 = VERTEX_POINT('',#3941);
#3941 = CARTESIAN_POINT('',(2.,361.,0.));
#3942 = CIRCLE('',#3943,2.);
#3943 = AXIS2_PLACEMENT_3D('',#3944,#3945,#3946);
#3944 = CARTESIAN_POINT('',(4.,361.,0.));
#3945 = DIRECTION('',(0.,-0.,1.));
#3946 = DIRECTION('',(-1.,0.,0.));
#3947 = ORIENTED_EDGE('',*,*,#3948,.T.);
#3948 = EDGE_CURVE('',#3940,#3949,#3951,.T.);
#3949 = VERTEX_POINT('',#3950);
#3950 = CARTESIAN_POINT('',(2.,325.,0.));
#3951 = LINE('',#3952,#3953);
#3952 = CARTESIAN_POINT('',(2.,325.,0.));
#3953 = VECTOR('',#3954,1.);
#3954 = DIRECTION('',(-0.,-1.,-0.));
#3955 = ORIENTED_EDGE('',*,*,#3956,.T.);
#3956 = EDGE_CURVE('',#3949,#3957,#3959,.T.);
#3957 = VERTEX_POINT('',#3958);
#3958 = CARTESIAN_POINT('',(0.,325.,0.));
#3959 = LINE('',#3960,#3961);
#3960 = CARTESIAN_POINT('',(0.,325.,0.));
#3961 = VECTOR('',#3962,1.);
#3962 = DIRECTION('',(-1.,-0.,-0.));
#3963 = ORIENTED_EDGE('',*,*,#3964,.T.);
#3964 = EDGE_CURVE('',#3957,#3965,#3967,.T.);
#3965 = VERTEX_POINT('',#3966);
#3966 = CARTESIAN_POINT('',(4.884981308351E-15,361.,0.));
#3967 = LINE('',#3968,#3969);
#3968 = CARTESIAN_POINT('',(0.,325.,0.));
#3969 = VECTOR('',#3970,1.);
#3970 = DIRECTION('',(0.,1.,0.));
#3971 = ORIENTED_EDGE('',*,*,#3972,.T.);
#3972 = EDGE_CURVE('',#3965,#3973,#3975,.T.);
#3973 = VERTEX_POINT('',#3974);
#3974 = CARTESIAN_POINT('',(4.,365.,0.));
#3975 = CIRCLE('',#3976,4.);
#3976 = AXIS2_PLACEMENT_3D('',#3977,#3978,#3979);
#3977 = CARTESIAN_POINT('',(4.,361.,0.));
#3978 = DIRECTION('',(0.,0.,-1.));
#3979 = DIRECTION('',(-1.,-1.42108547152E-14,-0.));
#3980 = ORIENTED_EDGE('',*,*,#3981,.T.);
#3981 = EDGE_CURVE('',#3973,#3908,#3982,.T.);
#3982 = LINE('',#3983,#3984);
#3983 = CARTESIAN_POINT('',(4.,365.,0.));
#3984 = VECTOR('',#3985,1.);
#3985 = DIRECTION('',(1.,0.,0.));
#3986 = ORIENTED_EDGE('',*,*,#3924,.T.);
#3987 = PLANE('',#3988);
#3988 = AXIS2_PLACEMENT_3D('',#3989,#3990,#3991);
#3989 = CARTESIAN_POINT('',(11.161832513452,353.83816748654,0.));
#3990 = DIRECTION('',(-0.,-0.,-1.));
#3991 = DIRECTION('',(-1.,0.,0.));
#3992 = ADVANCED_FACE('',(#3993),#4045,.F.);
#3993 = FACE_BOUND('',#3994,.F.);
#3994 = EDGE_LOOP('',(#3995,#3996,#4005,#4013,#4021,#4029,#4038,#4044));
#3995 = ORIENTED_EDGE('',*,*,#3866,.T.);
#3996 = ORIENTED_EDGE('',*,*,#3997,.T.);
#3997 = EDGE_CURVE('',#3867,#3998,#4000,.T.);
#3998 = VERTEX_POINT('',#3999);
#3999 = CARTESIAN_POINT('',(2.,361.,180.));
#4000 = CIRCLE('',#4001,2.);
#4001 = AXIS2_PLACEMENT_3D('',#4002,#4003,#4004);
#4002 = CARTESIAN_POINT('',(4.,361.,180.));
#4003 = DIRECTION('',(0.,-0.,1.));
#4004 = DIRECTION('',(-1.,0.,0.));
#4005 = ORIENTED_EDGE('',*,*,#4006,.T.);
#4006 = EDGE_CURVE('',#3998,#4007,#4009,.T.);
#4007 = VERTEX_POINT('',#4008);
#4008 = CARTESIAN_POINT('',(2.,325.,180.));
#4009 = LINE('',#4010,#4011);
#4010 = CARTESIAN_POINT('',(2.,325.,180.));
#4011 = VECTOR('',#4012,1.);
#4012 = DIRECTION('',(-0.,-1.,-0.));
#4013 = ORIENTED_EDGE('',*,*,#4014,.T.);
#4014 = EDGE_CURVE('',#4007,#4015,#4017,.T.);
#4015 = VERTEX_POINT('',#4016);
#4016 = CARTESIAN_POINT('',(0.,325.,180.));
#4017 = LINE('',#4018,#4019);
#4018 = CARTESIAN_POINT('',(0.,325.,180.));
#4019 = VECTOR('',#4020,1.);
#4020 = DIRECTION('',(-1.,-0.,-0.));
#4021 = ORIENTED_EDGE('',*,*,#4022,.T.);
#4022 = EDGE_CURVE('',#4015,#4023,#4025,.T.);
#4023 = VERTEX_POINT('',#4024);
#4024 = CARTESIAN_POINT('',(4.884981308351E-15,361.,180.));
#4025 = LINE('',#4026,#4027);
#4026 = CARTESIAN_POINT('',(0.,325.,180.));
#4027 = VECTOR('',#4028,1.);
#4028 = DIRECTION('',(0.,1.,0.));
#4029 = ORIENTED_EDGE('',*,*,#4030,.T.);
#4030 = EDGE_CURVE('',#4023,#4031,#4033,.T.);
#4031 = VERTEX_POINT('',#4032);
#4032 = CARTESIAN_POINT('',(4.,365.,180.));
#4033 = CIRCLE('',#4034,4.);
#4034 = AXIS2_PLACEMENT_3D('',#4035,#4036,#4037);
#4035 = CARTESIAN_POINT('',(4.,361.,180.));
#4036 = DIRECTION('',(0.,0.,-1.));
#4037 = DIRECTION('',(-1.,-1.42108547152E-14,-0.));
#4038 = ORIENTED_EDGE('',*,*,#4039,.T.);
#4039 = EDGE_CURVE('',#4031,#3910,#4040,.T.);
#4040 = LINE('',#4041,#4042);
#4041 = CARTESIAN_POINT('',(4.,365.,180.));
#4042 = VECTOR('',#4043,1.);
#4043 = DIRECTION('',(1.,0.,0.));
#4044 = ORIENTED_EDGE('',*,*,#3917,.T.);
#4045 = PLANE('',#4046);
#4046 = AXIS2_PLACEMENT_3D('',#4047,#4048,#4049);
#4047 = CARTESIAN_POINT('',(11.161832513452,353.83816748654,180.));
#4048 = DIRECTION('',(-0.,-0.,-1.));
#4049 = DIRECTION('',(-1.,0.,0.));
#4050 = ADVANCED_FACE('',(#4051),#4062,.F.);
#4051 = FACE_BOUND('',#4052,.T.);
#4052 = EDGE_LOOP('',(#4053,#4054,#4055,#4061));
#4053 = ORIENTED_EDGE('',*,*,#3874,.T.);
#4054 = ORIENTED_EDGE('',*,*,#3997,.T.);
#4055 = ORIENTED_EDGE('',*,*,#4056,.F.);
#4056 = EDGE_CURVE('',#3940,#3998,#4057,.T.);
#4057 = LINE('',#4058,#4059);
#4058 = CARTESIAN_POINT('',(2.,361.,0.));
#4059 = VECTOR('',#4060,1.);
#4060 = DIRECTION('',(0.,0.,1.));
#4061 = ORIENTED_EDGE('',*,*,#3939,.F.);
#4062 = CYLINDRICAL_SURFACE('',#4063,2.);
#4063 = AXIS2_PLACEMENT_3D('',#4064,#4065,#4066);
#4064 = CARTESIAN_POINT('',(4.,361.,0.));
#4065 = DIRECTION('',(-0.,0.,-1.));
#4066 = DIRECTION('',(-1.,0.,0.));
#4067 = ADVANCED_FACE('',(#4068),#4087,.F.);
#4068 = FACE_BOUND('',#4069,.F.);
#4069 = EDGE_LOOP('',(#4070,#4079,#4085,#4086));
#4070 = ORIENTED_EDGE('',*,*,#4071,.F.);
#4071 = EDGE_CURVE('',#4072,#4072,#4074,.T.);
#4072 = VERTEX_POINT('',#4073);
#4073 = CARTESIAN_POINT('',(20.,365.,92.05));
#4074 = CIRCLE('',#4075,2.05);
#4075 = AXIS2_PLACEMENT_3D('',#4076,#4077,#4078);
#4076 = CARTESIAN_POINT('',(20.,365.,90.));
#4077 = DIRECTION('',(-0.,1.,0.));
#4078 = DIRECTION('',(0.,0.,1.));
#4079 = ORIENTED_EDGE('',*,*,#4080,.F.);
#4080 = EDGE_CURVE('',#3891,#4072,#4081,.T.);
#4081 = LINE('',#4082,#4083);
#4082 = CARTESIAN_POINT('',(20.,360.,92.05));
#4083 = VECTOR('',#4084,1.);
#4084 = DIRECTION('',(0.,1.,0.));
#4085 = ORIENTED_EDGE('',*,*,#3890,.T.);
#4086 = ORIENTED_EDGE('',*,*,#4080,.T.);
#4087 = CYLINDRICAL_SURFACE('',#4088,2.05);
#4088 = AXIS2_PLACEMENT_3D('',#4089,#4090,#4091);
#4089 = CARTESIAN_POINT('',(20.,360.,90.));
#4090 = DIRECTION('',(-0.,1.,0.));
#4091 = DIRECTION('',(0.,0.,1.));
#4092 = ADVANCED_FACE('',(#4093,#4104),#4107,.T.);
#4093 = FACE_BOUND('',#4094,.T.);
#4094 = EDGE_LOOP('',(#4095,#4101,#4102,#4103));
#4095 = ORIENTED_EDGE('',*,*,#4096,.T.);
#4096 = EDGE_CURVE('',#3973,#4031,#4097,.T.);
#4097 = LINE('',#4098,#4099);
#4098 = CARTESIAN_POINT('',(4.,365.,0.));
#4099 = VECTOR('',#4100,1.);
#4100 = DIRECTION('',(0.,0.,1.));
#4101 = ORIENTED_EDGE('',*,*,#4039,.T.);
#4102 = ORIENTED_EDGE('',*,*,#3907,.F.);
#4103 = ORIENTED_EDGE('',*,*,#3981,.F.);
#4104 = FACE_BOUND('',#4105,.T.);
#4105 = EDGE_LOOP('',(#4106));
#4106 = ORIENTED_EDGE('',*,*,#4071,.F.);
#4107 = PLANE('',#4108);
#4108 = AXIS2_PLACEMENT_3D('',#4109,#4110,#4111);
#4109 = CARTESIAN_POINT('',(4.,365.,0.));
#4110 = DIRECTION('',(0.,1.,0.));
#4111 = DIRECTION('',(1.,0.,0.));
#4112 = ADVANCED_FACE('',(#4113,#4124,#4135),#4146,.T.);
#4113 = FACE_BOUND('',#4114,.T.);
#4114 = EDGE_LOOP('',(#4115,#4116,#4117,#4123));
#4115 = ORIENTED_EDGE('',*,*,#4056,.T.);
#4116 = ORIENTED_EDGE('',*,*,#4006,.T.);
#4117 = ORIENTED_EDGE('',*,*,#4118,.F.);
#4118 = EDGE_CURVE('',#3949,#4007,#4119,.T.);
#4119 = LINE('',#4120,#4121);
#4120 = CARTESIAN_POINT('',(2.,325.,0.));
#4121 = VECTOR('',#4122,1.);
#4122 = DIRECTION('',(0.,0.,1.));
#4123 = ORIENTED_EDGE('',*,*,#3948,.F.);
#4124 = FACE_BOUND('',#4125,.T.);
#4125 = EDGE_LOOP('',(#4126));
#4126 = ORIENTED_EDGE('',*,*,#4127,.T.);
#4127 = EDGE_CURVE('',#4128,#4128,#4130,.T.);
#4128 = VERTEX_POINT('',#4129);
#4129 = CARTESIAN_POINT('',(2.,345.,147.95));
#4130 = CIRCLE('',#4131,2.05);
#4131 = AXIS2_PLACEMENT_3D('',#4132,#4133,#4134);
#4132 = CARTESIAN_POINT('',(2.,345.,150.));
#4133 = DIRECTION('',(-1.,0.,0.));
#4134 = DIRECTION('',(0.,0.,-1.));
#4135 = FACE_BOUND('',#4136,.T.);
#4136 = EDGE_LOOP('',(#4137));
#4137 = ORIENTED_EDGE('',*,*,#4138,.T.);
#4138 = EDGE_CURVE('',#4139,#4139,#4141,.T.);
#4139 = VERTEX_POINT('',#4140);
#4140 = CARTESIAN_POINT('',(2.,345.,27.95));
#4141 = CIRCLE('',#4142,2.05);
#4142 = AXIS2_PLACEMENT_3D('',#4143,#4144,#4145);
#4143 = CARTESIAN_POINT('',(2.,345.,30.));
#4144 = DIRECTION('',(-1.,0.,0.));
#4145 = DIRECTION('',(0.,0.,-1.));
#4146 = PLANE('',#4147);
#4147 = AXIS2_PLACEMENT_3D('',#4148,#4149,#4150);
#4148 = CARTESIAN_POINT('',(2.,361.,0.));
#4149 = DIRECTION('',(1.,0.,0.));
#4150 = DIRECTION('',(0.,-1.,0.));
#4151 = ADVANCED_FACE('',(#4152),#4163,.T.);
#4152 = FACE_BOUND('',#4153,.T.);
#4153 = EDGE_LOOP('',(#4154,#4155,#4156,#4162));
#4154 = ORIENTED_EDGE('',*,*,#4118,.T.);
#4155 = ORIENTED_EDGE('',*,*,#4014,.T.);
#4156 = ORIENTED_EDGE('',*,*,#4157,.F.);
#4157 = EDGE_CURVE('',#3957,#4015,#4158,.T.);
#4158 = LINE('',#4159,#4160);
#4159 = CARTESIAN_POINT('',(0.,325.,0.));
#4160 = VECTOR('',#4161,1.);
#4161 = DIRECTION('',(0.,0.,1.));
#4162 = ORIENTED_EDGE('',*,*,#3956,.F.);
#4163 = PLANE('',#4164);
#4164 = AXIS2_PLACEMENT_3D('',#4165,#4166,#4167);
#4165 = CARTESIAN_POINT('',(2.,325.,0.));
#4166 = DIRECTION('',(0.,-1.,0.));
#4167 = DIRECTION('',(-1.,-0.,0.));
#4168 = ADVANCED_FACE('',(#4169,#4180,#4191),#4202,.T.);
#4169 = FACE_BOUND('',#4170,.T.);
#4170 = EDGE_LOOP('',(#4171,#4172,#4173,#4179));
#4171 = ORIENTED_EDGE('',*,*,#4157,.T.);
#4172 = ORIENTED_EDGE('',*,*,#4022,.T.);
#4173 = ORIENTED_EDGE('',*,*,#4174,.F.);
#4174 = EDGE_CURVE('',#3965,#4023,#4175,.T.);
#4175 = LINE('',#4176,#4177);
#4176 = CARTESIAN_POINT('',(4.884981308351E-15,361.,0.));
#4177 = VECTOR('',#4178,1.);
#4178 = DIRECTION('',(0.,0.,1.));
#4179 = ORIENTED_EDGE('',*,*,#3964,.F.);
#4180 = FACE_BOUND('',#4181,.T.);
#4181 = EDGE_LOOP('',(#4182));
#4182 = ORIENTED_EDGE('',*,*,#4183,.F.);
#4183 = EDGE_CURVE('',#4184,#4184,#4186,.T.);
#4184 = VERTEX_POINT('',#4185);
#4185 = CARTESIAN_POINT('',(0.,345.,147.95));
#4186 = CIRCLE('',#4187,2.05);
#4187 = AXIS2_PLACEMENT_3D('',#4188,#4189,#4190);
#4188 = CARTESIAN_POINT('',(0.,345.,150.));
#4189 = DIRECTION('',(-1.,0.,0.));
#4190 = DIRECTION('',(0.,0.,-1.));
#4191 = FACE_BOUND('',#4192,.T.);
#4192 = EDGE_LOOP('',(#4193));
#4193 = ORIENTED_EDGE('',*,*,#4194,.F.);
#4194 = EDGE_CURVE('',#4195,#4195,#4197,.T.);
#4195 = VERTEX_POINT('',#4196);
#4196 = CARTESIAN_POINT('',(0.,345.,27.95));
#4197 = CIRCLE('',#4198,2.05);
#4198 = AXIS2_PLACEMENT_3D('',#4199,#4200,#4201);
#4199 = CARTESIAN_POINT('',(0.,345.,30.));
#4200 = DIRECTION('',(-1.,0.,0.));
#4201 = DIRECTION('',(0.,0.,-1.));
#4202 = PLANE('',#4203);
#4203 = AXIS2_PLACEMENT_3D('',#4204,#4205,#4206);
#4204 = CARTESIAN_POINT('',(0.,325.,0.));
#4205 = DIRECTION('',(-1.,0.,0.));
#4206 = DIRECTION('',(0.,1.,0.));
#4207 = ADVANCED_FACE('',(#4208),#4214,.T.);
#4208 = FACE_BOUND('',#4209,.T.);
#4209 = EDGE_LOOP('',(#4210,#4211,#4212,#4213));
#4210 = ORIENTED_EDGE('',*,*,#4174,.T.);
#4211 = ORIENTED_EDGE('',*,*,#4030,.T.);
#4212 = ORIENTED_EDGE('',*,*,#4096,.F.);
#4213 = ORIENTED_EDGE('',*,*,#3972,.F.);
#4214 = CYLINDRICAL_SURFACE('',#4215,4.);
#4215 = AXIS2_PLACEMENT_3D('',#4216,#4217,#4218);
#4216 = CARTESIAN_POINT('',(4.,361.,0.));
#4217 = DIRECTION('',(0.,0.,-1.));
#4218 = DIRECTION('',(-1.,-1.42108547152E-14,-0.));
#4219 = ADVANCED_FACE('',(#4220),#4231,.F.);
#4220 = FACE_BOUND('',#4221,.F.);
#4221 = EDGE_LOOP('',(#4222,#4223,#4229,#4230));
#4222 = ORIENTED_EDGE('',*,*,#4183,.F.);
#4223 = ORIENTED_EDGE('',*,*,#4224,.F.);
#4224 = EDGE_CURVE('',#4128,#4184,#4225,.T.);
#4225 = LINE('',#4226,#4227);
#4226 = CARTESIAN_POINT('',(5.,345.,147.95));
#4227 = VECTOR('',#4228,1.);
#4228 = DIRECTION('',(-1.,0.,0.));
#4229 = ORIENTED_EDGE('',*,*,#4127,.T.);
#4230 = ORIENTED_EDGE('',*,*,#4224,.T.);
#4231 = CYLINDRICAL_SURFACE('',#4232,2.05);
#4232 = AXIS2_PLACEMENT_3D('',#4233,#4234,#4235);
#4233 = CARTESIAN_POINT('',(5.,345.,150.));
#4234 = DIRECTION('',(-1.,0.,0.));
#4235 = DIRECTION('',(0.,0.,-1.));
#4236 = ADVANCED_FACE('',(#4237),#4248,.F.);
#4237 = FACE_BOUND('',#4238,.F.);
#4238 = EDGE_LOOP('',(#4239,#4240,#4246,#4247));
#4239 = ORIENTED_EDGE('',*,*,#4194,.F.);
#4240 = ORIENTED_EDGE('',*,*,#4241,.F.);
#4241 = EDGE_CURVE('',#4139,#4195,#4242,.T.);
#4242 = LINE('',#4243,#4244);
#4243 = CARTESIAN_POINT('',(5.,345.,27.95));
#4244 = VECTOR('',#4245,1.);
#4245 = DIRECTION('',(-1.,0.,0.));
#4246 = ORIENTED_EDGE('',*,*,#4138,.T.);
#4247 = ORIENTED_EDGE('',*,*,#4241,.T.);
#4248 = CYLINDRICAL_SURFACE('',#4249,2.05);
#4249 = AXIS2_PLACEMENT_3D('',#4250,#4251,#4252);
#4250 = CARTESIAN_POINT('',(5.,345.,30.));
#4251 = DIRECTION('',(-1.,0.,0.));
#4252 = DIRECTION('',(0.,0.,-1.));
#4253 = ( GEOMETRIC_REPRESENTATION_CONTEXT(3) 
GLOBAL_UNCERTAINTY_ASSIGNED_CONTEXT((#4257)) 
GLOBAL_UNIT_ASSIGNED_CONTEXT((#4254,#4255,#4256)) REPRESENTATION_CONTEXT
('Context #1','3D Context with UNIT and UNCERTAINTY') );
#4254 = ( LENGTH_UNIT() NAMED_UNIT(*) SI_UNIT(.MILLI.,.METRE.) );
#4255 = ( NAMED_UNIT(*) PLANE_ANGLE_UNIT() SI_UNIT($,.RADIAN.) );
#4256 = ( NAMED_UNIT(*) SI_UNIT($,.STERADIAN.) SOLID_ANGLE_UNIT() );
#4257 = UNCERTAINTY_MEASURE_WITH_UNIT(LENGTH_MEASURE(1.E-07),#4254,
  'distance_accuracy_value','confusion accuracy');
#4258 = CONTEXT_DEPENDENT_SHAPE_REPRESENTATION(#4259,#4261);
#4259 = ( REPRESENTATION_RELATIONSHIP('','',#3849,#10) 
REPRESENTATION_RELATIONSHIP_WITH_TRANSFORMATION(#4260) 
SHAPE_REPRESENTATION_RELATIONSHIP() );
#4260 = ITEM_DEFINED_TRANSFORMATION('','',#11,#35);
#4261 = PRODUCT_DEFINITION_SHAPE('Placement','Placement of an item',
  #4262);
#4262 = NEXT_ASSEMBLY_USAGE_OCCURRENCE('158','Nosilec_2_L','',#5,#3844,$
  );
#4263 = PRODUCT_RELATED_PRODUCT_CATEGORY('part',$,(#3846));
#4264 = SHAPE_DEFINITION_REPRESENTATION(#4265,#4271);
#4265 = PRODUCT_DEFINITION_SHAPE('','',#4266);
#4266 = PRODUCT_DEFINITION('design','',#4267,#4270);
#4267 = PRODUCT_DEFINITION_FORMATION('','',#4268);
#4268 = PRODUCT('Nosilec_2_D','Nosilec_2_D','',(#4269));
#4269 = PRODUCT_CONTEXT('',#2,'mechanical');
#4270 = PRODUCT_DEFINITION_CONTEXT('part definition',#2,'design');
#4271 = ADVANCED_BREP_SHAPE_REPRESENTATION('',(#11,#4272),#4675);
#4272 = MANIFOLD_SOLID_BREP('',#4273);
#4273 = CLOSED_SHELL('',(#4274,#4325,#4356,#4414,#4472,#4489,#4514,#4534
    ,#4573,#4590,#4629,#4641,#4658));
#4274 = ADVANCED_FACE('',(#4275,#4309),#4320,.T.);
#4275 = FACE_BOUND('',#4276,.F.);
#4276 = EDGE_LOOP('',(#4277,#4287,#4295,#4303));
#4277 = ORIENTED_EDGE('',*,*,#4278,.T.);
#4278 = EDGE_CURVE('',#4279,#4281,#4283,.T.);
#4279 = VERTEX_POINT('',#4280);
#4280 = CARTESIAN_POINT('',(1.66E+03,363.,0.));
#4281 = VERTEX_POINT('',#4282);
#4282 = CARTESIAN_POINT('',(1.66E+03,363.,180.));
#4283 = LINE('',#4284,#4285);
#4284 = CARTESIAN_POINT('',(1.66E+03,363.,0.));
#4285 = VECTOR('',#4286,1.);
#4286 = DIRECTION('',(-0.,-0.,1.));
#4287 = ORIENTED_EDGE('',*,*,#4288,.T.);
#4288 = EDGE_CURVE('',#4281,#4289,#4291,.T.);
#4289 = VERTEX_POINT('',#4290);
#4290 = CARTESIAN_POINT('',(1.696E+03,363.,180.));
#4291 = LINE('',#4292,#4293);
#4292 = CARTESIAN_POINT('',(1.696E+03,363.,180.));
#4293 = VECTOR('',#4294,1.);
#4294 = DIRECTION('',(1.,-0.,-0.));
#4295 = ORIENTED_EDGE('',*,*,#4296,.F.);
#4296 = EDGE_CURVE('',#4297,#4289,#4299,.T.);
#4297 = VERTEX_POINT('',#4298);
#4298 = CARTESIAN_POINT('',(1.696E+03,363.,0.));
#4299 = LINE('',#4300,#4301);
#4300 = CARTESIAN_POINT('',(1.696E+03,363.,0.));
#4301 = VECTOR('',#4302,1.);
#4302 = DIRECTION('',(-0.,-0.,1.));
#4303 = ORIENTED_EDGE('',*,*,#4304,.F.);
#4304 = EDGE_CURVE('',#4279,#4297,#4305,.T.);
#4305 = LINE('',#4306,#4307);
#4306 = CARTESIAN_POINT('',(1.696E+03,363.,0.));
#4307 = VECTOR('',#4308,1.);
#4308 = DIRECTION('',(1.,-0.,-0.));
#4309 = FACE_BOUND('',#4310,.F.);
#4310 = EDGE_LOOP('',(#4311));
#4311 = ORIENTED_EDGE('',*,*,#4312,.T.);
#4312 = EDGE_CURVE('',#4313,#4313,#4315,.T.);
#4313 = VERTEX_POINT('',#4314);
#4314 = CARTESIAN_POINT('',(1.68E+03,363.,92.05));
#4315 = CIRCLE('',#4316,2.05);
#4316 = AXIS2_PLACEMENT_3D('',#4317,#4318,#4319);
#4317 = CARTESIAN_POINT('',(1.68E+03,363.,90.));
#4318 = DIRECTION('',(0.,-1.,0.));
#4319 = DIRECTION('',(-0.,-0.,1.));
#4320 = PLANE('',#4321);
#4321 = AXIS2_PLACEMENT_3D('',#4322,#4323,#4324);
#4322 = CARTESIAN_POINT('',(1.66E+03,363.,0.));
#4323 = DIRECTION('',(-0.,-1.,-0.));
#4324 = DIRECTION('',(-1.,0.,-0.));
#4325 = ADVANCED_FACE('',(#4326),#4351,.T.);
#4326 = FACE_BOUND('',#4327,.F.);
#4327 = EDGE_LOOP('',(#4328,#4338,#4344,#4345));
#4328 = ORIENTED_EDGE('',*,*,#4329,.T.);
#4329 = EDGE_CURVE('',#4330,#4332,#4334,.T.);
#4330 = VERTEX_POINT('',#4331);
#4331 = CARTESIAN_POINT('',(1.66E+03,365.,0.));
#4332 = VERTEX_POINT('',#4333);
#4333 = CARTESIAN_POINT('',(1.66E+03,365.,180.));
#4334 = LINE('',#4335,#4336);
#4335 = CARTESIAN_POINT('',(1.66E+03,365.,0.));
#4336 = VECTOR('',#4337,1.);
#4337 = DIRECTION('',(-0.,-0.,1.));
#4338 = ORIENTED_EDGE('',*,*,#4339,.T.);
#4339 = EDGE_CURVE('',#4332,#4281,#4340,.T.);
#4340 = LINE('',#4341,#4342);
#4341 = CARTESIAN_POINT('',(1.66E+03,365.,180.));
#4342 = VECTOR('',#4343,1.);
#4343 = DIRECTION('',(-0.,-1.,-0.));
#4344 = ORIENTED_EDGE('',*,*,#4278,.F.);
#4345 = ORIENTED_EDGE('',*,*,#4346,.F.);
#4346 = EDGE_CURVE('',#4330,#4279,#4347,.T.);
#4347 = LINE('',#4348,#4349);
#4348 = CARTESIAN_POINT('',(1.66E+03,365.,0.));
#4349 = VECTOR('',#4350,1.);
#4350 = DIRECTION('',(-0.,-1.,-0.));
#4351 = PLANE('',#4352);
#4352 = AXIS2_PLACEMENT_3D('',#4353,#4354,#4355);
#4353 = CARTESIAN_POINT('',(1.66E+03,365.,0.));
#4354 = DIRECTION('',(-1.,-0.,-0.));
#4355 = DIRECTION('',(0.,1.,0.));
#4356 = ADVANCED_FACE('',(#4357),#4409,.T.);
#4357 = FACE_BOUND('',#4358,.F.);
#4358 = EDGE_LOOP('',(#4359,#4360,#4369,#4377,#4385,#4393,#4402,#4408));
#4359 = ORIENTED_EDGE('',*,*,#4304,.T.);
#4360 = ORIENTED_EDGE('',*,*,#4361,.T.);
#4361 = EDGE_CURVE('',#4297,#4362,#4364,.T.);
#4362 = VERTEX_POINT('',#4363);
#4363 = CARTESIAN_POINT('',(1.698E+03,361.,0.));
#4364 = CIRCLE('',#4365,2.);
#4365 = AXIS2_PLACEMENT_3D('',#4366,#4367,#4368);
#4366 = CARTESIAN_POINT('',(1.696E+03,361.,0.));
#4367 = DIRECTION('',(0.,0.,-1.));
#4368 = DIRECTION('',(1.,-0.,-0.));
#4369 = ORIENTED_EDGE('',*,*,#4370,.T.);
#4370 = EDGE_CURVE('',#4362,#4371,#4373,.T.);
#4371 = VERTEX_POINT('',#4372);
#4372 = CARTESIAN_POINT('',(1.698E+03,325.,0.));
#4373 = LINE('',#4374,#4375);
#4374 = CARTESIAN_POINT('',(1.698E+03,325.,0.));
#4375 = VECTOR('',#4376,1.);
#4376 = DIRECTION('',(0.,-1.,-0.));
#4377 = ORIENTED_EDGE('',*,*,#4378,.T.);
#4378 = EDGE_CURVE('',#4371,#4379,#4381,.T.);
#4379 = VERTEX_POINT('',#4380);
#4380 = CARTESIAN_POINT('',(1.7E+03,325.,0.));
#4381 = LINE('',#4382,#4383);
#4382 = CARTESIAN_POINT('',(1.7E+03,325.,0.));
#4383 = VECTOR('',#4384,1.);
#4384 = DIRECTION('',(1.,-0.,-0.));
#4385 = ORIENTED_EDGE('',*,*,#4386,.T.);
#4386 = EDGE_CURVE('',#4379,#4387,#4389,.T.);
#4387 = VERTEX_POINT('',#4388);
#4388 = CARTESIAN_POINT('',(1.7E+03,361.,0.));
#4389 = LINE('',#4390,#4391);
#4390 = CARTESIAN_POINT('',(1.7E+03,325.,0.));
#4391 = VECTOR('',#4392,1.);
#4392 = DIRECTION('',(-0.,1.,-0.));
#4393 = ORIENTED_EDGE('',*,*,#4394,.T.);
#4394 = EDGE_CURVE('',#4387,#4395,#4397,.T.);
#4395 = VERTEX_POINT('',#4396);
#4396 = CARTESIAN_POINT('',(1.696E+03,365.,0.));
#4397 = CIRCLE('',#4398,4.);
#4398 = AXIS2_PLACEMENT_3D('',#4399,#4400,#4401);
#4399 = CARTESIAN_POINT('',(1.696E+03,361.,0.));
#4400 = DIRECTION('',(0.,0.,1.));
#4401 = DIRECTION('',(1.,-1.42108547152E-14,-0.));
#4402 = ORIENTED_EDGE('',*,*,#4403,.T.);
#4403 = EDGE_CURVE('',#4395,#4330,#4404,.T.);
#4404 = LINE('',#4405,#4406);
#4405 = CARTESIAN_POINT('',(1.696E+03,365.,0.));
#4406 = VECTOR('',#4407,1.);
#4407 = DIRECTION('',(-1.,-0.,-0.));
#4408 = ORIENTED_EDGE('',*,*,#4346,.T.);
#4409 = PLANE('',#4410);
#4410 = AXIS2_PLACEMENT_3D('',#4411,#4412,#4413);
#4411 = CARTESIAN_POINT('',(1.688838167487E+03,353.83816748654,0.));
#4412 = DIRECTION('',(0.,-0.,-1.));
#4413 = DIRECTION('',(-1.,0.,0.));
#4414 = ADVANCED_FACE('',(#4415),#4467,.F.);
#4415 = FACE_BOUND('',#4416,.T.);
#4416 = EDGE_LOOP('',(#4417,#4418,#4427,#4435,#4443,#4451,#4460,#4466));
#4417 = ORIENTED_EDGE('',*,*,#4288,.T.);
#4418 = ORIENTED_EDGE('',*,*,#4419,.T.);
#4419 = EDGE_CURVE('',#4289,#4420,#4422,.T.);
#4420 = VERTEX_POINT('',#4421);
#4421 = CARTESIAN_POINT('',(1.698E+03,361.,180.));
#4422 = CIRCLE('',#4423,2.);
#4423 = AXIS2_PLACEMENT_3D('',#4424,#4425,#4426);
#4424 = CARTESIAN_POINT('',(1.696E+03,361.,180.));
#4425 = DIRECTION('',(0.,0.,-1.));
#4426 = DIRECTION('',(1.,-0.,-0.));
#4427 = ORIENTED_EDGE('',*,*,#4428,.T.);
#4428 = EDGE_CURVE('',#4420,#4429,#4431,.T.);
#4429 = VERTEX_POINT('',#4430);
#4430 = CARTESIAN_POINT('',(1.698E+03,325.,180.));
#4431 = LINE('',#4432,#4433);
#4432 = CARTESIAN_POINT('',(1.698E+03,325.,180.));
#4433 = VECTOR('',#4434,1.);
#4434 = DIRECTION('',(0.,-1.,-0.));
#4435 = ORIENTED_EDGE('',*,*,#4436,.T.);
#4436 = EDGE_CURVE('',#4429,#4437,#4439,.T.);
#4437 = VERTEX_POINT('',#4438);
#4438 = CARTESIAN_POINT('',(1.7E+03,325.,180.));
#4439 = LINE('',#4440,#4441);
#4440 = CARTESIAN_POINT('',(1.7E+03,325.,180.));
#4441 = VECTOR('',#4442,1.);
#4442 = DIRECTION('',(1.,-0.,-0.));
#4443 = ORIENTED_EDGE('',*,*,#4444,.T.);
#4444 = EDGE_CURVE('',#4437,#4445,#4447,.T.);
#4445 = VERTEX_POINT('',#4446);
#4446 = CARTESIAN_POINT('',(1.7E+03,361.,180.));
#4447 = LINE('',#4448,#4449);
#4448 = CARTESIAN_POINT('',(1.7E+03,325.,180.));
#4449 = VECTOR('',#4450,1.);
#4450 = DIRECTION('',(-0.,1.,-0.));
#4451 = ORIENTED_EDGE('',*,*,#4452,.T.);
#4452 = EDGE_CURVE('',#4445,#4453,#4455,.T.);
#4453 = VERTEX_POINT('',#4454);
#4454 = CARTESIAN_POINT('',(1.696E+03,365.,180.));
#4455 = CIRCLE('',#4456,4.);
#4456 = AXIS2_PLACEMENT_3D('',#4457,#4458,#4459);
#4457 = CARTESIAN_POINT('',(1.696E+03,361.,180.));
#4458 = DIRECTION('',(0.,0.,1.));
#4459 = DIRECTION('',(1.,-1.42108547152E-14,-0.));
#4460 = ORIENTED_EDGE('',*,*,#4461,.T.);
#4461 = EDGE_CURVE('',#4453,#4332,#4462,.T.);
#4462 = LINE('',#4463,#4464);
#4463 = CARTESIAN_POINT('',(1.696E+03,365.,180.));
#4464 = VECTOR('',#4465,1.);
#4465 = DIRECTION('',(-1.,-0.,-0.));
#4466 = ORIENTED_EDGE('',*,*,#4339,.T.);
#4467 = PLANE('',#4468);
#4468 = AXIS2_PLACEMENT_3D('',#4469,#4470,#4471);
#4469 = CARTESIAN_POINT('',(1.688838167487E+03,353.83816748654,180.));
#4470 = DIRECTION('',(0.,-0.,-1.));
#4471 = DIRECTION('',(-1.,0.,0.));
#4472 = ADVANCED_FACE('',(#4473),#4484,.F.);
#4473 = FACE_BOUND('',#4474,.F.);
#4474 = EDGE_LOOP('',(#4475,#4476,#4477,#4483));
#4475 = ORIENTED_EDGE('',*,*,#4296,.T.);
#4476 = ORIENTED_EDGE('',*,*,#4419,.T.);
#4477 = ORIENTED_EDGE('',*,*,#4478,.F.);
#4478 = EDGE_CURVE('',#4362,#4420,#4479,.T.);
#4479 = LINE('',#4480,#4481);
#4480 = CARTESIAN_POINT('',(1.698E+03,361.,0.));
#4481 = VECTOR('',#4482,1.);
#4482 = DIRECTION('',(-0.,-0.,1.));
#4483 = ORIENTED_EDGE('',*,*,#4361,.F.);
#4484 = CYLINDRICAL_SURFACE('',#4485,2.);
#4485 = AXIS2_PLACEMENT_3D('',#4486,#4487,#4488);
#4486 = CARTESIAN_POINT('',(1.696E+03,361.,0.));
#4487 = DIRECTION('',(-0.,0.,-1.));
#4488 = DIRECTION('',(1.,-0.,-0.));
#4489 = ADVANCED_FACE('',(#4490),#4509,.F.);
#4490 = FACE_BOUND('',#4491,.T.);
#4491 = EDGE_LOOP('',(#4492,#4501,#4507,#4508));
#4492 = ORIENTED_EDGE('',*,*,#4493,.F.);
#4493 = EDGE_CURVE('',#4494,#4494,#4496,.T.);
#4494 = VERTEX_POINT('',#4495);
#4495 = CARTESIAN_POINT('',(1.68E+03,365.,92.05));
#4496 = CIRCLE('',#4497,2.05);
#4497 = AXIS2_PLACEMENT_3D('',#4498,#4499,#4500);
#4498 = CARTESIAN_POINT('',(1.68E+03,365.,90.));
#4499 = DIRECTION('',(0.,-1.,0.));
#4500 = DIRECTION('',(-0.,-0.,1.));
#4501 = ORIENTED_EDGE('',*,*,#4502,.F.);
#4502 = EDGE_CURVE('',#4313,#4494,#4503,.T.);
#4503 = LINE('',#4504,#4505);
#4504 = CARTESIAN_POINT('',(1.68E+03,360.,92.05));
#4505 = VECTOR('',#4506,1.);
#4506 = DIRECTION('',(-0.,1.,-0.));
#4507 = ORIENTED_EDGE('',*,*,#4312,.T.);
#4508 = ORIENTED_EDGE('',*,*,#4502,.T.);
#4509 = CYLINDRICAL_SURFACE('',#4510,2.05);
#4510 = AXIS2_PLACEMENT_3D('',#4511,#4512,#4513);
#4511 = CARTESIAN_POINT('',(1.68E+03,360.,90.));
#4512 = DIRECTION('',(-0.,1.,-0.));
#4513 = DIRECTION('',(-0.,-0.,1.));
#4514 = ADVANCED_FACE('',(#4515,#4526),#4529,.T.);
#4515 = FACE_BOUND('',#4516,.F.);
#4516 = EDGE_LOOP('',(#4517,#4523,#4524,#4525));
#4517 = ORIENTED_EDGE('',*,*,#4518,.T.);
#4518 = EDGE_CURVE('',#4395,#4453,#4519,.T.);
#4519 = LINE('',#4520,#4521);
#4520 = CARTESIAN_POINT('',(1.696E+03,365.,0.));
#4521 = VECTOR('',#4522,1.);
#4522 = DIRECTION('',(-0.,-0.,1.));
#4523 = ORIENTED_EDGE('',*,*,#4461,.T.);
#4524 = ORIENTED_EDGE('',*,*,#4329,.F.);
#4525 = ORIENTED_EDGE('',*,*,#4403,.F.);
#4526 = FACE_BOUND('',#4527,.F.);
#4527 = EDGE_LOOP('',(#4528));
#4528 = ORIENTED_EDGE('',*,*,#4493,.F.);
#4529 = PLANE('',#4530);
#4530 = AXIS2_PLACEMENT_3D('',#4531,#4532,#4533);
#4531 = CARTESIAN_POINT('',(1.696E+03,365.,0.));
#4532 = DIRECTION('',(-0.,1.,-0.));
#4533 = DIRECTION('',(1.,0.,0.));
#4534 = ADVANCED_FACE('',(#4535,#4546,#4557),#4568,.T.);
#4535 = FACE_BOUND('',#4536,.F.);
#4536 = EDGE_LOOP('',(#4537,#4538,#4539,#4545));
#4537 = ORIENTED_EDGE('',*,*,#4478,.T.);
#4538 = ORIENTED_EDGE('',*,*,#4428,.T.);
#4539 = ORIENTED_EDGE('',*,*,#4540,.F.);
#4540 = EDGE_CURVE('',#4371,#4429,#4541,.T.);
#4541 = LINE('',#4542,#4543);
#4542 = CARTESIAN_POINT('',(1.698E+03,325.,0.));
#4543 = VECTOR('',#4544,1.);
#4544 = DIRECTION('',(-0.,-0.,1.));
#4545 = ORIENTED_EDGE('',*,*,#4370,.F.);
#4546 = FACE_BOUND('',#4547,.F.);
#4547 = EDGE_LOOP('',(#4548));
#4548 = ORIENTED_EDGE('',*,*,#4549,.T.);
#4549 = EDGE_CURVE('',#4550,#4550,#4552,.T.);
#4550 = VERTEX_POINT('',#4551);
#4551 = CARTESIAN_POINT('',(1.698E+03,345.,147.95));
#4552 = CIRCLE('',#4553,2.05);
#4553 = AXIS2_PLACEMENT_3D('',#4554,#4555,#4556);
#4554 = CARTESIAN_POINT('',(1.698E+03,345.,150.));
#4555 = DIRECTION('',(-1.,-0.,0.));
#4556 = DIRECTION('',(-0.,-0.,-1.));
#4557 = FACE_BOUND('',#4558,.F.);
#4558 = EDGE_LOOP('',(#4559));
#4559 = ORIENTED_EDGE('',*,*,#4560,.T.);
#4560 = EDGE_CURVE('',#4561,#4561,#4563,.T.);
#4561 = VERTEX_POINT('',#4562);
#4562 = CARTESIAN_POINT('',(1.698E+03,345.,27.95));
#4563 = CIRCLE('',#4564,2.05);
#4564 = AXIS2_PLACEMENT_3D('',#4565,#4566,#4567);
#4565 = CARTESIAN_POINT('',(1.698E+03,345.,30.));
#4566 = DIRECTION('',(-1.,-0.,0.));
#4567 = DIRECTION('',(-0.,-0.,-1.));
#4568 = PLANE('',#4569);
#4569 = AXIS2_PLACEMENT_3D('',#4570,#4571,#4572);
#4570 = CARTESIAN_POINT('',(1.698E+03,361.,0.));
#4571 = DIRECTION('',(-1.,-0.,-0.));
#4572 = DIRECTION('',(0.,1.,0.));
#4573 = ADVANCED_FACE('',(#4574),#4585,.T.);
#4574 = FACE_BOUND('',#4575,.F.);
#4575 = EDGE_LOOP('',(#4576,#4577,#4578,#4584));
#4576 = ORIENTED_EDGE('',*,*,#4540,.T.);
#4577 = ORIENTED_EDGE('',*,*,#4436,.T.);
#4578 = ORIENTED_EDGE('',*,*,#4579,.F.);
#4579 = EDGE_CURVE('',#4379,#4437,#4580,.T.);
#4580 = LINE('',#4581,#4582);
#4581 = CARTESIAN_POINT('',(1.7E+03,325.,0.));
#4582 = VECTOR('',#4583,1.);
#4583 = DIRECTION('',(-0.,-0.,1.));
#4584 = ORIENTED_EDGE('',*,*,#4378,.F.);
#4585 = PLANE('',#4586);
#4586 = AXIS2_PLACEMENT_3D('',#4587,#4588,#4589);
#4587 = CARTESIAN_POINT('',(1.698E+03,325.,0.));
#4588 = DIRECTION('',(-0.,-1.,-0.));
#4589 = DIRECTION('',(-1.,0.,-0.));
#4590 = ADVANCED_FACE('',(#4591,#4602,#4613),#4624,.T.);
#4591 = FACE_BOUND('',#4592,.F.);
#4592 = EDGE_LOOP('',(#4593,#4594,#4595,#4601));
#4593 = ORIENTED_EDGE('',*,*,#4579,.T.);
#4594 = ORIENTED_EDGE('',*,*,#4444,.T.);
#4595 = ORIENTED_EDGE('',*,*,#4596,.F.);
#4596 = EDGE_CURVE('',#4387,#4445,#4597,.T.);
#4597 = LINE('',#4598,#4599);
#4598 = CARTESIAN_POINT('',(1.7E+03,361.,0.));
#4599 = VECTOR('',#4600,1.);
#4600 = DIRECTION('',(-0.,-0.,1.));
#4601 = ORIENTED_EDGE('',*,*,#4386,.F.);
#4602 = FACE_BOUND('',#4603,.F.);
#4603 = EDGE_LOOP('',(#4604));
#4604 = ORIENTED_EDGE('',*,*,#4605,.F.);
#4605 = EDGE_CURVE('',#4606,#4606,#4608,.T.);
#4606 = VERTEX_POINT('',#4607);
#4607 = CARTESIAN_POINT('',(1.7E+03,345.,147.95));
#4608 = CIRCLE('',#4609,2.05);
#4609 = AXIS2_PLACEMENT_3D('',#4610,#4611,#4612);
#4610 = CARTESIAN_POINT('',(1.7E+03,345.,150.));
#4611 = DIRECTION('',(-1.,-0.,0.));
#4612 = DIRECTION('',(-0.,-0.,-1.));
#4613 = FACE_BOUND('',#4614,.F.);
#4614 = EDGE_LOOP('',(#4615));
#4615 = ORIENTED_EDGE('',*,*,#4616,.F.);
#4616 = EDGE_CURVE('',#4617,#4617,#4619,.T.);
#4617 = VERTEX_POINT('',#4618);
#4618 = CARTESIAN_POINT('',(1.7E+03,345.,27.95));
#4619 = CIRCLE('',#4620,2.05);
#4620 = AXIS2_PLACEMENT_3D('',#4621,#4622,#4623);
#4621 = CARTESIAN_POINT('',(1.7E+03,345.,30.));
#4622 = DIRECTION('',(-1.,-0.,0.));
#4623 = DIRECTION('',(-0.,-0.,-1.));
#4624 = PLANE('',#4625);
#4625 = AXIS2_PLACEMENT_3D('',#4626,#4627,#4628);
#4626 = CARTESIAN_POINT('',(1.7E+03,325.,0.));
#4627 = DIRECTION('',(1.,-0.,-0.));
#4628 = DIRECTION('',(0.,-1.,0.));
#4629 = ADVANCED_FACE('',(#4630),#4636,.T.);
#4630 = FACE_BOUND('',#4631,.F.);
#4631 = EDGE_LOOP('',(#4632,#4633,#4634,#4635));
#4632 = ORIENTED_EDGE('',*,*,#4596,.T.);
#4633 = ORIENTED_EDGE('',*,*,#4452,.T.);
#4634 = ORIENTED_EDGE('',*,*,#4518,.F.);
#4635 = ORIENTED_EDGE('',*,*,#4394,.F.);
#4636 = CYLINDRICAL_SURFACE('',#4637,4.);
#4637 = AXIS2_PLACEMENT_3D('',#4638,#4639,#4640);
#4638 = CARTESIAN_POINT('',(1.696E+03,361.,0.));
#4639 = DIRECTION('',(-0.,-0.,-1.));
#4640 = DIRECTION('',(1.,-1.42108547152E-14,-0.));
#4641 = ADVANCED_FACE('',(#4642),#4653,.F.);
#4642 = FACE_BOUND('',#4643,.T.);
#4643 = EDGE_LOOP('',(#4644,#4645,#4651,#4652));
#4644 = ORIENTED_EDGE('',*,*,#4605,.F.);
#4645 = ORIENTED_EDGE('',*,*,#4646,.F.);
#4646 = EDGE_CURVE('',#4550,#4606,#4647,.T.);
#4647 = LINE('',#4648,#4649);
#4648 = CARTESIAN_POINT('',(1.695E+03,345.,147.95));
#4649 = VECTOR('',#4650,1.);
#4650 = DIRECTION('',(1.,-0.,-0.));
#4651 = ORIENTED_EDGE('',*,*,#4549,.T.);
#4652 = ORIENTED_EDGE('',*,*,#4646,.T.);
#4653 = CYLINDRICAL_SURFACE('',#4654,2.05);
#4654 = AXIS2_PLACEMENT_3D('',#4655,#4656,#4657);
#4655 = CARTESIAN_POINT('',(1.695E+03,345.,150.));
#4656 = DIRECTION('',(1.,-0.,-0.));
#4657 = DIRECTION('',(-0.,-0.,-1.));
#4658 = ADVANCED_FACE('',(#4659),#4670,.F.);
#4659 = FACE_BOUND('',#4660,.T.);
#4660 = EDGE_LOOP('',(#4661,#4662,#4668,#4669));
#4661 = ORIENTED_EDGE('',*,*,#4616,.F.);
#4662 = ORIENTED_EDGE('',*,*,#4663,.F.);
#4663 = EDGE_CURVE('',#4561,#4617,#4664,.T.);
#4664 = LINE('',#4665,#4666);
#4665 = CARTESIAN_POINT('',(1.695E+03,345.,27.95));
#4666 = VECTOR('',#4667,1.);
#4667 = DIRECTION('',(1.,-0.,-0.));
#4668 = ORIENTED_EDGE('',*,*,#4560,.T.);
#4669 = ORIENTED_EDGE('',*,*,#4663,.T.);
#4670 = CYLINDRICAL_SURFACE('',#4671,2.05);
#4671 = AXIS2_PLACEMENT_3D('',#4672,#4673,#4674);
#4672 = CARTESIAN_POINT('',(1.695E+03,345.,30.));
#4673 = DIRECTION('',(1.,-0.,-0.));
#4674 = DIRECTION('',(-0.,-0.,-1.));
#4675 = ( GEOMETRIC_REPRESENTATION_CONTEXT(3) 
GLOBAL_UNCERTAINTY_ASSIGNED_CONTEXT((#4679)) 
GLOBAL_UNIT_ASSIGNED_CONTEXT((#4676,#4677,#4678)) REPRESENTATION_CONTEXT
('Context #1','3D Context with UNIT and UNCERTAINTY') );
#4676 = ( LENGTH_UNIT() NAMED_UNIT(*) SI_UNIT(.MILLI.,.METRE.) );
#4677 = ( NAMED_UNIT(*) PLANE_ANGLE_UNIT() SI_UNIT($,.RADIAN.) );
#4678 = ( NAMED_UNIT(*) SI_UNIT($,.STERADIAN.) SOLID_ANGLE_UNIT() );
#4679 = UNCERTAINTY_MEASURE_WITH_UNIT(LENGTH_MEASURE(1.E-07),#4676,
  'distance_accuracy_value','confusion accuracy');
#4680 = CONTEXT_DEPENDENT_SHAPE_REPRESENTATION(#4681,#4683);
#4681 = ( REPRESENTATION_RELATIONSHIP('','',#4271,#10) 
REPRESENTATION_RELATIONSHIP_WITH_TRANSFORMATION(#4682) 
SHAPE_REPRESENTATION_RELATIONSHIP() );
#4682 = ITEM_DEFINED_TRANSFORMATION('','',#11,#39);
#4683 = PRODUCT_DEFINITION_SHAPE('Placement','Placement of an item',
  #4684);
#4684 = NEXT_ASSEMBLY_USAGE_OCCURRENCE('159','Nosilec_2_D','',#5,#4266,$
  );
#4685 = PRODUCT_RELATED_PRODUCT_CATEGORY('part',$,(#4268));
#4686 = SHAPE_DEFINITION_REPRESENTATION(#4687,#4693);
#4687 = PRODUCT_DEFINITION_SHAPE('','',#4688);
#4688 = PRODUCT_DEFINITION('design','',#4689,#4692);
#4689 = PRODUCT_DEFINITION_FORMATION('','',#4690);
#4690 = PRODUCT('Polica_2','Polica_2','',(#4691));
#4691 = PRODUCT_CONTEXT('',#2,'mechanical');
#4692 = PRODUCT_DEFINITION_CONTEXT('part definition',#2,'design');
#4693 = ADVANCED_BREP_SHAPE_REPRESENTATION('',(#11,#4694),#5738);
#4694 = MANIFOLD_SOLID_BREP('',#4695);
#4695 = CLOSED_SHELL('',(#4696,#4736,#4767,#4800,#5020,#5240,#5257,#5274
    ,#5291,#5308,#5325,#5364,#5381,#5398,#5415,#5432,#5449,#5466,#5483,
    #5500,#5517,#5534,#5551,#5568,#5585,#5624,#5641,#5658,#5675,#5692,
    #5704,#5721));
#4696 = ADVANCED_FACE('',(#4697),#4731,.T.);
#4697 = FACE_BOUND('',#4698,.T.);
#4698 = EDGE_LOOP('',(#4699,#4709,#4717,#4725));
#4699 = ORIENTED_EDGE('',*,*,#4700,.T.);
#4700 = EDGE_CURVE('',#4701,#4703,#4705,.T.);
#4701 = VERTEX_POINT('',#4702);
#4702 = CARTESIAN_POINT('',(240.,100.75,0.));
#4703 = VERTEX_POINT('',#4704);
#4704 = CARTESIAN_POINT('',(240.,100.75,1.692E+03));
#4705 = LINE('',#4706,#4707);
#4706 = CARTESIAN_POINT('',(240.,100.75,0.));
#4707 = VECTOR('',#4708,1.);
#4708 = DIRECTION('',(0.,0.,1.));
#4709 = ORIENTED_EDGE('',*,*,#4710,.T.);
#4710 = EDGE_CURVE('',#4703,#4711,#4713,.T.);
#4711 = VERTEX_POINT('',#4712);
#4712 = CARTESIAN_POINT('',(251.25,100.75,1.692E+03));
#4713 = LINE('',#4714,#4715);
#4714 = CARTESIAN_POINT('',(251.25,100.75,1.692E+03));
#4715 = VECTOR('',#4716,1.);
#4716 = DIRECTION('',(1.,-0.,-0.));
#4717 = ORIENTED_EDGE('',*,*,#4718,.F.);
#4718 = EDGE_CURVE('',#4719,#4711,#4721,.T.);
#4719 = VERTEX_POINT('',#4720);
#4720 = CARTESIAN_POINT('',(251.25,100.75,0.));
#4721 = LINE('',#4722,#4723);
#4722 = CARTESIAN_POINT('',(251.25,100.75,0.));
#4723 = VECTOR('',#4724,1.);
#4724 = DIRECTION('',(0.,0.,1.));
#4725 = ORIENTED_EDGE('',*,*,#4726,.F.);
#4726 = EDGE_CURVE('',#4701,#4719,#4727,.T.);
#4727 = LINE('',#4728,#4729);
#4728 = CARTESIAN_POINT('',(251.25,100.75,0.));
#4729 = VECTOR('',#4730,1.);
#4730 = DIRECTION('',(1.,-0.,-0.));
#4731 = PLANE('',#4732);
#4732 = AXIS2_PLACEMENT_3D('',#4733,#4734,#4735);
#4733 = CARTESIAN_POINT('',(240.,100.75,0.));
#4734 = DIRECTION('',(0.,1.,-0.));
#4735 = DIRECTION('',(1.,-0.,0.));
#4736 = ADVANCED_FACE('',(#4737),#4762,.T.);
#4737 = FACE_BOUND('',#4738,.T.);
#4738 = EDGE_LOOP('',(#4739,#4749,#4755,#4756));
#4739 = ORIENTED_EDGE('',*,*,#4740,.T.);
#4740 = EDGE_CURVE('',#4741,#4743,#4745,.T.);
#4741 = VERTEX_POINT('',#4742);
#4742 = CARTESIAN_POINT('',(240.,99.25,0.));
#4743 = VERTEX_POINT('',#4744);
#4744 = CARTESIAN_POINT('',(240.,99.25,1.692E+03));
#4745 = LINE('',#4746,#4747);
#4746 = CARTESIAN_POINT('',(240.,99.25,0.));
#4747 = VECTOR('',#4748,1.);
#4748 = DIRECTION('',(0.,0.,1.));
#4749 = ORIENTED_EDGE('',*,*,#4750,.T.);
#4750 = EDGE_CURVE('',#4743,#4703,#4751,.T.);
#4751 = LINE('',#4752,#4753);
#4752 = CARTESIAN_POINT('',(240.,99.25,1.692E+03));
#4753 = VECTOR('',#4754,1.);
#4754 = DIRECTION('',(0.,1.,0.));
#4755 = ORIENTED_EDGE('',*,*,#4700,.F.);
#4756 = ORIENTED_EDGE('',*,*,#4757,.F.);
#4757 = EDGE_CURVE('',#4741,#4701,#4758,.T.);
#4758 = LINE('',#4759,#4760);
#4759 = CARTESIAN_POINT('',(240.,99.25,0.));
#4760 = VECTOR('',#4761,1.);
#4761 = DIRECTION('',(0.,1.,0.));
#4762 = PLANE('',#4763);
#4763 = AXIS2_PLACEMENT_3D('',#4764,#4765,#4766);
#4764 = CARTESIAN_POINT('',(240.,99.25,0.));
#4765 = DIRECTION('',(-1.,0.,0.));
#4766 = DIRECTION('',(0.,1.,0.));
#4767 = ADVANCED_FACE('',(#4768),#4795,.T.);
#4768 = FACE_BOUND('',#4769,.T.);
#4769 = EDGE_LOOP('',(#4770,#4771,#4780,#4788));
#4770 = ORIENTED_EDGE('',*,*,#4718,.T.);
#4771 = ORIENTED_EDGE('',*,*,#4772,.T.);
#4772 = EDGE_CURVE('',#4711,#4773,#4775,.T.);
#4773 = VERTEX_POINT('',#4774);
#4774 = CARTESIAN_POINT('',(254.75,97.25,1.692E+03));
#4775 = CIRCLE('',#4776,3.5);
#4776 = AXIS2_PLACEMENT_3D('',#4777,#4778,#4779);
#4777 = CARTESIAN_POINT('',(251.25,97.25,1.692E+03));
#4778 = DIRECTION('',(0.,-0.,-1.));
#4779 = DIRECTION('',(1.,0.,-0.));
#4780 = ORIENTED_EDGE('',*,*,#4781,.F.);
#4781 = EDGE_CURVE('',#4782,#4773,#4784,.T.);
#4782 = VERTEX_POINT('',#4783);
#4783 = CARTESIAN_POINT('',(254.75,97.25,0.));
#4784 = LINE('',#4785,#4786);
#4785 = CARTESIAN_POINT('',(254.75,97.25,0.));
#4786 = VECTOR('',#4787,1.);
#4787 = DIRECTION('',(0.,0.,1.));
#4788 = ORIENTED_EDGE('',*,*,#4789,.F.);
#4789 = EDGE_CURVE('',#4719,#4782,#4790,.T.);
#4790 = CIRCLE('',#4791,3.5);
#4791 = AXIS2_PLACEMENT_3D('',#4792,#4793,#4794);
#4792 = CARTESIAN_POINT('',(251.25,97.25,0.));
#4793 = DIRECTION('',(0.,-0.,-1.));
#4794 = DIRECTION('',(1.,0.,-0.));
#4795 = CYLINDRICAL_SURFACE('',#4796,3.5);
#4796 = AXIS2_PLACEMENT_3D('',#4797,#4798,#4799);
#4797 = CARTESIAN_POINT('',(251.25,97.25,0.));
#4798 = DIRECTION('',(0.,-0.,-1.));
#4799 = DIRECTION('',(1.,0.,-0.));
#4800 = ADVANCED_FACE('',(#4801),#5015,.T.);
#4801 = FACE_BOUND('',#4802,.T.);
#4802 = EDGE_LOOP('',(#4803,#4804,#4805,#4813,#4822,#4830,#4839,#4847,
    #4856,#4864,#4873,#4881,#4890,#4898,#4906,#4914,#4923,#4931,#4940,
    #4948,#4957,#4965,#4974,#4982,#4991,#4999,#5008,#5014));
#4803 = ORIENTED_EDGE('',*,*,#4726,.T.);
#4804 = ORIENTED_EDGE('',*,*,#4789,.T.);
#4805 = ORIENTED_EDGE('',*,*,#4806,.T.);
#4806 = EDGE_CURVE('',#4782,#4807,#4809,.T.);
#4807 = VERTEX_POINT('',#4808);
#4808 = CARTESIAN_POINT('',(254.75,56.613950890877,0.));
#4809 = LINE('',#4810,#4811);
#4810 = CARTESIAN_POINT('',(254.75,56.613950890877,0.));
#4811 = VECTOR('',#4812,1.);
#4812 = DIRECTION('',(-0.,-1.,-0.));
#4813 = ORIENTED_EDGE('',*,*,#4814,.T.);
#4814 = EDGE_CURVE('',#4807,#4815,#4817,.T.);
#4815 = VERTEX_POINT('',#4816);
#4816 = CARTESIAN_POINT('',(248.43438965607,46.348859371851,0.));
#4817 = CIRCLE('',#4818,11.5);
#4818 = AXIS2_PLACEMENT_3D('',#4819,#4820,#4821);
#4819 = CARTESIAN_POINT('',(243.25,56.613950890877,0.));
#4820 = DIRECTION('',(0.,-0.,-1.));
#4821 = DIRECTION('',(0.450816491833,-0.892616653828,0.));
#4822 = ORIENTED_EDGE('',*,*,#4823,.T.);
#4823 = EDGE_CURVE('',#4815,#4824,#4826,.T.);
#4824 = VERTEX_POINT('',#4825);
#4825 = CARTESIAN_POINT('',(164.00233765473,3.706408866121,0.));
#4826 = LINE('',#4827,#4828);
#4827 = CARTESIAN_POINT('',(164.00233765473,3.706408866121,0.));
#4828 = VECTOR('',#4829,1.);
#4829 = DIRECTION('',(-0.892616653828,-0.450816491833,-0.));
#4830 = ORIENTED_EDGE('',*,*,#4831,.T.);
#4831 = EDGE_CURVE('',#4824,#4832,#4834,.T.);
#4832 = VERTEX_POINT('',#4833);
#4833 = CARTESIAN_POINT('',(145.29345324368,-0.75,0.));
#4834 = CIRCLE('',#4835,41.5);
#4835 = AXIS2_PLACEMENT_3D('',#4836,#4837,#4838);
#4836 = CARTESIAN_POINT('',(145.29345324368,40.75,0.));
#4837 = DIRECTION('',(-0.,0.,-1.));
#4838 = DIRECTION('',(-1.369720936405E-15,-1.,0.));
#4839 = ORIENTED_EDGE('',*,*,#4840,.T.);
#4840 = EDGE_CURVE('',#4832,#4841,#4843,.T.);
#4841 = VERTEX_POINT('',#4842);
#4842 = CARTESIAN_POINT('',(114.70654675632,-0.75,0.));
#4843 = LINE('',#4844,#4845);
#4844 = CARTESIAN_POINT('',(114.70654675632,-0.75,0.));
#4845 = VECTOR('',#4846,1.);
#4846 = DIRECTION('',(-1.,-0.,-0.));
#4847 = ORIENTED_EDGE('',*,*,#4848,.T.);
#4848 = EDGE_CURVE('',#4841,#4849,#4851,.T.);
#4849 = VERTEX_POINT('',#4850);
#4850 = CARTESIAN_POINT('',(95.99766234527,3.706408866121,0.));
#4851 = CIRCLE('',#4852,41.5);
#4852 = AXIS2_PLACEMENT_3D('',#4853,#4854,#4855);
#4853 = CARTESIAN_POINT('',(114.70654675632,40.75,0.));
#4854 = DIRECTION('',(-0.,0.,-1.));
#4855 = DIRECTION('',(-0.450816491833,-0.892616653828,0.));
#4856 = ORIENTED_EDGE('',*,*,#4857,.T.);
#4857 = EDGE_CURVE('',#4849,#4858,#4860,.T.);
#4858 = VERTEX_POINT('',#4859);
#4859 = CARTESIAN_POINT('',(11.565610343926,46.348859371851,0.));
#4860 = LINE('',#4861,#4862);
#4861 = CARTESIAN_POINT('',(11.565610343926,46.348859371851,0.));
#4862 = VECTOR('',#4863,1.);
#4863 = DIRECTION('',(-0.892616653828,0.450816491833,-0.));
#4864 = ORIENTED_EDGE('',*,*,#4865,.T.);
#4865 = EDGE_CURVE('',#4858,#4866,#4868,.T.);
#4866 = VERTEX_POINT('',#4867);
#4867 = CARTESIAN_POINT('',(5.25,56.613950890877,0.));
#4868 = CIRCLE('',#4869,11.5);
#4869 = AXIS2_PLACEMENT_3D('',#4870,#4871,#4872);
#4870 = CARTESIAN_POINT('',(16.75,56.613950890877,0.));
#4871 = DIRECTION('',(-0.,0.,-1.));
#4872 = DIRECTION('',(-1.,0.,0.));
#4873 = ORIENTED_EDGE('',*,*,#4874,.T.);
#4874 = EDGE_CURVE('',#4866,#4875,#4877,.T.);
#4875 = VERTEX_POINT('',#4876);
#4876 = CARTESIAN_POINT('',(5.25,57.25,0.));
#4877 = LINE('',#4878,#4879);
#4878 = CARTESIAN_POINT('',(5.25,57.25,0.));
#4879 = VECTOR('',#4880,1.);
#4880 = DIRECTION('',(-0.,1.,-0.));
#4881 = ORIENTED_EDGE('',*,*,#4882,.T.);
#4882 = EDGE_CURVE('',#4875,#4883,#4885,.T.);
#4883 = VERTEX_POINT('',#4884);
#4884 = CARTESIAN_POINT('',(8.75,60.75,0.));
#4885 = CIRCLE('',#4886,3.5);
#4886 = AXIS2_PLACEMENT_3D('',#4887,#4888,#4889);
#4887 = CARTESIAN_POINT('',(8.75,57.25,0.));
#4888 = DIRECTION('',(-0.,0.,-1.));
#4889 = DIRECTION('',(-5.075305255429E-16,1.,0.));
#4890 = ORIENTED_EDGE('',*,*,#4891,.T.);
#4891 = EDGE_CURVE('',#4883,#4892,#4894,.T.);
#4892 = VERTEX_POINT('',#4893);
#4893 = CARTESIAN_POINT('',(20.,60.75,0.));
#4894 = LINE('',#4895,#4896);
#4895 = CARTESIAN_POINT('',(20.,60.75,0.));
#4896 = VECTOR('',#4897,1.);
#4897 = DIRECTION('',(1.,-0.,-0.));
#4898 = ORIENTED_EDGE('',*,*,#4899,.T.);
#4899 = EDGE_CURVE('',#4892,#4900,#4902,.T.);
#4900 = VERTEX_POINT('',#4901);
#4901 = CARTESIAN_POINT('',(20.,59.25,0.));
#4902 = LINE('',#4903,#4904);
#4903 = CARTESIAN_POINT('',(20.,59.25,0.));
#4904 = VECTOR('',#4905,1.);
#4905 = DIRECTION('',(-0.,-1.,-0.));
#4906 = ORIENTED_EDGE('',*,*,#4907,.T.);
#4907 = EDGE_CURVE('',#4900,#4908,#4910,.T.);
#4908 = VERTEX_POINT('',#4909);
#4909 = CARTESIAN_POINT('',(8.75,59.25,0.));
#4910 = LINE('',#4911,#4912);
#4911 = CARTESIAN_POINT('',(20.,59.25,0.));
#4912 = VECTOR('',#4913,1.);
#4913 = DIRECTION('',(-1.,0.,0.));
#4914 = ORIENTED_EDGE('',*,*,#4915,.T.);
#4915 = EDGE_CURVE('',#4908,#4916,#4918,.T.);
#4916 = VERTEX_POINT('',#4917);
#4917 = CARTESIAN_POINT('',(6.75,57.25,0.));
#4918 = CIRCLE('',#4919,2.);
#4919 = AXIS2_PLACEMENT_3D('',#4920,#4921,#4922);
#4920 = CARTESIAN_POINT('',(8.75,57.25,0.));
#4921 = DIRECTION('',(0.,0.,1.));
#4922 = DIRECTION('',(-1.7763568394E-15,1.,0.));
#4923 = ORIENTED_EDGE('',*,*,#4924,.T.);
#4924 = EDGE_CURVE('',#4916,#4925,#4927,.T.);
#4925 = VERTEX_POINT('',#4926);
#4926 = CARTESIAN_POINT('',(6.75,56.613950890877,0.));
#4927 = LINE('',#4928,#4929);
#4928 = CARTESIAN_POINT('',(6.75,57.25,0.));
#4929 = VECTOR('',#4930,1.);
#4930 = DIRECTION('',(0.,-1.,0.));
#4931 = ORIENTED_EDGE('',*,*,#4932,.T.);
#4932 = EDGE_CURVE('',#4925,#4933,#4935,.T.);
#4933 = VERTEX_POINT('',#4934);
#4934 = CARTESIAN_POINT('',(12.241835081675,47.687784352593,0.));
#4935 = CIRCLE('',#4936,10.);
#4936 = AXIS2_PLACEMENT_3D('',#4937,#4938,#4939);
#4937 = CARTESIAN_POINT('',(16.75,56.613950890877,0.));
#4938 = DIRECTION('',(0.,0.,1.));
#4939 = DIRECTION('',(-1.,0.,0.));
#4940 = ORIENTED_EDGE('',*,*,#4941,.T.);
#4941 = EDGE_CURVE('',#4933,#4942,#4944,.T.);
#4942 = VERTEX_POINT('',#4943);
#4943 = CARTESIAN_POINT('',(96.673887083019,5.045333846864,0.));
#4944 = LINE('',#4945,#4946);
#4945 = CARTESIAN_POINT('',(12.241835081675,47.687784352593,0.));
#4946 = VECTOR('',#4947,1.);
#4947 = DIRECTION('',(0.892616653828,-0.450816491833,0.));
#4948 = ORIENTED_EDGE('',*,*,#4949,.T.);
#4949 = EDGE_CURVE('',#4942,#4950,#4952,.T.);
#4950 = VERTEX_POINT('',#4951);
#4951 = CARTESIAN_POINT('',(114.70654675632,0.75,0.));
#4952 = CIRCLE('',#4953,40.);
#4953 = AXIS2_PLACEMENT_3D('',#4954,#4955,#4956);
#4954 = CARTESIAN_POINT('',(114.70654675632,40.75,0.));
#4955 = DIRECTION('',(0.,0.,1.));
#4956 = DIRECTION('',(-0.450816491833,-0.892616653828,0.));
#4957 = ORIENTED_EDGE('',*,*,#4958,.T.);
#4958 = EDGE_CURVE('',#4950,#4959,#4961,.T.);
#4959 = VERTEX_POINT('',#4960);
#4960 = CARTESIAN_POINT('',(145.29345324368,0.75,0.));
#4961 = LINE('',#4962,#4963);
#4962 = CARTESIAN_POINT('',(114.70654675632,0.75,0.));
#4963 = VECTOR('',#4964,1.);
#4964 = DIRECTION('',(1.,0.,0.));
#4965 = ORIENTED_EDGE('',*,*,#4966,.T.);
#4966 = EDGE_CURVE('',#4959,#4967,#4969,.T.);
#4967 = VERTEX_POINT('',#4968);
#4968 = CARTESIAN_POINT('',(163.32611291698,5.045333846864,0.));
#4969 = CIRCLE('',#4970,40.);
#4970 = AXIS2_PLACEMENT_3D('',#4971,#4972,#4973);
#4971 = CARTESIAN_POINT('',(145.29345324368,40.75,0.));
#4972 = DIRECTION('',(0.,0.,1.));
#4973 = DIRECTION('',(0.,-1.,0.));
#4974 = ORIENTED_EDGE('',*,*,#4975,.T.);
#4975 = EDGE_CURVE('',#4967,#4976,#4978,.T.);
#4976 = VERTEX_POINT('',#4977);
#4977 = CARTESIAN_POINT('',(247.75816491832,47.687784352593,0.));
#4978 = LINE('',#4979,#4980);
#4979 = CARTESIAN_POINT('',(163.32611291698,5.045333846864,0.));
#4980 = VECTOR('',#4981,1.);
#4981 = DIRECTION('',(0.892616653828,0.450816491833,0.));
#4982 = ORIENTED_EDGE('',*,*,#4983,.T.);
#4983 = EDGE_CURVE('',#4976,#4984,#4986,.T.);
#4984 = VERTEX_POINT('',#4985);
#4985 = CARTESIAN_POINT('',(253.25,56.613950890877,0.));
#4986 = CIRCLE('',#4987,10.);
#4987 = AXIS2_PLACEMENT_3D('',#4988,#4989,#4990);
#4988 = CARTESIAN_POINT('',(243.25,56.613950890877,0.));
#4989 = DIRECTION('',(0.,0.,1.));
#4990 = DIRECTION('',(0.450816491833,-0.892616653828,0.));
#4991 = ORIENTED_EDGE('',*,*,#4992,.T.);
#4992 = EDGE_CURVE('',#4984,#4993,#4995,.T.);
#4993 = VERTEX_POINT('',#4994);
#4994 = CARTESIAN_POINT('',(253.25,97.25,0.));
#4995 = LINE('',#4996,#4997);
#4996 = CARTESIAN_POINT('',(253.25,56.613950890877,0.));
#4997 = VECTOR('',#4998,1.);
#4998 = DIRECTION('',(0.,1.,0.));
#4999 = ORIENTED_EDGE('',*,*,#5000,.T.);
#5000 = EDGE_CURVE('',#4993,#5001,#5003,.T.);
#5001 = VERTEX_POINT('',#5002);
#5002 = CARTESIAN_POINT('',(251.25,99.25,0.));
#5003 = CIRCLE('',#5004,2.);
#5004 = AXIS2_PLACEMENT_3D('',#5005,#5006,#5007);
#5005 = CARTESIAN_POINT('',(251.25,97.25,0.));
#5006 = DIRECTION('',(0.,0.,1.));
#5007 = DIRECTION('',(1.,-1.42108547152E-14,0.));
#5008 = ORIENTED_EDGE('',*,*,#5009,.T.);
#5009 = EDGE_CURVE('',#5001,#4741,#5010,.T.);
#5010 = LINE('',#5011,#5012);
#5011 = CARTESIAN_POINT('',(251.25,99.25,0.));
#5012 = VECTOR('',#5013,1.);
#5013 = DIRECTION('',(-1.,0.,0.));
#5014 = ORIENTED_EDGE('',*,*,#4757,.T.);
#5015 = PLANE('',#5016);
#5016 = AXIS2_PLACEMENT_3D('',#5017,#5018,#5019);
#5017 = CARTESIAN_POINT('',(143.96240247301,33.463305132465,0.));
#5018 = DIRECTION('',(-0.,-0.,-1.));
#5019 = DIRECTION('',(-1.,0.,0.));
#5020 = ADVANCED_FACE('',(#5021),#5235,.F.);
#5021 = FACE_BOUND('',#5022,.F.);
#5022 = EDGE_LOOP('',(#5023,#5024,#5025,#5033,#5042,#5050,#5059,#5067,
    #5076,#5084,#5093,#5101,#5110,#5118,#5126,#5134,#5143,#5151,#5160,
    #5168,#5177,#5185,#5194,#5202,#5211,#5219,#5228,#5234));
#5023 = ORIENTED_EDGE('',*,*,#4710,.T.);
#5024 = ORIENTED_EDGE('',*,*,#4772,.T.);
#5025 = ORIENTED_EDGE('',*,*,#5026,.T.);
#5026 = EDGE_CURVE('',#4773,#5027,#5029,.T.);
#5027 = VERTEX_POINT('',#5028);
#5028 = CARTESIAN_POINT('',(254.75,56.613950890877,1.692E+03));
#5029 = LINE('',#5030,#5031);
#5030 = CARTESIAN_POINT('',(254.75,56.613950890877,1.692E+03));
#5031 = VECTOR('',#5032,1.);
#5032 = DIRECTION('',(-0.,-1.,-0.));
#5033 = ORIENTED_EDGE('',*,*,#5034,.T.);
#5034 = EDGE_CURVE('',#5027,#5035,#5037,.T.);
#5035 = VERTEX_POINT('',#5036);
#5036 = CARTESIAN_POINT('',(248.43438965607,46.348859371851,1.692E+03));
#5037 = CIRCLE('',#5038,11.5);
#5038 = AXIS2_PLACEMENT_3D('',#5039,#5040,#5041);
#5039 = CARTESIAN_POINT('',(243.25,56.613950890877,1.692E+03));
#5040 = DIRECTION('',(0.,-0.,-1.));
#5041 = DIRECTION('',(0.450816491833,-0.892616653828,0.));
#5042 = ORIENTED_EDGE('',*,*,#5043,.T.);
#5043 = EDGE_CURVE('',#5035,#5044,#5046,.T.);
#5044 = VERTEX_POINT('',#5045);
#5045 = CARTESIAN_POINT('',(164.00233765473,3.706408866121,1.692E+03));
#5046 = LINE('',#5047,#5048);
#5047 = CARTESIAN_POINT('',(164.00233765473,3.706408866121,1.692E+03));
#5048 = VECTOR('',#5049,1.);
#5049 = DIRECTION('',(-0.892616653828,-0.450816491833,-0.));
#5050 = ORIENTED_EDGE('',*,*,#5051,.T.);
#5051 = EDGE_CURVE('',#5044,#5052,#5054,.T.);
#5052 = VERTEX_POINT('',#5053);
#5053 = CARTESIAN_POINT('',(145.29345324368,-0.75,1.692E+03));
#5054 = CIRCLE('',#5055,41.5);
#5055 = AXIS2_PLACEMENT_3D('',#5056,#5057,#5058);
#5056 = CARTESIAN_POINT('',(145.29345324368,40.75,1.692E+03));
#5057 = DIRECTION('',(-0.,0.,-1.));
#5058 = DIRECTION('',(-1.369720936405E-15,-1.,0.));
#5059 = ORIENTED_EDGE('',*,*,#5060,.T.);
#5060 = EDGE_CURVE('',#5052,#5061,#5063,.T.);
#5061 = VERTEX_POINT('',#5062);
#5062 = CARTESIAN_POINT('',(114.70654675632,-0.75,1.692E+03));
#5063 = LINE('',#5064,#5065);
#5064 = CARTESIAN_POINT('',(114.70654675632,-0.75,1.692E+03));
#5065 = VECTOR('',#5066,1.);
#5066 = DIRECTION('',(-1.,-0.,-0.));
#5067 = ORIENTED_EDGE('',*,*,#5068,.T.);
#5068 = EDGE_CURVE('',#5061,#5069,#5071,.T.);
#5069 = VERTEX_POINT('',#5070);
#5070 = CARTESIAN_POINT('',(95.99766234527,3.706408866121,1.692E+03));
#5071 = CIRCLE('',#5072,41.5);
#5072 = AXIS2_PLACEMENT_3D('',#5073,#5074,#5075);
#5073 = CARTESIAN_POINT('',(114.70654675632,40.75,1.692E+03));
#5074 = DIRECTION('',(-0.,0.,-1.));
#5075 = DIRECTION('',(-0.450816491833,-0.892616653828,0.));
#5076 = ORIENTED_EDGE('',*,*,#5077,.T.);
#5077 = EDGE_CURVE('',#5069,#5078,#5080,.T.);
#5078 = VERTEX_POINT('',#5079);
#5079 = CARTESIAN_POINT('',(11.565610343926,46.348859371851,1.692E+03));
#5080 = LINE('',#5081,#5082);
#5081 = CARTESIAN_POINT('',(11.565610343926,46.348859371851,1.692E+03));
#5082 = VECTOR('',#5083,1.);
#5083 = DIRECTION('',(-0.892616653828,0.450816491833,-0.));
#5084 = ORIENTED_EDGE('',*,*,#5085,.T.);
#5085 = EDGE_CURVE('',#5078,#5086,#5088,.T.);
#5086 = VERTEX_POINT('',#5087);
#5087 = CARTESIAN_POINT('',(5.25,56.613950890877,1.692E+03));
#5088 = CIRCLE('',#5089,11.5);
#5089 = AXIS2_PLACEMENT_3D('',#5090,#5091,#5092);
#5090 = CARTESIAN_POINT('',(16.75,56.613950890877,1.692E+03));
#5091 = DIRECTION('',(-0.,0.,-1.));
#5092 = DIRECTION('',(-1.,0.,0.));
#5093 = ORIENTED_EDGE('',*,*,#5094,.T.);
#5094 = EDGE_CURVE('',#5086,#5095,#5097,.T.);
#5095 = VERTEX_POINT('',#5096);
#5096 = CARTESIAN_POINT('',(5.25,57.25,1.692E+03));
#5097 = LINE('',#5098,#5099);
#5098 = CARTESIAN_POINT('',(5.25,57.25,1.692E+03));
#5099 = VECTOR('',#5100,1.);
#5100 = DIRECTION('',(-0.,1.,-0.));
#5101 = ORIENTED_EDGE('',*,*,#5102,.T.);
#5102 = EDGE_CURVE('',#5095,#5103,#5105,.T.);
#5103 = VERTEX_POINT('',#5104);
#5104 = CARTESIAN_POINT('',(8.75,60.75,1.692E+03));
#5105 = CIRCLE('',#5106,3.5);
#5106 = AXIS2_PLACEMENT_3D('',#5107,#5108,#5109);
#5107 = CARTESIAN_POINT('',(8.75,57.25,1.692E+03));
#5108 = DIRECTION('',(-0.,0.,-1.));
#5109 = DIRECTION('',(-5.075305255429E-16,1.,0.));
#5110 = ORIENTED_EDGE('',*,*,#5111,.T.);
#5111 = EDGE_CURVE('',#5103,#5112,#5114,.T.);
#5112 = VERTEX_POINT('',#5113);
#5113 = CARTESIAN_POINT('',(20.,60.75,1.692E+03));
#5114 = LINE('',#5115,#5116);
#5115 = CARTESIAN_POINT('',(20.,60.75,1.692E+03));
#5116 = VECTOR('',#5117,1.);
#5117 = DIRECTION('',(1.,-0.,-0.));
#5118 = ORIENTED_EDGE('',*,*,#5119,.T.);
#5119 = EDGE_CURVE('',#5112,#5120,#5122,.T.);
#5120 = VERTEX_POINT('',#5121);
#5121 = CARTESIAN_POINT('',(20.,59.25,1.692E+03));
#5122 = LINE('',#5123,#5124);
#5123 = CARTESIAN_POINT('',(20.,59.25,1.692E+03));
#5124 = VECTOR('',#5125,1.);
#5125 = DIRECTION('',(-0.,-1.,-0.));
#5126 = ORIENTED_EDGE('',*,*,#5127,.T.);
#5127 = EDGE_CURVE('',#5120,#5128,#5130,.T.);
#5128 = VERTEX_POINT('',#5129);
#5129 = CARTESIAN_POINT('',(8.75,59.25,1.692E+03));
#5130 = LINE('',#5131,#5132);
#5131 = CARTESIAN_POINT('',(20.,59.25,1.692E+03));
#5132 = VECTOR('',#5133,1.);
#5133 = DIRECTION('',(-1.,0.,0.));
#5134 = ORIENTED_EDGE('',*,*,#5135,.T.);
#5135 = EDGE_CURVE('',#5128,#5136,#5138,.T.);
#5136 = VERTEX_POINT('',#5137);
#5137 = CARTESIAN_POINT('',(6.75,57.25,1.692E+03));
#5138 = CIRCLE('',#5139,2.);
#5139 = AXIS2_PLACEMENT_3D('',#5140,#5141,#5142);
#5140 = CARTESIAN_POINT('',(8.75,57.25,1.692E+03));
#5141 = DIRECTION('',(0.,0.,1.));
#5142 = DIRECTION('',(-1.7763568394E-15,1.,0.));
#5143 = ORIENTED_EDGE('',*,*,#5144,.T.);
#5144 = EDGE_CURVE('',#5136,#5145,#5147,.T.);
#5145 = VERTEX_POINT('',#5146);
#5146 = CARTESIAN_POINT('',(6.75,56.613950890877,1.692E+03));
#5147 = LINE('',#5148,#5149);
#5148 = CARTESIAN_POINT('',(6.75,57.25,1.692E+03));
#5149 = VECTOR('',#5150,1.);
#5150 = DIRECTION('',(0.,-1.,0.));
#5151 = ORIENTED_EDGE('',*,*,#5152,.T.);
#5152 = EDGE_CURVE('',#5145,#5153,#5155,.T.);
#5153 = VERTEX_POINT('',#5154);
#5154 = CARTESIAN_POINT('',(12.241835081675,47.687784352593,1.692E+03));
#5155 = CIRCLE('',#5156,10.);
#5156 = AXIS2_PLACEMENT_3D('',#5157,#5158,#5159);
#5157 = CARTESIAN_POINT('',(16.75,56.613950890877,1.692E+03));
#5158 = DIRECTION('',(0.,0.,1.));
#5159 = DIRECTION('',(-1.,0.,0.));
#5160 = ORIENTED_EDGE('',*,*,#5161,.T.);
#5161 = EDGE_CURVE('',#5153,#5162,#5164,.T.);
#5162 = VERTEX_POINT('',#5163);
#5163 = CARTESIAN_POINT('',(96.673887083019,5.045333846864,1.692E+03));
#5164 = LINE('',#5165,#5166);
#5165 = CARTESIAN_POINT('',(12.241835081675,47.687784352593,1.692E+03));
#5166 = VECTOR('',#5167,1.);
#5167 = DIRECTION('',(0.892616653828,-0.450816491833,0.));
#5168 = ORIENTED_EDGE('',*,*,#5169,.T.);
#5169 = EDGE_CURVE('',#5162,#5170,#5172,.T.);
#5170 = VERTEX_POINT('',#5171);
#5171 = CARTESIAN_POINT('',(114.70654675632,0.75,1.692E+03));
#5172 = CIRCLE('',#5173,40.);
#5173 = AXIS2_PLACEMENT_3D('',#5174,#5175,#5176);
#5174 = CARTESIAN_POINT('',(114.70654675632,40.75,1.692E+03));
#5175 = DIRECTION('',(0.,0.,1.));
#5176 = DIRECTION('',(-0.450816491833,-0.892616653828,0.));
#5177 = ORIENTED_EDGE('',*,*,#5178,.T.);
#5178 = EDGE_CURVE('',#5170,#5179,#5181,.T.);
#5179 = VERTEX_POINT('',#5180);
#5180 = CARTESIAN_POINT('',(145.29345324368,0.75,1.692E+03));
#5181 = LINE('',#5182,#5183);
#5182 = CARTESIAN_POINT('',(114.70654675632,0.75,1.692E+03));
#5183 = VECTOR('',#5184,1.);
#5184 = DIRECTION('',(1.,0.,0.));
#5185 = ORIENTED_EDGE('',*,*,#5186,.T.);
#5186 = EDGE_CURVE('',#5179,#5187,#5189,.T.);
#5187 = VERTEX_POINT('',#5188);
#5188 = CARTESIAN_POINT('',(163.32611291698,5.045333846864,1.692E+03));
#5189 = CIRCLE('',#5190,40.);
#5190 = AXIS2_PLACEMENT_3D('',#5191,#5192,#5193);
#5191 = CARTESIAN_POINT('',(145.29345324368,40.75,1.692E+03));
#5192 = DIRECTION('',(0.,0.,1.));
#5193 = DIRECTION('',(0.,-1.,0.));
#5194 = ORIENTED_EDGE('',*,*,#5195,.T.);
#5195 = EDGE_CURVE('',#5187,#5196,#5198,.T.);
#5196 = VERTEX_POINT('',#5197);
#5197 = CARTESIAN_POINT('',(247.75816491832,47.687784352593,1.692E+03));
#5198 = LINE('',#5199,#5200);
#5199 = CARTESIAN_POINT('',(163.32611291698,5.045333846864,1.692E+03));
#5200 = VECTOR('',#5201,1.);
#5201 = DIRECTION('',(0.892616653828,0.450816491833,0.));
#5202 = ORIENTED_EDGE('',*,*,#5203,.T.);
#5203 = EDGE_CURVE('',#5196,#5204,#5206,.T.);
#5204 = VERTEX_POINT('',#5205);
#5205 = CARTESIAN_POINT('',(253.25,56.613950890877,1.692E+03));
#5206 = CIRCLE('',#5207,10.);
#5207 = AXIS2_PLACEMENT_3D('',#5208,#5209,#5210);
#5208 = CARTESIAN_POINT('',(243.25,56.613950890877,1.692E+03));
#5209 = DIRECTION('',(0.,0.,1.));
#5210 = DIRECTION('',(0.450816491833,-0.892616653828,0.));
#5211 = ORIENTED_EDGE('',*,*,#5212,.T.);
#5212 = EDGE_CURVE('',#5204,#5213,#5215,.T.);
#5213 = VERTEX_POINT('',#5214);
#5214 = CARTESIAN_POINT('',(253.25,97.25,1.692E+03));
#5215 = LINE('',#5216,#5217);
#5216 = CARTESIAN_POINT('',(253.25,56.613950890877,1.692E+03));
#5217 = VECTOR('',#5218,1.);
#5218 = DIRECTION('',(0.,1.,0.));
#5219 = ORIENTED_EDGE('',*,*,#5220,.T.);
#5220 = EDGE_CURVE('',#5213,#5221,#5223,.T.);
#5221 = VERTEX_POINT('',#5222);
#5222 = CARTESIAN_POINT('',(251.25,99.25,1.692E+03));
#5223 = CIRCLE('',#5224,2.);
#5224 = AXIS2_PLACEMENT_3D('',#5225,#5226,#5227);
#5225 = CARTESIAN_POINT('',(251.25,97.25,1.692E+03));
#5226 = DIRECTION('',(0.,0.,1.));
#5227 = DIRECTION('',(1.,-1.42108547152E-14,0.));
#5228 = ORIENTED_EDGE('',*,*,#5229,.T.);
#5229 = EDGE_CURVE('',#5221,#4743,#5230,.T.);
#5230 = LINE('',#5231,#5232);
#5231 = CARTESIAN_POINT('',(251.25,99.25,1.692E+03));
#5232 = VECTOR('',#5233,1.);
#5233 = DIRECTION('',(-1.,0.,0.));
#5234 = ORIENTED_EDGE('',*,*,#4750,.T.);
#5235 = PLANE('',#5236);
#5236 = AXIS2_PLACEMENT_3D('',#5237,#5238,#5239);
#5237 = CARTESIAN_POINT('',(143.96240247301,33.463305132465,1.692E+03));
#5238 = DIRECTION('',(-0.,-0.,-1.));
#5239 = DIRECTION('',(-1.,0.,0.));
#5240 = ADVANCED_FACE('',(#5241),#5252,.T.);
#5241 = FACE_BOUND('',#5242,.T.);
#5242 = EDGE_LOOP('',(#5243,#5249,#5250,#5251));
#5243 = ORIENTED_EDGE('',*,*,#5244,.T.);
#5244 = EDGE_CURVE('',#5001,#5221,#5245,.T.);
#5245 = LINE('',#5246,#5247);
#5246 = CARTESIAN_POINT('',(251.25,99.25,0.));
#5247 = VECTOR('',#5248,1.);
#5248 = DIRECTION('',(0.,0.,1.));
#5249 = ORIENTED_EDGE('',*,*,#5229,.T.);
#5250 = ORIENTED_EDGE('',*,*,#4740,.F.);
#5251 = ORIENTED_EDGE('',*,*,#5009,.F.);
#5252 = PLANE('',#5253);
#5253 = AXIS2_PLACEMENT_3D('',#5254,#5255,#5256);
#5254 = CARTESIAN_POINT('',(251.25,99.25,0.));
#5255 = DIRECTION('',(0.,-1.,0.));
#5256 = DIRECTION('',(-1.,0.,0.));
#5257 = ADVANCED_FACE('',(#5258),#5269,.T.);
#5258 = FACE_BOUND('',#5259,.T.);
#5259 = EDGE_LOOP('',(#5260,#5261,#5262,#5268));
#5260 = ORIENTED_EDGE('',*,*,#4781,.T.);
#5261 = ORIENTED_EDGE('',*,*,#5026,.T.);
#5262 = ORIENTED_EDGE('',*,*,#5263,.F.);
#5263 = EDGE_CURVE('',#4807,#5027,#5264,.T.);
#5264 = LINE('',#5265,#5266);
#5265 = CARTESIAN_POINT('',(254.75,56.613950890877,0.));
#5266 = VECTOR('',#5267,1.);
#5267 = DIRECTION('',(0.,0.,1.));
#5268 = ORIENTED_EDGE('',*,*,#4806,.F.);
#5269 = PLANE('',#5270);
#5270 = AXIS2_PLACEMENT_3D('',#5271,#5272,#5273);
#5271 = CARTESIAN_POINT('',(254.75,97.25,0.));
#5272 = DIRECTION('',(1.,0.,0.));
#5273 = DIRECTION('',(0.,-1.,0.));
#5274 = ADVANCED_FACE('',(#5275),#5286,.T.);
#5275 = FACE_BOUND('',#5276,.T.);
#5276 = EDGE_LOOP('',(#5277,#5278,#5279,#5285));
#5277 = ORIENTED_EDGE('',*,*,#5263,.T.);
#5278 = ORIENTED_EDGE('',*,*,#5034,.T.);
#5279 = ORIENTED_EDGE('',*,*,#5280,.F.);
#5280 = EDGE_CURVE('',#4815,#5035,#5281,.T.);
#5281 = LINE('',#5282,#5283);
#5282 = CARTESIAN_POINT('',(248.43438965607,46.348859371851,0.));
#5283 = VECTOR('',#5284,1.);
#5284 = DIRECTION('',(0.,0.,1.));
#5285 = ORIENTED_EDGE('',*,*,#4814,.F.);
#5286 = CYLINDRICAL_SURFACE('',#5287,11.5);
#5287 = AXIS2_PLACEMENT_3D('',#5288,#5289,#5290);
#5288 = CARTESIAN_POINT('',(243.25,56.613950890877,0.));
#5289 = DIRECTION('',(0.,-0.,-1.));
#5290 = DIRECTION('',(0.450816491833,-0.892616653828,0.));
#5291 = ADVANCED_FACE('',(#5292),#5303,.T.);
#5292 = FACE_BOUND('',#5293,.T.);
#5293 = EDGE_LOOP('',(#5294,#5295,#5296,#5302));
#5294 = ORIENTED_EDGE('',*,*,#5280,.T.);
#5295 = ORIENTED_EDGE('',*,*,#5043,.T.);
#5296 = ORIENTED_EDGE('',*,*,#5297,.F.);
#5297 = EDGE_CURVE('',#4824,#5044,#5298,.T.);
#5298 = LINE('',#5299,#5300);
#5299 = CARTESIAN_POINT('',(164.00233765473,3.706408866121,0.));
#5300 = VECTOR('',#5301,1.);
#5301 = DIRECTION('',(0.,0.,1.));
#5302 = ORIENTED_EDGE('',*,*,#4823,.F.);
#5303 = PLANE('',#5304);
#5304 = AXIS2_PLACEMENT_3D('',#5305,#5306,#5307);
#5305 = CARTESIAN_POINT('',(248.43438965607,46.348859371851,0.));
#5306 = DIRECTION('',(0.450816491833,-0.892616653828,0.));
#5307 = DIRECTION('',(-0.892616653828,-0.450816491833,0.));
#5308 = ADVANCED_FACE('',(#5309),#5320,.T.);
#5309 = FACE_BOUND('',#5310,.T.);
#5310 = EDGE_LOOP('',(#5311,#5312,#5313,#5319));
#5311 = ORIENTED_EDGE('',*,*,#5297,.T.);
#5312 = ORIENTED_EDGE('',*,*,#5051,.T.);
#5313 = ORIENTED_EDGE('',*,*,#5314,.F.);
#5314 = EDGE_CURVE('',#4832,#5052,#5315,.T.);
#5315 = LINE('',#5316,#5317);
#5316 = CARTESIAN_POINT('',(145.29345324368,-0.75,0.));
#5317 = VECTOR('',#5318,1.);
#5318 = DIRECTION('',(0.,0.,1.));
#5319 = ORIENTED_EDGE('',*,*,#4831,.F.);
#5320 = CYLINDRICAL_SURFACE('',#5321,41.5);
#5321 = AXIS2_PLACEMENT_3D('',#5322,#5323,#5324);
#5322 = CARTESIAN_POINT('',(145.29345324368,40.75,0.));
#5323 = DIRECTION('',(-0.,0.,-1.));
#5324 = DIRECTION('',(-1.369720936405E-15,-1.,0.));
#5325 = ADVANCED_FACE('',(#5326,#5337,#5348),#5359,.T.);
#5326 = FACE_BOUND('',#5327,.T.);
#5327 = EDGE_LOOP('',(#5328,#5329,#5330,#5336));
#5328 = ORIENTED_EDGE('',*,*,#5314,.T.);
#5329 = ORIENTED_EDGE('',*,*,#5060,.T.);
#5330 = ORIENTED_EDGE('',*,*,#5331,.F.);
#5331 = EDGE_CURVE('',#4841,#5061,#5332,.T.);
#5332 = LINE('',#5333,#5334);
#5333 = CARTESIAN_POINT('',(114.70654675632,-0.75,0.));
#5334 = VECTOR('',#5335,1.);
#5335 = DIRECTION('',(0.,0.,1.));
#5336 = ORIENTED_EDGE('',*,*,#4840,.F.);
#5337 = FACE_BOUND('',#5338,.T.);
#5338 = EDGE_LOOP('',(#5339));
#5339 = ORIENTED_EDGE('',*,*,#5340,.T.);
#5340 = EDGE_CURVE('',#5341,#5341,#5343,.T.);
#5341 = VERTEX_POINT('',#5342);
#5342 = CARTESIAN_POINT('',(130.,-0.75,1.67805E+03));
#5343 = CIRCLE('',#5344,2.05);
#5344 = AXIS2_PLACEMENT_3D('',#5345,#5346,#5347);
#5345 = CARTESIAN_POINT('',(130.,-0.75,1.676E+03));
#5346 = DIRECTION('',(-0.,1.,0.));
#5347 = DIRECTION('',(0.,0.,1.));
#5348 = FACE_BOUND('',#5349,.T.);
#5349 = EDGE_LOOP('',(#5350));
#5350 = ORIENTED_EDGE('',*,*,#5351,.T.);
#5351 = EDGE_CURVE('',#5352,#5352,#5354,.T.);
#5352 = VERTEX_POINT('',#5353);
#5353 = CARTESIAN_POINT('',(130.,-0.75,18.05));
#5354 = CIRCLE('',#5355,2.05);
#5355 = AXIS2_PLACEMENT_3D('',#5356,#5357,#5358);
#5356 = CARTESIAN_POINT('',(130.,-0.75,16.));
#5357 = DIRECTION('',(-0.,1.,0.));
#5358 = DIRECTION('',(0.,0.,1.));
#5359 = PLANE('',#5360);
#5360 = AXIS2_PLACEMENT_3D('',#5361,#5362,#5363);
#5361 = CARTESIAN_POINT('',(145.29345324368,-0.75,0.));
#5362 = DIRECTION('',(0.,-1.,0.));
#5363 = DIRECTION('',(-1.,-0.,0.));
#5364 = ADVANCED_FACE('',(#5365),#5376,.T.);
#5365 = FACE_BOUND('',#5366,.T.);
#5366 = EDGE_LOOP('',(#5367,#5368,#5369,#5375));
#5367 = ORIENTED_EDGE('',*,*,#5331,.T.);
#5368 = ORIENTED_EDGE('',*,*,#5068,.T.);
#5369 = ORIENTED_EDGE('',*,*,#5370,.F.);
#5370 = EDGE_CURVE('',#4849,#5069,#5371,.T.);
#5371 = LINE('',#5372,#5373);
#5372 = CARTESIAN_POINT('',(95.99766234527,3.706408866121,0.));
#5373 = VECTOR('',#5374,1.);
#5374 = DIRECTION('',(0.,0.,1.));
#5375 = ORIENTED_EDGE('',*,*,#4848,.F.);
#5376 = CYLINDRICAL_SURFACE('',#5377,41.5);
#5377 = AXIS2_PLACEMENT_3D('',#5378,#5379,#5380);
#5378 = CARTESIAN_POINT('',(114.70654675632,40.75,0.));
#5379 = DIRECTION('',(-0.,0.,-1.));
#5380 = DIRECTION('',(-0.450816491833,-0.892616653828,0.));
#5381 = ADVANCED_FACE('',(#5382),#5393,.T.);
#5382 = FACE_BOUND('',#5383,.T.);
#5383 = EDGE_LOOP('',(#5384,#5385,#5386,#5392));
#5384 = ORIENTED_EDGE('',*,*,#5370,.T.);
#5385 = ORIENTED_EDGE('',*,*,#5077,.T.);
#5386 = ORIENTED_EDGE('',*,*,#5387,.F.);
#5387 = EDGE_CURVE('',#4858,#5078,#5388,.T.);
#5388 = LINE('',#5389,#5390);
#5389 = CARTESIAN_POINT('',(11.565610343926,46.348859371851,0.));
#5390 = VECTOR('',#5391,1.);
#5391 = DIRECTION('',(0.,0.,1.));
#5392 = ORIENTED_EDGE('',*,*,#4857,.F.);
#5393 = PLANE('',#5394);
#5394 = AXIS2_PLACEMENT_3D('',#5395,#5396,#5397);
#5395 = CARTESIAN_POINT('',(95.99766234527,3.706408866121,0.));
#5396 = DIRECTION('',(-0.450816491833,-0.892616653828,0.));
#5397 = DIRECTION('',(-0.892616653828,0.450816491833,0.));
#5398 = ADVANCED_FACE('',(#5399),#5410,.T.);
#5399 = FACE_BOUND('',#5400,.T.);
#5400 = EDGE_LOOP('',(#5401,#5402,#5403,#5409));
#5401 = ORIENTED_EDGE('',*,*,#5387,.T.);
#5402 = ORIENTED_EDGE('',*,*,#5085,.T.);
#5403 = ORIENTED_EDGE('',*,*,#5404,.F.);
#5404 = EDGE_CURVE('',#4866,#5086,#5405,.T.);
#5405 = LINE('',#5406,#5407);
#5406 = CARTESIAN_POINT('',(5.25,56.613950890877,0.));
#5407 = VECTOR('',#5408,1.);
#5408 = DIRECTION('',(0.,0.,1.));
#5409 = ORIENTED_EDGE('',*,*,#4865,.F.);
#5410 = CYLINDRICAL_SURFACE('',#5411,11.5);
#5411 = AXIS2_PLACEMENT_3D('',#5412,#5413,#5414);
#5412 = CARTESIAN_POINT('',(16.75,56.613950890877,0.));
#5413 = DIRECTION('',(-0.,0.,-1.));
#5414 = DIRECTION('',(-1.,0.,0.));
#5415 = ADVANCED_FACE('',(#5416),#5427,.T.);
#5416 = FACE_BOUND('',#5417,.T.);
#5417 = EDGE_LOOP('',(#5418,#5419,#5420,#5426));
#5418 = ORIENTED_EDGE('',*,*,#5404,.T.);
#5419 = ORIENTED_EDGE('',*,*,#5094,.T.);
#5420 = ORIENTED_EDGE('',*,*,#5421,.F.);
#5421 = EDGE_CURVE('',#4875,#5095,#5422,.T.);
#5422 = LINE('',#5423,#5424);
#5423 = CARTESIAN_POINT('',(5.25,57.25,0.));
#5424 = VECTOR('',#5425,1.);
#5425 = DIRECTION('',(0.,0.,1.));
#5426 = ORIENTED_EDGE('',*,*,#4874,.F.);
#5427 = PLANE('',#5428);
#5428 = AXIS2_PLACEMENT_3D('',#5429,#5430,#5431);
#5429 = CARTESIAN_POINT('',(5.25,56.613950890877,0.));
#5430 = DIRECTION('',(-1.,0.,0.));
#5431 = DIRECTION('',(0.,1.,-0.));
#5432 = ADVANCED_FACE('',(#5433),#5444,.T.);
#5433 = FACE_BOUND('',#5434,.T.);
#5434 = EDGE_LOOP('',(#5435,#5436,#5437,#5443));
#5435 = ORIENTED_EDGE('',*,*,#5421,.T.);
#5436 = ORIENTED_EDGE('',*,*,#5102,.T.);
#5437 = ORIENTED_EDGE('',*,*,#5438,.F.);
#5438 = EDGE_CURVE('',#4883,#5103,#5439,.T.);
#5439 = LINE('',#5440,#5441);
#5440 = CARTESIAN_POINT('',(8.75,60.75,0.));
#5441 = VECTOR('',#5442,1.);
#5442 = DIRECTION('',(0.,0.,1.));
#5443 = ORIENTED_EDGE('',*,*,#4882,.F.);
#5444 = CYLINDRICAL_SURFACE('',#5445,3.5);
#5445 = AXIS2_PLACEMENT_3D('',#5446,#5447,#5448);
#5446 = CARTESIAN_POINT('',(8.75,57.25,0.));
#5447 = DIRECTION('',(-0.,0.,-1.));
#5448 = DIRECTION('',(-5.075305255429E-16,1.,0.));
#5449 = ADVANCED_FACE('',(#5450),#5461,.T.);
#5450 = FACE_BOUND('',#5451,.T.);
#5451 = EDGE_LOOP('',(#5452,#5453,#5454,#5460));
#5452 = ORIENTED_EDGE('',*,*,#5438,.T.);
#5453 = ORIENTED_EDGE('',*,*,#5111,.T.);
#5454 = ORIENTED_EDGE('',*,*,#5455,.F.);
#5455 = EDGE_CURVE('',#4892,#5112,#5456,.T.);
#5456 = LINE('',#5457,#5458);
#5457 = CARTESIAN_POINT('',(20.,60.75,0.));
#5458 = VECTOR('',#5459,1.);
#5459 = DIRECTION('',(0.,0.,1.));
#5460 = ORIENTED_EDGE('',*,*,#4891,.F.);
#5461 = PLANE('',#5462);
#5462 = AXIS2_PLACEMENT_3D('',#5463,#5464,#5465);
#5463 = CARTESIAN_POINT('',(8.75,60.75,0.));
#5464 = DIRECTION('',(0.,1.,-0.));
#5465 = DIRECTION('',(1.,-0.,0.));
#5466 = ADVANCED_FACE('',(#5467),#5478,.T.);
#5467 = FACE_BOUND('',#5468,.T.);
#5468 = EDGE_LOOP('',(#5469,#5470,#5471,#5477));
#5469 = ORIENTED_EDGE('',*,*,#5455,.T.);
#5470 = ORIENTED_EDGE('',*,*,#5119,.T.);
#5471 = ORIENTED_EDGE('',*,*,#5472,.F.);
#5472 = EDGE_CURVE('',#4900,#5120,#5473,.T.);
#5473 = LINE('',#5474,#5475);
#5474 = CARTESIAN_POINT('',(20.,59.25,0.));
#5475 = VECTOR('',#5476,1.);
#5476 = DIRECTION('',(0.,0.,1.));
#5477 = ORIENTED_EDGE('',*,*,#4899,.F.);
#5478 = PLANE('',#5479);
#5479 = AXIS2_PLACEMENT_3D('',#5480,#5481,#5482);
#5480 = CARTESIAN_POINT('',(20.,60.75,0.));
#5481 = DIRECTION('',(1.,0.,0.));
#5482 = DIRECTION('',(0.,-1.,0.));
#5483 = ADVANCED_FACE('',(#5484),#5495,.T.);
#5484 = FACE_BOUND('',#5485,.T.);
#5485 = EDGE_LOOP('',(#5486,#5487,#5488,#5494));
#5486 = ORIENTED_EDGE('',*,*,#5472,.T.);
#5487 = ORIENTED_EDGE('',*,*,#5127,.T.);
#5488 = ORIENTED_EDGE('',*,*,#5489,.F.);
#5489 = EDGE_CURVE('',#4908,#5128,#5490,.T.);
#5490 = LINE('',#5491,#5492);
#5491 = CARTESIAN_POINT('',(8.75,59.25,0.));
#5492 = VECTOR('',#5493,1.);
#5493 = DIRECTION('',(0.,0.,1.));
#5494 = ORIENTED_EDGE('',*,*,#4907,.F.);
#5495 = PLANE('',#5496);
#5496 = AXIS2_PLACEMENT_3D('',#5497,#5498,#5499);
#5497 = CARTESIAN_POINT('',(20.,59.25,0.));
#5498 = DIRECTION('',(0.,-1.,0.));
#5499 = DIRECTION('',(-1.,0.,0.));
#5500 = ADVANCED_FACE('',(#5501),#5512,.F.);
#5501 = FACE_BOUND('',#5502,.T.);
#5502 = EDGE_LOOP('',(#5503,#5504,#5505,#5511));
#5503 = ORIENTED_EDGE('',*,*,#5489,.T.);
#5504 = ORIENTED_EDGE('',*,*,#5135,.T.);
#5505 = ORIENTED_EDGE('',*,*,#5506,.F.);
#5506 = EDGE_CURVE('',#4916,#5136,#5507,.T.);
#5507 = LINE('',#5508,#5509);
#5508 = CARTESIAN_POINT('',(6.75,57.25,0.));
#5509 = VECTOR('',#5510,1.);
#5510 = DIRECTION('',(0.,0.,1.));
#5511 = ORIENTED_EDGE('',*,*,#4915,.F.);
#5512 = CYLINDRICAL_SURFACE('',#5513,2.);
#5513 = AXIS2_PLACEMENT_3D('',#5514,#5515,#5516);
#5514 = CARTESIAN_POINT('',(8.75,57.25,0.));
#5515 = DIRECTION('',(-0.,-0.,-1.));
#5516 = DIRECTION('',(-1.7763568394E-15,1.,0.));
#5517 = ADVANCED_FACE('',(#5518),#5529,.T.);
#5518 = FACE_BOUND('',#5519,.T.);
#5519 = EDGE_LOOP('',(#5520,#5521,#5522,#5528));
#5520 = ORIENTED_EDGE('',*,*,#5506,.T.);
#5521 = ORIENTED_EDGE('',*,*,#5144,.T.);
#5522 = ORIENTED_EDGE('',*,*,#5523,.F.);
#5523 = EDGE_CURVE('',#4925,#5145,#5524,.T.);
#5524 = LINE('',#5525,#5526);
#5525 = CARTESIAN_POINT('',(6.75,56.613950890877,0.));
#5526 = VECTOR('',#5527,1.);
#5527 = DIRECTION('',(0.,0.,1.));
#5528 = ORIENTED_EDGE('',*,*,#4924,.F.);
#5529 = PLANE('',#5530);
#5530 = AXIS2_PLACEMENT_3D('',#5531,#5532,#5533);
#5531 = CARTESIAN_POINT('',(6.75,57.25,0.));
#5532 = DIRECTION('',(1.,0.,-0.));
#5533 = DIRECTION('',(0.,-1.,0.));
#5534 = ADVANCED_FACE('',(#5535),#5546,.F.);
#5535 = FACE_BOUND('',#5536,.T.);
#5536 = EDGE_LOOP('',(#5537,#5538,#5539,#5545));
#5537 = ORIENTED_EDGE('',*,*,#5523,.T.);
#5538 = ORIENTED_EDGE('',*,*,#5152,.T.);
#5539 = ORIENTED_EDGE('',*,*,#5540,.F.);
#5540 = EDGE_CURVE('',#4933,#5153,#5541,.T.);
#5541 = LINE('',#5542,#5543);
#5542 = CARTESIAN_POINT('',(12.241835081675,47.687784352593,0.));
#5543 = VECTOR('',#5544,1.);
#5544 = DIRECTION('',(0.,0.,1.));
#5545 = ORIENTED_EDGE('',*,*,#4932,.F.);
#5546 = CYLINDRICAL_SURFACE('',#5547,10.);
#5547 = AXIS2_PLACEMENT_3D('',#5548,#5549,#5550);
#5548 = CARTESIAN_POINT('',(16.75,56.613950890877,0.));
#5549 = DIRECTION('',(-0.,-0.,-1.));
#5550 = DIRECTION('',(-1.,0.,0.));
#5551 = ADVANCED_FACE('',(#5552),#5563,.T.);
#5552 = FACE_BOUND('',#5553,.T.);
#5553 = EDGE_LOOP('',(#5554,#5555,#5556,#5562));
#5554 = ORIENTED_EDGE('',*,*,#5540,.T.);
#5555 = ORIENTED_EDGE('',*,*,#5161,.T.);
#5556 = ORIENTED_EDGE('',*,*,#5557,.F.);
#5557 = EDGE_CURVE('',#4942,#5162,#5558,.T.);
#5558 = LINE('',#5559,#5560);
#5559 = CARTESIAN_POINT('',(96.673887083019,5.045333846864,0.));
#5560 = VECTOR('',#5561,1.);
#5561 = DIRECTION('',(0.,0.,1.));
#5562 = ORIENTED_EDGE('',*,*,#4941,.F.);
#5563 = PLANE('',#5564);
#5564 = AXIS2_PLACEMENT_3D('',#5565,#5566,#5567);
#5565 = CARTESIAN_POINT('',(12.241835081675,47.687784352593,0.));
#5566 = DIRECTION('',(0.450816491833,0.892616653828,-0.));
#5567 = DIRECTION('',(0.892616653828,-0.450816491833,0.));
#5568 = ADVANCED_FACE('',(#5569),#5580,.F.);
#5569 = FACE_BOUND('',#5570,.T.);
#5570 = EDGE_LOOP('',(#5571,#5572,#5573,#5579));
#5571 = ORIENTED_EDGE('',*,*,#5557,.T.);
#5572 = ORIENTED_EDGE('',*,*,#5169,.T.);
#5573 = ORIENTED_EDGE('',*,*,#5574,.F.);
#5574 = EDGE_CURVE('',#4950,#5170,#5575,.T.);
#5575 = LINE('',#5576,#5577);
#5576 = CARTESIAN_POINT('',(114.70654675632,0.75,0.));
#5577 = VECTOR('',#5578,1.);
#5578 = DIRECTION('',(0.,0.,1.));
#5579 = ORIENTED_EDGE('',*,*,#4949,.F.);
#5580 = CYLINDRICAL_SURFACE('',#5581,40.);
#5581 = AXIS2_PLACEMENT_3D('',#5582,#5583,#5584);
#5582 = CARTESIAN_POINT('',(114.70654675632,40.75,0.));
#5583 = DIRECTION('',(-0.,-0.,-1.));
#5584 = DIRECTION('',(-0.450816491833,-0.892616653828,0.));
#5585 = ADVANCED_FACE('',(#5586,#5597,#5608),#5619,.T.);
#5586 = FACE_BOUND('',#5587,.T.);
#5587 = EDGE_LOOP('',(#5588,#5589,#5590,#5596));
#5588 = ORIENTED_EDGE('',*,*,#5574,.T.);
#5589 = ORIENTED_EDGE('',*,*,#5178,.T.);
#5590 = ORIENTED_EDGE('',*,*,#5591,.F.);
#5591 = EDGE_CURVE('',#4959,#5179,#5592,.T.);
#5592 = LINE('',#5593,#5594);
#5593 = CARTESIAN_POINT('',(145.29345324368,0.75,0.));
#5594 = VECTOR('',#5595,1.);
#5595 = DIRECTION('',(0.,0.,1.));
#5596 = ORIENTED_EDGE('',*,*,#4958,.F.);
#5597 = FACE_BOUND('',#5598,.T.);
#5598 = EDGE_LOOP('',(#5599));
#5599 = ORIENTED_EDGE('',*,*,#5600,.F.);
#5600 = EDGE_CURVE('',#5601,#5601,#5603,.T.);
#5601 = VERTEX_POINT('',#5602);
#5602 = CARTESIAN_POINT('',(130.,0.75,1.67805E+03));
#5603 = CIRCLE('',#5604,2.05);
#5604 = AXIS2_PLACEMENT_3D('',#5605,#5606,#5607);
#5605 = CARTESIAN_POINT('',(130.,0.75,1.676E+03));
#5606 = DIRECTION('',(-0.,1.,0.));
#5607 = DIRECTION('',(0.,0.,1.));
#5608 = FACE_BOUND('',#5609,.T.);
#5609 = EDGE_LOOP('',(#5610));
#5610 = ORIENTED_EDGE('',*,*,#5611,.F.);
#5611 = EDGE_CURVE('',#5612,#5612,#5614,.T.);
#5612 = VERTEX_POINT('',#5613);
#5613 = CARTESIAN_POINT('',(130.,0.75,18.05));
#5614 = CIRCLE('',#5615,2.05);
#5615 = AXIS2_PLACEMENT_3D('',#5616,#5617,#5618);
#5616 = CARTESIAN_POINT('',(130.,0.75,16.));
#5617 = DIRECTION('',(-0.,1.,0.));
#5618 = DIRECTION('',(0.,0.,1.));
#5619 = PLANE('',#5620);
#5620 = AXIS2_PLACEMENT_3D('',#5621,#5622,#5623);
#5621 = CARTESIAN_POINT('',(114.70654675632,0.75,0.));
#5622 = DIRECTION('',(0.,1.,0.));
#5623 = DIRECTION('',(1.,0.,0.));
#5624 = ADVANCED_FACE('',(#5625),#5636,.F.);
#5625 = FACE_BOUND('',#5626,.T.);
#5626 = EDGE_LOOP('',(#5627,#5628,#5629,#5635));
#5627 = ORIENTED_EDGE('',*,*,#5591,.T.);
#5628 = ORIENTED_EDGE('',*,*,#5186,.T.);
#5629 = ORIENTED_EDGE('',*,*,#5630,.F.);
#5630 = EDGE_CURVE('',#4967,#5187,#5631,.T.);
#5631 = LINE('',#5632,#5633);
#5632 = CARTESIAN_POINT('',(163.32611291698,5.045333846864,0.));
#5633 = VECTOR('',#5634,1.);
#5634 = DIRECTION('',(0.,0.,1.));
#5635 = ORIENTED_EDGE('',*,*,#4966,.F.);
#5636 = CYLINDRICAL_SURFACE('',#5637,40.);
#5637 = AXIS2_PLACEMENT_3D('',#5638,#5639,#5640);
#5638 = CARTESIAN_POINT('',(145.29345324368,40.75,0.));
#5639 = DIRECTION('',(-0.,-0.,-1.));
#5640 = DIRECTION('',(0.,-1.,0.));
#5641 = ADVANCED_FACE('',(#5642),#5653,.T.);
#5642 = FACE_BOUND('',#5643,.T.);
#5643 = EDGE_LOOP('',(#5644,#5645,#5646,#5652));
#5644 = ORIENTED_EDGE('',*,*,#5630,.T.);
#5645 = ORIENTED_EDGE('',*,*,#5195,.T.);
#5646 = ORIENTED_EDGE('',*,*,#5647,.F.);
#5647 = EDGE_CURVE('',#4976,#5196,#5648,.T.);
#5648 = LINE('',#5649,#5650);
#5649 = CARTESIAN_POINT('',(247.75816491832,47.687784352593,0.));
#5650 = VECTOR('',#5651,1.);
#5651 = DIRECTION('',(0.,0.,1.));
#5652 = ORIENTED_EDGE('',*,*,#4975,.F.);
#5653 = PLANE('',#5654);
#5654 = AXIS2_PLACEMENT_3D('',#5655,#5656,#5657);
#5655 = CARTESIAN_POINT('',(163.32611291698,5.045333846864,0.));
#5656 = DIRECTION('',(-0.450816491833,0.892616653828,0.));
#5657 = DIRECTION('',(0.892616653828,0.450816491833,0.));
#5658 = ADVANCED_FACE('',(#5659),#5670,.F.);
#5659 = FACE_BOUND('',#5660,.T.);
#5660 = EDGE_LOOP('',(#5661,#5662,#5663,#5669));
#5661 = ORIENTED_EDGE('',*,*,#5647,.T.);
#5662 = ORIENTED_EDGE('',*,*,#5203,.T.);
#5663 = ORIENTED_EDGE('',*,*,#5664,.F.);
#5664 = EDGE_CURVE('',#4984,#5204,#5665,.T.);
#5665 = LINE('',#5666,#5667);
#5666 = CARTESIAN_POINT('',(253.25,56.613950890877,0.));
#5667 = VECTOR('',#5668,1.);
#5668 = DIRECTION('',(0.,0.,1.));
#5669 = ORIENTED_EDGE('',*,*,#4983,.F.);
#5670 = CYLINDRICAL_SURFACE('',#5671,10.);
#5671 = AXIS2_PLACEMENT_3D('',#5672,#5673,#5674);
#5672 = CARTESIAN_POINT('',(243.25,56.613950890877,0.));
#5673 = DIRECTION('',(-0.,-0.,-1.));
#5674 = DIRECTION('',(0.450816491833,-0.892616653828,0.));
#5675 = ADVANCED_FACE('',(#5676),#5687,.T.);
#5676 = FACE_BOUND('',#5677,.T.);
#5677 = EDGE_LOOP('',(#5678,#5679,#5680,#5686));
#5678 = ORIENTED_EDGE('',*,*,#5664,.T.);
#5679 = ORIENTED_EDGE('',*,*,#5212,.T.);
#5680 = ORIENTED_EDGE('',*,*,#5681,.F.);
#5681 = EDGE_CURVE('',#4993,#5213,#5682,.T.);
#5682 = LINE('',#5683,#5684);
#5683 = CARTESIAN_POINT('',(253.25,97.25,0.));
#5684 = VECTOR('',#5685,1.);
#5685 = DIRECTION('',(0.,0.,1.));
#5686 = ORIENTED_EDGE('',*,*,#4992,.F.);
#5687 = PLANE('',#5688);
#5688 = AXIS2_PLACEMENT_3D('',#5689,#5690,#5691);
#5689 = CARTESIAN_POINT('',(253.25,56.613950890877,0.));
#5690 = DIRECTION('',(-1.,0.,0.));
#5691 = DIRECTION('',(0.,1.,0.));
#5692 = ADVANCED_FACE('',(#5693),#5699,.F.);
#5693 = FACE_BOUND('',#5694,.T.);
#5694 = EDGE_LOOP('',(#5695,#5696,#5697,#5698));
#5695 = ORIENTED_EDGE('',*,*,#5681,.T.);
#5696 = ORIENTED_EDGE('',*,*,#5220,.T.);
#5697 = ORIENTED_EDGE('',*,*,#5244,.F.);
#5698 = ORIENTED_EDGE('',*,*,#5000,.F.);
#5699 = CYLINDRICAL_SURFACE('',#5700,2.);
#5700 = AXIS2_PLACEMENT_3D('',#5701,#5702,#5703);
#5701 = CARTESIAN_POINT('',(251.25,97.25,0.));
#5702 = DIRECTION('',(-0.,-0.,-1.));
#5703 = DIRECTION('',(1.,-1.42108547152E-14,0.));
#5704 = ADVANCED_FACE('',(#5705),#5716,.F.);
#5705 = FACE_BOUND('',#5706,.F.);
#5706 = EDGE_LOOP('',(#5707,#5708,#5714,#5715));
#5707 = ORIENTED_EDGE('',*,*,#5600,.F.);
#5708 = ORIENTED_EDGE('',*,*,#5709,.F.);
#5709 = EDGE_CURVE('',#5341,#5601,#5710,.T.);
#5710 = LINE('',#5711,#5712);
#5711 = CARTESIAN_POINT('',(130.,-3.,1.67805E+03));
#5712 = VECTOR('',#5713,1.);
#5713 = DIRECTION('',(0.,1.,0.));
#5714 = ORIENTED_EDGE('',*,*,#5340,.T.);
#5715 = ORIENTED_EDGE('',*,*,#5709,.T.);
#5716 = CYLINDRICAL_SURFACE('',#5717,2.05);
#5717 = AXIS2_PLACEMENT_3D('',#5718,#5719,#5720);
#5718 = CARTESIAN_POINT('',(130.,-3.,1.676E+03));
#5719 = DIRECTION('',(-0.,1.,0.));
#5720 = DIRECTION('',(0.,0.,1.));
#5721 = ADVANCED_FACE('',(#5722),#5733,.F.);
#5722 = FACE_BOUND('',#5723,.F.);
#5723 = EDGE_LOOP('',(#5724,#5725,#5731,#5732));
#5724 = ORIENTED_EDGE('',*,*,#5611,.F.);
#5725 = ORIENTED_EDGE('',*,*,#5726,.F.);
#5726 = EDGE_CURVE('',#5352,#5612,#5727,.T.);
#5727 = LINE('',#5728,#5729);
#5728 = CARTESIAN_POINT('',(130.,-3.,18.05));
#5729 = VECTOR('',#5730,1.);
#5730 = DIRECTION('',(0.,1.,0.));
#5731 = ORIENTED_EDGE('',*,*,#5351,.T.);
#5732 = ORIENTED_EDGE('',*,*,#5726,.T.);
#5733 = CYLINDRICAL_SURFACE('',#5734,2.05);
#5734 = AXIS2_PLACEMENT_3D('',#5735,#5736,#5737);
#5735 = CARTESIAN_POINT('',(130.,-3.,16.));
#5736 = DIRECTION('',(-0.,1.,0.));
#5737 = DIRECTION('',(0.,0.,1.));
#5738 = ( GEOMETRIC_REPRESENTATION_CONTEXT(3) 
GLOBAL_UNCERTAINTY_ASSIGNED_CONTEXT((#5742)) 
GLOBAL_UNIT_ASSIGNED_CONTEXT((#5739,#5740,#5741)) REPRESENTATION_CONTEXT
('Context #1','3D Context with UNIT and UNCERTAINTY') );
#5739 = ( LENGTH_UNIT() NAMED_UNIT(*) SI_UNIT(.MILLI.,.METRE.) );
#5740 = ( NAMED_UNIT(*) PLANE_ANGLE_UNIT() SI_UNIT($,.RADIAN.) );
#5741 = ( NAMED_UNIT(*) SI_UNIT($,.STERADIAN.) SOLID_ANGLE_UNIT() );
#5742 = UNCERTAINTY_MEASURE_WITH_UNIT(LENGTH_MEASURE(1.E-07),#5739,
  'distance_accuracy_value','confusion accuracy');
#5743 = CONTEXT_DEPENDENT_SHAPE_REPRESENTATION(#5744,#5746);
#5744 = ( REPRESENTATION_RELATIONSHIP('','',#4693,#10) 
REPRESENTATION_RELATIONSHIP_WITH_TRANSFORMATION(#5745) 
SHAPE_REPRESENTATION_RELATIONSHIP() );
#5745 = ITEM_DEFINED_TRANSFORMATION('','',#11,#43);
#5746 = PRODUCT_DEFINITION_SHAPE('Placement','Placement of an item',
  #5747);
#5747 = NEXT_ASSEMBLY_USAGE_OCCURRENCE('160','Polica_2','',#5,#4688,$);
#5748 = PRODUCT_RELATED_PRODUCT_CATEGORY('part',$,(#4690));
#5749 = SHAPE_DEFINITION_REPRESENTATION(#5750,#5756);
#5750 = PRODUCT_DEFINITION_SHAPE('','',#5751);
#5751 = PRODUCT_DEFINITION('design','',#5752,#5755);
#5752 = PRODUCT_DEFINITION_FORMATION('','',#5753);
#5753 = PRODUCT('Nosilec_3_L','Nosilec_3_L','',(#5754));
#5754 = PRODUCT_CONTEXT('',#2,'mechanical');
#5755 = PRODUCT_DEFINITION_CONTEXT('part definition',#2,'design');
#5756 = ADVANCED_BREP_SHAPE_REPRESENTATION('',(#11,#5757),#6160);
#5757 = MANIFOLD_SOLID_BREP('',#5758);
#5758 = CLOSED_SHELL('',(#5759,#5810,#5841,#5899,#5957,#5974,#5999,#6019
    ,#6058,#6075,#6114,#6126,#6143));
#5759 = ADVANCED_FACE('',(#5760,#5794),#5805,.T.);
#5760 = FACE_BOUND('',#5761,.T.);
#5761 = EDGE_LOOP('',(#5762,#5772,#5780,#5788));
#5762 = ORIENTED_EDGE('',*,*,#5763,.T.);
#5763 = EDGE_CURVE('',#5764,#5766,#5768,.T.);
#5764 = VERTEX_POINT('',#5765);
#5765 = CARTESIAN_POINT('',(40.,678.,0.));
#5766 = VERTEX_POINT('',#5767);
#5767 = CARTESIAN_POINT('',(40.,678.,180.));
#5768 = LINE('',#5769,#5770);
#5769 = CARTESIAN_POINT('',(40.,678.,0.));
#5770 = VECTOR('',#5771,1.);
#5771 = DIRECTION('',(0.,0.,1.));
#5772 = ORIENTED_EDGE('',*,*,#5773,.T.);
#5773 = EDGE_CURVE('',#5766,#5774,#5776,.T.);
#5774 = VERTEX_POINT('',#5775);
#5775 = CARTESIAN_POINT('',(4.,678.,180.));
#5776 = LINE('',#5777,#5778);
#5777 = CARTESIAN_POINT('',(4.,678.,180.));
#5778 = VECTOR('',#5779,1.);
#5779 = DIRECTION('',(-1.,-0.,-0.));
#5780 = ORIENTED_EDGE('',*,*,#5781,.F.);
#5781 = EDGE_CURVE('',#5782,#5774,#5784,.T.);
#5782 = VERTEX_POINT('',#5783);
#5783 = CARTESIAN_POINT('',(4.,678.,0.));
#5784 = LINE('',#5785,#5786);
#5785 = CARTESIAN_POINT('',(4.,678.,0.));
#5786 = VECTOR('',#5787,1.);
#5787 = DIRECTION('',(0.,0.,1.));
#5788 = ORIENTED_EDGE('',*,*,#5789,.F.);
#5789 = EDGE_CURVE('',#5764,#5782,#5790,.T.);
#5790 = LINE('',#5791,#5792);
#5791 = CARTESIAN_POINT('',(4.,678.,0.));
#5792 = VECTOR('',#5793,1.);
#5793 = DIRECTION('',(-1.,-0.,-0.));
#5794 = FACE_BOUND('',#5795,.T.);
#5795 = EDGE_LOOP('',(#5796));
#5796 = ORIENTED_EDGE('',*,*,#5797,.T.);
#5797 = EDGE_CURVE('',#5798,#5798,#5800,.T.);
#5798 = VERTEX_POINT('',#5799);
#5799 = CARTESIAN_POINT('',(20.,678.,92.05));
#5800 = CIRCLE('',#5801,2.05);
#5801 = AXIS2_PLACEMENT_3D('',#5802,#5803,#5804);
#5802 = CARTESIAN_POINT('',(20.,678.,90.));
#5803 = DIRECTION('',(-0.,1.,0.));
#5804 = DIRECTION('',(0.,0.,1.));
#5805 = PLANE('',#5806);
#5806 = AXIS2_PLACEMENT_3D('',#5807,#5808,#5809);
#5807 = CARTESIAN_POINT('',(40.,678.,0.));
#5808 = DIRECTION('',(0.,-1.,0.));
#5809 = DIRECTION('',(-1.,-0.,0.));
#5810 = ADVANCED_FACE('',(#5811),#5836,.T.);
#5811 = FACE_BOUND('',#5812,.T.);
#5812 = EDGE_LOOP('',(#5813,#5823,#5829,#5830));
#5813 = ORIENTED_EDGE('',*,*,#5814,.T.);
#5814 = EDGE_CURVE('',#5815,#5817,#5819,.T.);
#5815 = VERTEX_POINT('',#5816);
#5816 = CARTESIAN_POINT('',(40.,680.,0.));
#5817 = VERTEX_POINT('',#5818);
#5818 = CARTESIAN_POINT('',(40.,680.,180.));
#5819 = LINE('',#5820,#5821);
#5820 = CARTESIAN_POINT('',(40.,680.,0.));
#5821 = VECTOR('',#5822,1.);
#5822 = DIRECTION('',(0.,0.,1.));
#5823 = ORIENTED_EDGE('',*,*,#5824,.T.);
#5824 = EDGE_CURVE('',#5817,#5766,#5825,.T.);
#5825 = LINE('',#5826,#5827);
#5826 = CARTESIAN_POINT('',(40.,680.,180.));
#5827 = VECTOR('',#5828,1.);
#5828 = DIRECTION('',(0.,-1.,0.));
#5829 = ORIENTED_EDGE('',*,*,#5763,.F.);
#5830 = ORIENTED_EDGE('',*,*,#5831,.F.);
#5831 = EDGE_CURVE('',#5815,#5764,#5832,.T.);
#5832 = LINE('',#5833,#5834);
#5833 = CARTESIAN_POINT('',(40.,680.,0.));
#5834 = VECTOR('',#5835,1.);
#5835 = DIRECTION('',(0.,-1.,0.));
#5836 = PLANE('',#5837);
#5837 = AXIS2_PLACEMENT_3D('',#5838,#5839,#5840);
#5838 = CARTESIAN_POINT('',(40.,680.,0.));
#5839 = DIRECTION('',(1.,0.,-0.));
#5840 = DIRECTION('',(0.,-1.,0.));
#5841 = ADVANCED_FACE('',(#5842),#5894,.T.);
#5842 = FACE_BOUND('',#5843,.T.);
#5843 = EDGE_LOOP('',(#5844,#5845,#5854,#5862,#5870,#5878,#5887,#5893));
#5844 = ORIENTED_EDGE('',*,*,#5789,.T.);
#5845 = ORIENTED_EDGE('',*,*,#5846,.T.);
#5846 = EDGE_CURVE('',#5782,#5847,#5849,.T.);
#5847 = VERTEX_POINT('',#5848);
#5848 = CARTESIAN_POINT('',(2.,676.,0.));
#5849 = CIRCLE('',#5850,2.);
#5850 = AXIS2_PLACEMENT_3D('',#5851,#5852,#5853);
#5851 = CARTESIAN_POINT('',(4.,676.,0.));
#5852 = DIRECTION('',(0.,-0.,1.));
#5853 = DIRECTION('',(-1.,0.,0.));
#5854 = ORIENTED_EDGE('',*,*,#5855,.T.);
#5855 = EDGE_CURVE('',#5847,#5856,#5858,.T.);
#5856 = VERTEX_POINT('',#5857);
#5857 = CARTESIAN_POINT('',(2.,640.,0.));
#5858 = LINE('',#5859,#5860);
#5859 = CARTESIAN_POINT('',(2.,640.,0.));
#5860 = VECTOR('',#5861,1.);
#5861 = DIRECTION('',(-0.,-1.,-0.));
#5862 = ORIENTED_EDGE('',*,*,#5863,.T.);
#5863 = EDGE_CURVE('',#5856,#5864,#5866,.T.);
#5864 = VERTEX_POINT('',#5865);
#5865 = CARTESIAN_POINT('',(0.,640.,0.));
#5866 = LINE('',#5867,#5868);
#5867 = CARTESIAN_POINT('',(0.,640.,0.));
#5868 = VECTOR('',#5869,1.);
#5869 = DIRECTION('',(-1.,-0.,-0.));
#5870 = ORIENTED_EDGE('',*,*,#5871,.T.);
#5871 = EDGE_CURVE('',#5864,#5872,#5874,.T.);
#5872 = VERTEX_POINT('',#5873);
#5873 = CARTESIAN_POINT('',(-1.132427485118E-14,676.,0.));
#5874 = LINE('',#5875,#5876);
#5875 = CARTESIAN_POINT('',(0.,640.,0.));
#5876 = VECTOR('',#5877,1.);
#5877 = DIRECTION('',(0.,1.,0.));
#5878 = ORIENTED_EDGE('',*,*,#5879,.T.);
#5879 = EDGE_CURVE('',#5872,#5880,#5882,.T.);
#5880 = VERTEX_POINT('',#5881);
#5881 = CARTESIAN_POINT('',(4.,680.,0.));
#5882 = CIRCLE('',#5883,4.);
#5883 = AXIS2_PLACEMENT_3D('',#5884,#5885,#5886);
#5884 = CARTESIAN_POINT('',(4.,676.,0.));
#5885 = DIRECTION('',(0.,0.,-1.));
#5886 = DIRECTION('',(-1.,0.,0.));
#5887 = ORIENTED_EDGE('',*,*,#5888,.T.);
#5888 = EDGE_CURVE('',#5880,#5815,#5889,.T.);
#5889 = LINE('',#5890,#5891);
#5890 = CARTESIAN_POINT('',(4.,680.,0.));
#5891 = VECTOR('',#5892,1.);
#5892 = DIRECTION('',(1.,0.,0.));
#5893 = ORIENTED_EDGE('',*,*,#5831,.T.);
#5894 = PLANE('',#5895);
#5895 = AXIS2_PLACEMENT_3D('',#5896,#5897,#5898);
#5896 = CARTESIAN_POINT('',(11.161832513452,668.83816748654,0.));
#5897 = DIRECTION('',(-0.,-0.,-1.));
#5898 = DIRECTION('',(-1.,0.,0.));
#5899 = ADVANCED_FACE('',(#5900),#5952,.F.);
#5900 = FACE_BOUND('',#5901,.F.);
#5901 = EDGE_LOOP('',(#5902,#5903,#5912,#5920,#5928,#5936,#5945,#5951));
#5902 = ORIENTED_EDGE('',*,*,#5773,.T.);
#5903 = ORIENTED_EDGE('',*,*,#5904,.T.);
#5904 = EDGE_CURVE('',#5774,#5905,#5907,.T.);
#5905 = VERTEX_POINT('',#5906);
#5906 = CARTESIAN_POINT('',(2.,676.,180.));
#5907 = CIRCLE('',#5908,2.);
#5908 = AXIS2_PLACEMENT_3D('',#5909,#5910,#5911);
#5909 = CARTESIAN_POINT('',(4.,676.,180.));
#5910 = DIRECTION('',(0.,-0.,1.));
#5911 = DIRECTION('',(-1.,0.,0.));
#5912 = ORIENTED_EDGE('',*,*,#5913,.T.);
#5913 = EDGE_CURVE('',#5905,#5914,#5916,.T.);
#5914 = VERTEX_POINT('',#5915);
#5915 = CARTESIAN_POINT('',(2.,640.,180.));
#5916 = LINE('',#5917,#5918);
#5917 = CARTESIAN_POINT('',(2.,640.,180.));
#5918 = VECTOR('',#5919,1.);
#5919 = DIRECTION('',(-0.,-1.,-0.));
#5920 = ORIENTED_EDGE('',*,*,#5921,.T.);
#5921 = EDGE_CURVE('',#5914,#5922,#5924,.T.);
#5922 = VERTEX_POINT('',#5923);
#5923 = CARTESIAN_POINT('',(0.,640.,180.));
#5924 = LINE('',#5925,#5926);
#5925 = CARTESIAN_POINT('',(0.,640.,180.));
#5926 = VECTOR('',#5927,1.);
#5927 = DIRECTION('',(-1.,-0.,-0.));
#5928 = ORIENTED_EDGE('',*,*,#5929,.T.);
#5929 = EDGE_CURVE('',#5922,#5930,#5932,.T.);
#5930 = VERTEX_POINT('',#5931);
#5931 = CARTESIAN_POINT('',(-1.132427485118E-14,676.,180.));
#5932 = LINE('',#5933,#5934);
#5933 = CARTESIAN_POINT('',(0.,640.,180.));
#5934 = VECTOR('',#5935,1.);
#5935 = DIRECTION('',(0.,1.,0.));
#5936 = ORIENTED_EDGE('',*,*,#5937,.T.);
#5937 = EDGE_CURVE('',#5930,#5938,#5940,.T.);
#5938 = VERTEX_POINT('',#5939);
#5939 = CARTESIAN_POINT('',(4.,680.,180.));
#5940 = CIRCLE('',#5941,4.);
#5941 = AXIS2_PLACEMENT_3D('',#5942,#5943,#5944);
#5942 = CARTESIAN_POINT('',(4.,676.,180.));
#5943 = DIRECTION('',(0.,0.,-1.));
#5944 = DIRECTION('',(-1.,0.,0.));
#5945 = ORIENTED_EDGE('',*,*,#5946,.T.);
#5946 = EDGE_CURVE('',#5938,#5817,#5947,.T.);
#5947 = LINE('',#5948,#5949);
#5948 = CARTESIAN_POINT('',(4.,680.,180.));
#5949 = VECTOR('',#5950,1.);
#5950 = DIRECTION('',(1.,0.,0.));
#5951 = ORIENTED_EDGE('',*,*,#5824,.T.);
#5952 = PLANE('',#5953);
#5953 = AXIS2_PLACEMENT_3D('',#5954,#5955,#5956);
#5954 = CARTESIAN_POINT('',(11.161832513452,668.83816748654,180.));
#5955 = DIRECTION('',(-0.,-0.,-1.));
#5956 = DIRECTION('',(-1.,0.,0.));
#5957 = ADVANCED_FACE('',(#5958),#5969,.F.);
#5958 = FACE_BOUND('',#5959,.T.);
#5959 = EDGE_LOOP('',(#5960,#5961,#5962,#5968));
#5960 = ORIENTED_EDGE('',*,*,#5781,.T.);
#5961 = ORIENTED_EDGE('',*,*,#5904,.T.);
#5962 = ORIENTED_EDGE('',*,*,#5963,.F.);
#5963 = EDGE_CURVE('',#5847,#5905,#5964,.T.);
#5964 = LINE('',#5965,#5966);
#5965 = CARTESIAN_POINT('',(2.,676.,0.));
#5966 = VECTOR('',#5967,1.);
#5967 = DIRECTION('',(0.,0.,1.));
#5968 = ORIENTED_EDGE('',*,*,#5846,.F.);
#5969 = CYLINDRICAL_SURFACE('',#5970,2.);
#5970 = AXIS2_PLACEMENT_3D('',#5971,#5972,#5973);
#5971 = CARTESIAN_POINT('',(4.,676.,0.));
#5972 = DIRECTION('',(-0.,0.,-1.));
#5973 = DIRECTION('',(-1.,0.,0.));
#5974 = ADVANCED_FACE('',(#5975),#5994,.F.);
#5975 = FACE_BOUND('',#5976,.F.);
#5976 = EDGE_LOOP('',(#5977,#5986,#5992,#5993));
#5977 = ORIENTED_EDGE('',*,*,#5978,.F.);
#5978 = EDGE_CURVE('',#5979,#5979,#5981,.T.);
#5979 = VERTEX_POINT('',#5980);
#5980 = CARTESIAN_POINT('',(20.,680.,92.05));
#5981 = CIRCLE('',#5982,2.05);
#5982 = AXIS2_PLACEMENT_3D('',#5983,#5984,#5985);
#5983 = CARTESIAN_POINT('',(20.,680.,90.));
#5984 = DIRECTION('',(-0.,1.,0.));
#5985 = DIRECTION('',(0.,0.,1.));
#5986 = ORIENTED_EDGE('',*,*,#5987,.F.);
#5987 = EDGE_CURVE('',#5798,#5979,#5988,.T.);
#5988 = LINE('',#5989,#5990);
#5989 = CARTESIAN_POINT('',(20.,675.,92.05));
#5990 = VECTOR('',#5991,1.);
#5991 = DIRECTION('',(0.,1.,0.));
#5992 = ORIENTED_EDGE('',*,*,#5797,.T.);
#5993 = ORIENTED_EDGE('',*,*,#5987,.T.);
#5994 = CYLINDRICAL_SURFACE('',#5995,2.05);
#5995 = AXIS2_PLACEMENT_3D('',#5996,#5997,#5998);
#5996 = CARTESIAN_POINT('',(20.,675.,90.));
#5997 = DIRECTION('',(-0.,1.,0.));
#5998 = DIRECTION('',(0.,0.,1.));
#5999 = ADVANCED_FACE('',(#6000,#6011),#6014,.T.);
#6000 = FACE_BOUND('',#6001,.T.);
#6001 = EDGE_LOOP('',(#6002,#6008,#6009,#6010));
#6002 = ORIENTED_EDGE('',*,*,#6003,.T.);
#6003 = EDGE_CURVE('',#5880,#5938,#6004,.T.);
#6004 = LINE('',#6005,#6006);
#6005 = CARTESIAN_POINT('',(4.,680.,0.));
#6006 = VECTOR('',#6007,1.);
#6007 = DIRECTION('',(0.,0.,1.));
#6008 = ORIENTED_EDGE('',*,*,#5946,.T.);
#6009 = ORIENTED_EDGE('',*,*,#5814,.F.);
#6010 = ORIENTED_EDGE('',*,*,#5888,.F.);
#6011 = FACE_BOUND('',#6012,.T.);
#6012 = EDGE_LOOP('',(#6013));
#6013 = ORIENTED_EDGE('',*,*,#5978,.F.);
#6014 = PLANE('',#6015);
#6015 = AXIS2_PLACEMENT_3D('',#6016,#6017,#6018);
#6016 = CARTESIAN_POINT('',(4.,680.,0.));
#6017 = DIRECTION('',(0.,1.,0.));
#6018 = DIRECTION('',(1.,0.,0.));
#6019 = ADVANCED_FACE('',(#6020,#6031,#6042),#6053,.T.);
#6020 = FACE_BOUND('',#6021,.T.);
#6021 = EDGE_LOOP('',(#6022,#6023,#6024,#6030));
#6022 = ORIENTED_EDGE('',*,*,#5963,.T.);
#6023 = ORIENTED_EDGE('',*,*,#5913,.T.);
#6024 = ORIENTED_EDGE('',*,*,#6025,.F.);
#6025 = EDGE_CURVE('',#5856,#5914,#6026,.T.);
#6026 = LINE('',#6027,#6028);
#6027 = CARTESIAN_POINT('',(2.,640.,0.));
#6028 = VECTOR('',#6029,1.);
#6029 = DIRECTION('',(0.,0.,1.));
#6030 = ORIENTED_EDGE('',*,*,#5855,.F.);
#6031 = FACE_BOUND('',#6032,.T.);
#6032 = EDGE_LOOP('',(#6033));
#6033 = ORIENTED_EDGE('',*,*,#6034,.T.);
#6034 = EDGE_CURVE('',#6035,#6035,#6037,.T.);
#6035 = VERTEX_POINT('',#6036);
#6036 = CARTESIAN_POINT('',(2.,660.,147.95));
#6037 = CIRCLE('',#6038,2.05);
#6038 = AXIS2_PLACEMENT_3D('',#6039,#6040,#6041);
#6039 = CARTESIAN_POINT('',(2.,660.,150.));
#6040 = DIRECTION('',(-1.,0.,0.));
#6041 = DIRECTION('',(0.,0.,-1.));
#6042 = FACE_BOUND('',#6043,.T.);
#6043 = EDGE_LOOP('',(#6044));
#6044 = ORIENTED_EDGE('',*,*,#6045,.T.);
#6045 = EDGE_CURVE('',#6046,#6046,#6048,.T.);
#6046 = VERTEX_POINT('',#6047);
#6047 = CARTESIAN_POINT('',(2.,660.,27.95));
#6048 = CIRCLE('',#6049,2.05);
#6049 = AXIS2_PLACEMENT_3D('',#6050,#6051,#6052);
#6050 = CARTESIAN_POINT('',(2.,660.,30.));
#6051 = DIRECTION('',(-1.,0.,0.));
#6052 = DIRECTION('',(0.,0.,-1.));
#6053 = PLANE('',#6054);
#6054 = AXIS2_PLACEMENT_3D('',#6055,#6056,#6057);
#6055 = CARTESIAN_POINT('',(2.,676.,0.));
#6056 = DIRECTION('',(1.,0.,0.));
#6057 = DIRECTION('',(0.,-1.,0.));
#6058 = ADVANCED_FACE('',(#6059),#6070,.T.);
#6059 = FACE_BOUND('',#6060,.T.);
#6060 = EDGE_LOOP('',(#6061,#6062,#6063,#6069));
#6061 = ORIENTED_EDGE('',*,*,#6025,.T.);
#6062 = ORIENTED_EDGE('',*,*,#5921,.T.);
#6063 = ORIENTED_EDGE('',*,*,#6064,.F.);
#6064 = EDGE_CURVE('',#5864,#5922,#6065,.T.);
#6065 = LINE('',#6066,#6067);
#6066 = CARTESIAN_POINT('',(0.,640.,0.));
#6067 = VECTOR('',#6068,1.);
#6068 = DIRECTION('',(0.,0.,1.));
#6069 = ORIENTED_EDGE('',*,*,#5863,.F.);
#6070 = PLANE('',#6071);
#6071 = AXIS2_PLACEMENT_3D('',#6072,#6073,#6074);
#6072 = CARTESIAN_POINT('',(2.,640.,0.));
#6073 = DIRECTION('',(0.,-1.,0.));
#6074 = DIRECTION('',(-1.,-0.,0.));
#6075 = ADVANCED_FACE('',(#6076,#6087,#6098),#6109,.T.);
#6076 = FACE_BOUND('',#6077,.T.);
#6077 = EDGE_LOOP('',(#6078,#6079,#6080,#6086));
#6078 = ORIENTED_EDGE('',*,*,#6064,.T.);
#6079 = ORIENTED_EDGE('',*,*,#5929,.T.);
#6080 = ORIENTED_EDGE('',*,*,#6081,.F.);
#6081 = EDGE_CURVE('',#5872,#5930,#6082,.T.);
#6082 = LINE('',#6083,#6084);
#6083 = CARTESIAN_POINT('',(-1.132427485118E-14,676.,0.));
#6084 = VECTOR('',#6085,1.);
#6085 = DIRECTION('',(0.,0.,1.));
#6086 = ORIENTED_EDGE('',*,*,#5871,.F.);
#6087 = FACE_BOUND('',#6088,.T.);
#6088 = EDGE_LOOP('',(#6089));
#6089 = ORIENTED_EDGE('',*,*,#6090,.F.);
#6090 = EDGE_CURVE('',#6091,#6091,#6093,.T.);
#6091 = VERTEX_POINT('',#6092);
#6092 = CARTESIAN_POINT('',(0.,660.,147.95));
#6093 = CIRCLE('',#6094,2.05);
#6094 = AXIS2_PLACEMENT_3D('',#6095,#6096,#6097);
#6095 = CARTESIAN_POINT('',(0.,660.,150.));
#6096 = DIRECTION('',(-1.,0.,0.));
#6097 = DIRECTION('',(0.,0.,-1.));
#6098 = FACE_BOUND('',#6099,.T.);
#6099 = EDGE_LOOP('',(#6100));
#6100 = ORIENTED_EDGE('',*,*,#6101,.F.);
#6101 = EDGE_CURVE('',#6102,#6102,#6104,.T.);
#6102 = VERTEX_POINT('',#6103);
#6103 = CARTESIAN_POINT('',(0.,660.,27.95));
#6104 = CIRCLE('',#6105,2.05);
#6105 = AXIS2_PLACEMENT_3D('',#6106,#6107,#6108);
#6106 = CARTESIAN_POINT('',(0.,660.,30.));
#6107 = DIRECTION('',(-1.,0.,0.));
#6108 = DIRECTION('',(0.,0.,-1.));
#6109 = PLANE('',#6110);
#6110 = AXIS2_PLACEMENT_3D('',#6111,#6112,#6113);
#6111 = CARTESIAN_POINT('',(0.,640.,0.));
#6112 = DIRECTION('',(-1.,0.,0.));
#6113 = DIRECTION('',(0.,1.,0.));
#6114 = ADVANCED_FACE('',(#6115),#6121,.T.);
#6115 = FACE_BOUND('',#6116,.T.);
#6116 = EDGE_LOOP('',(#6117,#6118,#6119,#6120));
#6117 = ORIENTED_EDGE('',*,*,#6081,.T.);
#6118 = ORIENTED_EDGE('',*,*,#5937,.T.);
#6119 = ORIENTED_EDGE('',*,*,#6003,.F.);
#6120 = ORIENTED_EDGE('',*,*,#5879,.F.);
#6121 = CYLINDRICAL_SURFACE('',#6122,4.);
#6122 = AXIS2_PLACEMENT_3D('',#6123,#6124,#6125);
#6123 = CARTESIAN_POINT('',(4.,676.,0.));
#6124 = DIRECTION('',(0.,0.,-1.));
#6125 = DIRECTION('',(-1.,0.,0.));
#6126 = ADVANCED_FACE('',(#6127),#6138,.F.);
#6127 = FACE_BOUND('',#6128,.F.);
#6128 = EDGE_LOOP('',(#6129,#6130,#6136,#6137));
#6129 = ORIENTED_EDGE('',*,*,#6090,.F.);
#6130 = ORIENTED_EDGE('',*,*,#6131,.F.);
#6131 = EDGE_CURVE('',#6035,#6091,#6132,.T.);
#6132 = LINE('',#6133,#6134);
#6133 = CARTESIAN_POINT('',(5.,660.,147.95));
#6134 = VECTOR('',#6135,1.);
#6135 = DIRECTION('',(-1.,0.,0.));
#6136 = ORIENTED_EDGE('',*,*,#6034,.T.);
#6137 = ORIENTED_EDGE('',*,*,#6131,.T.);
#6138 = CYLINDRICAL_SURFACE('',#6139,2.05);
#6139 = AXIS2_PLACEMENT_3D('',#6140,#6141,#6142);
#6140 = CARTESIAN_POINT('',(5.,660.,150.));
#6141 = DIRECTION('',(-1.,0.,0.));
#6142 = DIRECTION('',(0.,0.,-1.));
#6143 = ADVANCED_FACE('',(#6144),#6155,.F.);
#6144 = FACE_BOUND('',#6145,.F.);
#6145 = EDGE_LOOP('',(#6146,#6147,#6153,#6154));
#6146 = ORIENTED_EDGE('',*,*,#6101,.F.);
#6147 = ORIENTED_EDGE('',*,*,#6148,.F.);
#6148 = EDGE_CURVE('',#6046,#6102,#6149,.T.);
#6149 = LINE('',#6150,#6151);
#6150 = CARTESIAN_POINT('',(5.,660.,27.95));
#6151 = VECTOR('',#6152,1.);
#6152 = DIRECTION('',(-1.,0.,0.));
#6153 = ORIENTED_EDGE('',*,*,#6045,.T.);
#6154 = ORIENTED_EDGE('',*,*,#6148,.T.);
#6155 = CYLINDRICAL_SURFACE('',#6156,2.05);
#6156 = AXIS2_PLACEMENT_3D('',#6157,#6158,#6159);
#6157 = CARTESIAN_POINT('',(5.,660.,30.));
#6158 = DIRECTION('',(-1.,0.,0.));
#6159 = DIRECTION('',(0.,0.,-1.));
#6160 = ( GEOMETRIC_REPRESENTATION_CONTEXT(3) 
GLOBAL_UNCERTAINTY_ASSIGNED_CONTEXT((#6164)) 
GLOBAL_UNIT_ASSIGNED_CONTEXT((#6161,#6162,#6163)) REPRESENTATION_CONTEXT
('Context #1','3D Context with UNIT and UNCERTAINTY') );
#6161 = ( LENGTH_UNIT() NAMED_UNIT(*) SI_UNIT(.MILLI.,.METRE.) );
#6162 = ( NAMED_UNIT(*) PLANE_ANGLE_UNIT() SI_UNIT($,.RADIAN.) );
#6163 = ( NAMED_UNIT(*) SI_UNIT($,.STERADIAN.) SOLID_ANGLE_UNIT() );
#6164 = UNCERTAINTY_MEASURE_WITH_UNIT(LENGTH_MEASURE(1.E-07),#6161,
  'distance_accuracy_value','confusion accuracy');
#6165 = CONTEXT_DEPENDENT_SHAPE_REPRESENTATION(#6166,#6168);
#6166 = ( REPRESENTATION_RELATIONSHIP('','',#5756,#10) 
REPRESENTATION_RELATIONSHIP_WITH_TRANSFORMATION(#6167) 
SHAPE_REPRESENTATION_RELATIONSHIP() );
#6167 = ITEM_DEFINED_TRANSFORMATION('','',#11,#47);
#6168 = PRODUCT_DEFINITION_SHAPE('Placement','Placement of an item',
  #6169);
#6169 = NEXT_ASSEMBLY_USAGE_OCCURRENCE('161','Nosilec_3_L','',#5,#5751,$
  );
#6170 = PRODUCT_RELATED_PRODUCT_CATEGORY('part',$,(#5753));
#6171 = SHAPE_DEFINITION_REPRESENTATION(#6172,#6178);
#6172 = PRODUCT_DEFINITION_SHAPE('','',#6173);
#6173 = PRODUCT_DEFINITION('design','',#6174,#6177);
#6174 = PRODUCT_DEFINITION_FORMATION('','',#6175);
#6175 = PRODUCT('Nosilec_3_D','Nosilec_3_D','',(#6176));
#6176 = PRODUCT_CONTEXT('',#2,'mechanical');
#6177 = PRODUCT_DEFINITION_CONTEXT('part definition',#2,'design');
#6178 = ADVANCED_BREP_SHAPE_REPRESENTATION('',(#11,#6179),#6582);
#6179 = MANIFOLD_SOLID_BREP('',#6180);
#6180 = CLOSED_SHELL('',(#6181,#6232,#6263,#6321,#6379,#6396,#6421,#6441
    ,#6480,#6497,#6536,#6548,#6565));
#6181 = ADVANCED_FACE('',(#6182,#6216),#6227,.T.);
#6182 = FACE_BOUND('',#6183,.F.);
#6183 = EDGE_LOOP('',(#6184,#6194,#6202,#6210));
#6184 = ORIENTED_EDGE('',*,*,#6185,.T.);
#6185 = EDGE_CURVE('',#6186,#6188,#6190,.T.);
#6186 = VERTEX_POINT('',#6187);
#6187 = CARTESIAN_POINT('',(1.66E+03,678.,0.));
#6188 = VERTEX_POINT('',#6189);
#6189 = CARTESIAN_POINT('',(1.66E+03,678.,180.));
#6190 = LINE('',#6191,#6192);
#6191 = CARTESIAN_POINT('',(1.66E+03,678.,0.));
#6192 = VECTOR('',#6193,1.);
#6193 = DIRECTION('',(-0.,-0.,1.));
#6194 = ORIENTED_EDGE('',*,*,#6195,.T.);
#6195 = EDGE_CURVE('',#6188,#6196,#6198,.T.);
#6196 = VERTEX_POINT('',#6197);
#6197 = CARTESIAN_POINT('',(1.696E+03,678.,180.));
#6198 = LINE('',#6199,#6200);
#6199 = CARTESIAN_POINT('',(1.696E+03,678.,180.));
#6200 = VECTOR('',#6201,1.);
#6201 = DIRECTION('',(1.,-0.,-0.));
#6202 = ORIENTED_EDGE('',*,*,#6203,.F.);
#6203 = EDGE_CURVE('',#6204,#6196,#6206,.T.);
#6204 = VERTEX_POINT('',#6205);
#6205 = CARTESIAN_POINT('',(1.696E+03,678.,0.));
#6206 = LINE('',#6207,#6208);
#6207 = CARTESIAN_POINT('',(1.696E+03,678.,0.));
#6208 = VECTOR('',#6209,1.);
#6209 = DIRECTION('',(-0.,-0.,1.));
#6210 = ORIENTED_EDGE('',*,*,#6211,.F.);
#6211 = EDGE_CURVE('',#6186,#6204,#6212,.T.);
#6212 = LINE('',#6213,#6214);
#6213 = CARTESIAN_POINT('',(1.696E+03,678.,0.));
#6214 = VECTOR('',#6215,1.);
#6215 = DIRECTION('',(1.,-0.,-0.));
#6216 = FACE_BOUND('',#6217,.F.);
#6217 = EDGE_LOOP('',(#6218));
#6218 = ORIENTED_EDGE('',*,*,#6219,.T.);
#6219 = EDGE_CURVE('',#6220,#6220,#6222,.T.);
#6220 = VERTEX_POINT('',#6221);
#6221 = CARTESIAN_POINT('',(1.68E+03,678.,92.05));
#6222 = CIRCLE('',#6223,2.05);
#6223 = AXIS2_PLACEMENT_3D('',#6224,#6225,#6226);
#6224 = CARTESIAN_POINT('',(1.68E+03,678.,90.));
#6225 = DIRECTION('',(0.,-1.,0.));
#6226 = DIRECTION('',(-0.,-0.,1.));
#6227 = PLANE('',#6228);
#6228 = AXIS2_PLACEMENT_3D('',#6229,#6230,#6231);
#6229 = CARTESIAN_POINT('',(1.66E+03,678.,0.));
#6230 = DIRECTION('',(-0.,-1.,-0.));
#6231 = DIRECTION('',(-1.,0.,-0.));
#6232 = ADVANCED_FACE('',(#6233),#6258,.T.);
#6233 = FACE_BOUND('',#6234,.F.);
#6234 = EDGE_LOOP('',(#6235,#6245,#6251,#6252));
#6235 = ORIENTED_EDGE('',*,*,#6236,.T.);
#6236 = EDGE_CURVE('',#6237,#6239,#6241,.T.);
#6237 = VERTEX_POINT('',#6238);
#6238 = CARTESIAN_POINT('',(1.66E+03,680.,0.));
#6239 = VERTEX_POINT('',#6240);
#6240 = CARTESIAN_POINT('',(1.66E+03,680.,180.));
#6241 = LINE('',#6242,#6243);
#6242 = CARTESIAN_POINT('',(1.66E+03,680.,0.));
#6243 = VECTOR('',#6244,1.);
#6244 = DIRECTION('',(-0.,-0.,1.));
#6245 = ORIENTED_EDGE('',*,*,#6246,.T.);
#6246 = EDGE_CURVE('',#6239,#6188,#6247,.T.);
#6247 = LINE('',#6248,#6249);
#6248 = CARTESIAN_POINT('',(1.66E+03,680.,180.));
#6249 = VECTOR('',#6250,1.);
#6250 = DIRECTION('',(-0.,-1.,-0.));
#6251 = ORIENTED_EDGE('',*,*,#6185,.F.);
#6252 = ORIENTED_EDGE('',*,*,#6253,.F.);
#6253 = EDGE_CURVE('',#6237,#6186,#6254,.T.);
#6254 = LINE('',#6255,#6256);
#6255 = CARTESIAN_POINT('',(1.66E+03,680.,0.));
#6256 = VECTOR('',#6257,1.);
#6257 = DIRECTION('',(-0.,-1.,-0.));
#6258 = PLANE('',#6259);
#6259 = AXIS2_PLACEMENT_3D('',#6260,#6261,#6262);
#6260 = CARTESIAN_POINT('',(1.66E+03,680.,0.));
#6261 = DIRECTION('',(-1.,-0.,-0.));
#6262 = DIRECTION('',(0.,1.,0.));
#6263 = ADVANCED_FACE('',(#6264),#6316,.T.);
#6264 = FACE_BOUND('',#6265,.F.);
#6265 = EDGE_LOOP('',(#6266,#6267,#6276,#6284,#6292,#6300,#6309,#6315));
#6266 = ORIENTED_EDGE('',*,*,#6211,.T.);
#6267 = ORIENTED_EDGE('',*,*,#6268,.T.);
#6268 = EDGE_CURVE('',#6204,#6269,#6271,.T.);
#6269 = VERTEX_POINT('',#6270);
#6270 = CARTESIAN_POINT('',(1.698E+03,676.,0.));
#6271 = CIRCLE('',#6272,2.);
#6272 = AXIS2_PLACEMENT_3D('',#6273,#6274,#6275);
#6273 = CARTESIAN_POINT('',(1.696E+03,676.,0.));
#6274 = DIRECTION('',(0.,0.,-1.));
#6275 = DIRECTION('',(1.,-0.,-0.));
#6276 = ORIENTED_EDGE('',*,*,#6277,.T.);
#6277 = EDGE_CURVE('',#6269,#6278,#6280,.T.);
#6278 = VERTEX_POINT('',#6279);
#6279 = CARTESIAN_POINT('',(1.698E+03,640.,0.));
#6280 = LINE('',#6281,#6282);
#6281 = CARTESIAN_POINT('',(1.698E+03,640.,0.));
#6282 = VECTOR('',#6283,1.);
#6283 = DIRECTION('',(0.,-1.,-0.));
#6284 = ORIENTED_EDGE('',*,*,#6285,.T.);
#6285 = EDGE_CURVE('',#6278,#6286,#6288,.T.);
#6286 = VERTEX_POINT('',#6287);
#6287 = CARTESIAN_POINT('',(1.7E+03,640.,0.));
#6288 = LINE('',#6289,#6290);
#6289 = CARTESIAN_POINT('',(1.7E+03,640.,0.));
#6290 = VECTOR('',#6291,1.);
#6291 = DIRECTION('',(1.,-0.,-0.));
#6292 = ORIENTED_EDGE('',*,*,#6293,.T.);
#6293 = EDGE_CURVE('',#6286,#6294,#6296,.T.);
#6294 = VERTEX_POINT('',#6295);
#6295 = CARTESIAN_POINT('',(1.7E+03,676.,0.));
#6296 = LINE('',#6297,#6298);
#6297 = CARTESIAN_POINT('',(1.7E+03,640.,0.));
#6298 = VECTOR('',#6299,1.);
#6299 = DIRECTION('',(-0.,1.,-0.));
#6300 = ORIENTED_EDGE('',*,*,#6301,.T.);
#6301 = EDGE_CURVE('',#6294,#6302,#6304,.T.);
#6302 = VERTEX_POINT('',#6303);
#6303 = CARTESIAN_POINT('',(1.696E+03,680.,0.));
#6304 = CIRCLE('',#6305,4.);
#6305 = AXIS2_PLACEMENT_3D('',#6306,#6307,#6308);
#6306 = CARTESIAN_POINT('',(1.696E+03,676.,0.));
#6307 = DIRECTION('',(0.,0.,1.));
#6308 = DIRECTION('',(1.,-0.,-0.));
#6309 = ORIENTED_EDGE('',*,*,#6310,.T.);
#6310 = EDGE_CURVE('',#6302,#6237,#6311,.T.);
#6311 = LINE('',#6312,#6313);
#6312 = CARTESIAN_POINT('',(1.696E+03,680.,0.));
#6313 = VECTOR('',#6314,1.);
#6314 = DIRECTION('',(-1.,-0.,-0.));
#6315 = ORIENTED_EDGE('',*,*,#6253,.T.);
#6316 = PLANE('',#6317);
#6317 = AXIS2_PLACEMENT_3D('',#6318,#6319,#6320);
#6318 = CARTESIAN_POINT('',(1.688838167487E+03,668.83816748654,0.));
#6319 = DIRECTION('',(0.,-0.,-1.));
#6320 = DIRECTION('',(-1.,0.,0.));
#6321 = ADVANCED_FACE('',(#6322),#6374,.F.);
#6322 = FACE_BOUND('',#6323,.T.);
#6323 = EDGE_LOOP('',(#6324,#6325,#6334,#6342,#6350,#6358,#6367,#6373));
#6324 = ORIENTED_EDGE('',*,*,#6195,.T.);
#6325 = ORIENTED_EDGE('',*,*,#6326,.T.);
#6326 = EDGE_CURVE('',#6196,#6327,#6329,.T.);
#6327 = VERTEX_POINT('',#6328);
#6328 = CARTESIAN_POINT('',(1.698E+03,676.,180.));
#6329 = CIRCLE('',#6330,2.);
#6330 = AXIS2_PLACEMENT_3D('',#6331,#6332,#6333);
#6331 = CARTESIAN_POINT('',(1.696E+03,676.,180.));
#6332 = DIRECTION('',(0.,0.,-1.));
#6333 = DIRECTION('',(1.,-0.,-0.));
#6334 = ORIENTED_EDGE('',*,*,#6335,.T.);
#6335 = EDGE_CURVE('',#6327,#6336,#6338,.T.);
#6336 = VERTEX_POINT('',#6337);
#6337 = CARTESIAN_POINT('',(1.698E+03,640.,180.));
#6338 = LINE('',#6339,#6340);
#6339 = CARTESIAN_POINT('',(1.698E+03,640.,180.));
#6340 = VECTOR('',#6341,1.);
#6341 = DIRECTION('',(0.,-1.,-0.));
#6342 = ORIENTED_EDGE('',*,*,#6343,.T.);
#6343 = EDGE_CURVE('',#6336,#6344,#6346,.T.);
#6344 = VERTEX_POINT('',#6345);
#6345 = CARTESIAN_POINT('',(1.7E+03,640.,180.));
#6346 = LINE('',#6347,#6348);
#6347 = CARTESIAN_POINT('',(1.7E+03,640.,180.));
#6348 = VECTOR('',#6349,1.);
#6349 = DIRECTION('',(1.,-0.,-0.));
#6350 = ORIENTED_EDGE('',*,*,#6351,.T.);
#6351 = EDGE_CURVE('',#6344,#6352,#6354,.T.);
#6352 = VERTEX_POINT('',#6353);
#6353 = CARTESIAN_POINT('',(1.7E+03,676.,180.));
#6354 = LINE('',#6355,#6356);
#6355 = CARTESIAN_POINT('',(1.7E+03,640.,180.));
#6356 = VECTOR('',#6357,1.);
#6357 = DIRECTION('',(-0.,1.,-0.));
#6358 = ORIENTED_EDGE('',*,*,#6359,.T.);
#6359 = EDGE_CURVE('',#6352,#6360,#6362,.T.);
#6360 = VERTEX_POINT('',#6361);
#6361 = CARTESIAN_POINT('',(1.696E+03,680.,180.));
#6362 = CIRCLE('',#6363,4.);
#6363 = AXIS2_PLACEMENT_3D('',#6364,#6365,#6366);
#6364 = CARTESIAN_POINT('',(1.696E+03,676.,180.));
#6365 = DIRECTION('',(0.,0.,1.));
#6366 = DIRECTION('',(1.,-0.,-0.));
#6367 = ORIENTED_EDGE('',*,*,#6368,.T.);
#6368 = EDGE_CURVE('',#6360,#6239,#6369,.T.);
#6369 = LINE('',#6370,#6371);
#6370 = CARTESIAN_POINT('',(1.696E+03,680.,180.));
#6371 = VECTOR('',#6372,1.);
#6372 = DIRECTION('',(-1.,-0.,-0.));
#6373 = ORIENTED_EDGE('',*,*,#6246,.T.);
#6374 = PLANE('',#6375);
#6375 = AXIS2_PLACEMENT_3D('',#6376,#6377,#6378);
#6376 = CARTESIAN_POINT('',(1.688838167487E+03,668.83816748654,180.));
#6377 = DIRECTION('',(0.,-0.,-1.));
#6378 = DIRECTION('',(-1.,0.,0.));
#6379 = ADVANCED_FACE('',(#6380),#6391,.F.);
#6380 = FACE_BOUND('',#6381,.F.);
#6381 = EDGE_LOOP('',(#6382,#6383,#6384,#6390));
#6382 = ORIENTED_EDGE('',*,*,#6203,.T.);
#6383 = ORIENTED_EDGE('',*,*,#6326,.T.);
#6384 = ORIENTED_EDGE('',*,*,#6385,.F.);
#6385 = EDGE_CURVE('',#6269,#6327,#6386,.T.);
#6386 = LINE('',#6387,#6388);
#6387 = CARTESIAN_POINT('',(1.698E+03,676.,0.));
#6388 = VECTOR('',#6389,1.);
#6389 = DIRECTION('',(-0.,-0.,1.));
#6390 = ORIENTED_EDGE('',*,*,#6268,.F.);
#6391 = CYLINDRICAL_SURFACE('',#6392,2.);
#6392 = AXIS2_PLACEMENT_3D('',#6393,#6394,#6395);
#6393 = CARTESIAN_POINT('',(1.696E+03,676.,0.));
#6394 = DIRECTION('',(-0.,0.,-1.));
#6395 = DIRECTION('',(1.,-0.,-0.));
#6396 = ADVANCED_FACE('',(#6397),#6416,.F.);
#6397 = FACE_BOUND('',#6398,.T.);
#6398 = EDGE_LOOP('',(#6399,#6408,#6414,#6415));
#6399 = ORIENTED_EDGE('',*,*,#6400,.F.);
#6400 = EDGE_CURVE('',#6401,#6401,#6403,.T.);
#6401 = VERTEX_POINT('',#6402);
#6402 = CARTESIAN_POINT('',(1.68E+03,680.,92.05));
#6403 = CIRCLE('',#6404,2.05);
#6404 = AXIS2_PLACEMENT_3D('',#6405,#6406,#6407);
#6405 = CARTESIAN_POINT('',(1.68E+03,680.,90.));
#6406 = DIRECTION('',(0.,-1.,0.));
#6407 = DIRECTION('',(-0.,-0.,1.));
#6408 = ORIENTED_EDGE('',*,*,#6409,.F.);
#6409 = EDGE_CURVE('',#6220,#6401,#6410,.T.);
#6410 = LINE('',#6411,#6412);
#6411 = CARTESIAN_POINT('',(1.68E+03,675.,92.05));
#6412 = VECTOR('',#6413,1.);
#6413 = DIRECTION('',(-0.,1.,-0.));
#6414 = ORIENTED_EDGE('',*,*,#6219,.T.);
#6415 = ORIENTED_EDGE('',*,*,#6409,.T.);
#6416 = CYLINDRICAL_SURFACE('',#6417,2.05);
#6417 = AXIS2_PLACEMENT_3D('',#6418,#6419,#6420);
#6418 = CARTESIAN_POINT('',(1.68E+03,675.,90.));
#6419 = DIRECTION('',(-0.,1.,-0.));
#6420 = DIRECTION('',(-0.,-0.,1.));
#6421 = ADVANCED_FACE('',(#6422,#6433),#6436,.T.);
#6422 = FACE_BOUND('',#6423,.F.);
#6423 = EDGE_LOOP('',(#6424,#6430,#6431,#6432));
#6424 = ORIENTED_EDGE('',*,*,#6425,.T.);
#6425 = EDGE_CURVE('',#6302,#6360,#6426,.T.);
#6426 = LINE('',#6427,#6428);
#6427 = CARTESIAN_POINT('',(1.696E+03,680.,0.));
#6428 = VECTOR('',#6429,1.);
#6429 = DIRECTION('',(-0.,-0.,1.));
#6430 = ORIENTED_EDGE('',*,*,#6368,.T.);
#6431 = ORIENTED_EDGE('',*,*,#6236,.F.);
#6432 = ORIENTED_EDGE('',*,*,#6310,.F.);
#6433 = FACE_BOUND('',#6434,.F.);
#6434 = EDGE_LOOP('',(#6435));
#6435 = ORIENTED_EDGE('',*,*,#6400,.F.);
#6436 = PLANE('',#6437);
#6437 = AXIS2_PLACEMENT_3D('',#6438,#6439,#6440);
#6438 = CARTESIAN_POINT('',(1.696E+03,680.,0.));
#6439 = DIRECTION('',(-0.,1.,-0.));
#6440 = DIRECTION('',(1.,0.,0.));
#6441 = ADVANCED_FACE('',(#6442,#6453,#6464),#6475,.T.);
#6442 = FACE_BOUND('',#6443,.F.);
#6443 = EDGE_LOOP('',(#6444,#6445,#6446,#6452));
#6444 = ORIENTED_EDGE('',*,*,#6385,.T.);
#6445 = ORIENTED_EDGE('',*,*,#6335,.T.);
#6446 = ORIENTED_EDGE('',*,*,#6447,.F.);
#6447 = EDGE_CURVE('',#6278,#6336,#6448,.T.);
#6448 = LINE('',#6449,#6450);
#6449 = CARTESIAN_POINT('',(1.698E+03,640.,0.));
#6450 = VECTOR('',#6451,1.);
#6451 = DIRECTION('',(-0.,-0.,1.));
#6452 = ORIENTED_EDGE('',*,*,#6277,.F.);
#6453 = FACE_BOUND('',#6454,.F.);
#6454 = EDGE_LOOP('',(#6455));
#6455 = ORIENTED_EDGE('',*,*,#6456,.T.);
#6456 = EDGE_CURVE('',#6457,#6457,#6459,.T.);
#6457 = VERTEX_POINT('',#6458);
#6458 = CARTESIAN_POINT('',(1.698E+03,660.,147.95));
#6459 = CIRCLE('',#6460,2.05);
#6460 = AXIS2_PLACEMENT_3D('',#6461,#6462,#6463);
#6461 = CARTESIAN_POINT('',(1.698E+03,660.,150.));
#6462 = DIRECTION('',(-1.,-0.,0.));
#6463 = DIRECTION('',(-0.,-0.,-1.));
#6464 = FACE_BOUND('',#6465,.F.);
#6465 = EDGE_LOOP('',(#6466));
#6466 = ORIENTED_EDGE('',*,*,#6467,.T.);
#6467 = EDGE_CURVE('',#6468,#6468,#6470,.T.);
#6468 = VERTEX_POINT('',#6469);
#6469 = CARTESIAN_POINT('',(1.698E+03,660.,27.95));
#6470 = CIRCLE('',#6471,2.05);
#6471 = AXIS2_PLACEMENT_3D('',#6472,#6473,#6474);
#6472 = CARTESIAN_POINT('',(1.698E+03,660.,30.));
#6473 = DIRECTION('',(-1.,-0.,0.));
#6474 = DIRECTION('',(-0.,-0.,-1.));
#6475 = PLANE('',#6476);
#6476 = AXIS2_PLACEMENT_3D('',#6477,#6478,#6479);
#6477 = CARTESIAN_POINT('',(1.698E+03,676.,0.));
#6478 = DIRECTION('',(-1.,-0.,-0.));
#6479 = DIRECTION('',(0.,1.,0.));
#6480 = ADVANCED_FACE('',(#6481),#6492,.T.);
#6481 = FACE_BOUND('',#6482,.F.);
#6482 = EDGE_LOOP('',(#6483,#6484,#6485,#6491));
#6483 = ORIENTED_EDGE('',*,*,#6447,.T.);
#6484 = ORIENTED_EDGE('',*,*,#6343,.T.);
#6485 = ORIENTED_EDGE('',*,*,#6486,.F.);
#6486 = EDGE_CURVE('',#6286,#6344,#6487,.T.);
#6487 = LINE('',#6488,#6489);
#6488 = CARTESIAN_POINT('',(1.7E+03,640.,0.));
#6489 = VECTOR('',#6490,1.);
#6490 = DIRECTION('',(-0.,-0.,1.));
#6491 = ORIENTED_EDGE('',*,*,#6285,.F.);
#6492 = PLANE('',#6493);
#6493 = AXIS2_PLACEMENT_3D('',#6494,#6495,#6496);
#6494 = CARTESIAN_POINT('',(1.698E+03,640.,0.));
#6495 = DIRECTION('',(-0.,-1.,-0.));
#6496 = DIRECTION('',(-1.,0.,-0.));
#6497 = ADVANCED_FACE('',(#6498,#6509,#6520),#6531,.T.);
#6498 = FACE_BOUND('',#6499,.F.);
#6499 = EDGE_LOOP('',(#6500,#6501,#6502,#6508));
#6500 = ORIENTED_EDGE('',*,*,#6486,.T.);
#6501 = ORIENTED_EDGE('',*,*,#6351,.T.);
#6502 = ORIENTED_EDGE('',*,*,#6503,.F.);
#6503 = EDGE_CURVE('',#6294,#6352,#6504,.T.);
#6504 = LINE('',#6505,#6506);
#6505 = CARTESIAN_POINT('',(1.7E+03,676.,0.));
#6506 = VECTOR('',#6507,1.);
#6507 = DIRECTION('',(-0.,-0.,1.));
#6508 = ORIENTED_EDGE('',*,*,#6293,.F.);
#6509 = FACE_BOUND('',#6510,.F.);
#6510 = EDGE_LOOP('',(#6511));
#6511 = ORIENTED_EDGE('',*,*,#6512,.F.);
#6512 = EDGE_CURVE('',#6513,#6513,#6515,.T.);
#6513 = VERTEX_POINT('',#6514);
#6514 = CARTESIAN_POINT('',(1.7E+03,660.,147.95));
#6515 = CIRCLE('',#6516,2.05);
#6516 = AXIS2_PLACEMENT_3D('',#6517,#6518,#6519);
#6517 = CARTESIAN_POINT('',(1.7E+03,660.,150.));
#6518 = DIRECTION('',(-1.,-0.,0.));
#6519 = DIRECTION('',(-0.,-0.,-1.));
#6520 = FACE_BOUND('',#6521,.F.);
#6521 = EDGE_LOOP('',(#6522));
#6522 = ORIENTED_EDGE('',*,*,#6523,.F.);
#6523 = EDGE_CURVE('',#6524,#6524,#6526,.T.);
#6524 = VERTEX_POINT('',#6525);
#6525 = CARTESIAN_POINT('',(1.7E+03,660.,27.95));
#6526 = CIRCLE('',#6527,2.05);
#6527 = AXIS2_PLACEMENT_3D('',#6528,#6529,#6530);
#6528 = CARTESIAN_POINT('',(1.7E+03,660.,30.));
#6529 = DIRECTION('',(-1.,-0.,0.));
#6530 = DIRECTION('',(-0.,-0.,-1.));
#6531 = PLANE('',#6532);
#6532 = AXIS2_PLACEMENT_3D('',#6533,#6534,#6535);
#6533 = CARTESIAN_POINT('',(1.7E+03,640.,0.));
#6534 = DIRECTION('',(1.,-0.,-0.));
#6535 = DIRECTION('',(0.,-1.,0.));
#6536 = ADVANCED_FACE('',(#6537),#6543,.T.);
#6537 = FACE_BOUND('',#6538,.F.);
#6538 = EDGE_LOOP('',(#6539,#6540,#6541,#6542));
#6539 = ORIENTED_EDGE('',*,*,#6503,.T.);
#6540 = ORIENTED_EDGE('',*,*,#6359,.T.);
#6541 = ORIENTED_EDGE('',*,*,#6425,.F.);
#6542 = ORIENTED_EDGE('',*,*,#6301,.F.);
#6543 = CYLINDRICAL_SURFACE('',#6544,4.);
#6544 = AXIS2_PLACEMENT_3D('',#6545,#6546,#6547);
#6545 = CARTESIAN_POINT('',(1.696E+03,676.,0.));
#6546 = DIRECTION('',(-0.,-0.,-1.));
#6547 = DIRECTION('',(1.,-0.,-0.));
#6548 = ADVANCED_FACE('',(#6549),#6560,.F.);
#6549 = FACE_BOUND('',#6550,.T.);
#6550 = EDGE_LOOP('',(#6551,#6552,#6558,#6559));
#6551 = ORIENTED_EDGE('',*,*,#6512,.F.);
#6552 = ORIENTED_EDGE('',*,*,#6553,.F.);
#6553 = EDGE_CURVE('',#6457,#6513,#6554,.T.);
#6554 = LINE('',#6555,#6556);
#6555 = CARTESIAN_POINT('',(1.695E+03,660.,147.95));
#6556 = VECTOR('',#6557,1.);
#6557 = DIRECTION('',(1.,-0.,-0.));
#6558 = ORIENTED_EDGE('',*,*,#6456,.T.);
#6559 = ORIENTED_EDGE('',*,*,#6553,.T.);
#6560 = CYLINDRICAL_SURFACE('',#6561,2.05);
#6561 = AXIS2_PLACEMENT_3D('',#6562,#6563,#6564);
#6562 = CARTESIAN_POINT('',(1.695E+03,660.,150.));
#6563 = DIRECTION('',(1.,-0.,-0.));
#6564 = DIRECTION('',(-0.,-0.,-1.));
#6565 = ADVANCED_FACE('',(#6566),#6577,.F.);
#6566 = FACE_BOUND('',#6567,.T.);
#6567 = EDGE_LOOP('',(#6568,#6569,#6575,#6576));
#6568 = ORIENTED_EDGE('',*,*,#6523,.F.);
#6569 = ORIENTED_EDGE('',*,*,#6570,.F.);
#6570 = EDGE_CURVE('',#6468,#6524,#6571,.T.);
#6571 = LINE('',#6572,#6573);
#6572 = CARTESIAN_POINT('',(1.695E+03,660.,27.95));
#6573 = VECTOR('',#6574,1.);
#6574 = DIRECTION('',(1.,-0.,-0.));
#6575 = ORIENTED_EDGE('',*,*,#6467,.T.);
#6576 = ORIENTED_EDGE('',*,*,#6570,.T.);
#6577 = CYLINDRICAL_SURFACE('',#6578,2.05);
#6578 = AXIS2_PLACEMENT_3D('',#6579,#6580,#6581);
#6579 = CARTESIAN_POINT('',(1.695E+03,660.,30.));
#6580 = DIRECTION('',(1.,-0.,-0.));
#6581 = DIRECTION('',(-0.,-0.,-1.));
#6582 = ( GEOMETRIC_REPRESENTATION_CONTEXT(3) 
GLOBAL_UNCERTAINTY_ASSIGNED_CONTEXT((#6586)) 
GLOBAL_UNIT_ASSIGNED_CONTEXT((#6583,#6584,#6585)) REPRESENTATION_CONTEXT
('Context #1','3D Context with UNIT and UNCERTAINTY') );
#6583 = ( LENGTH_UNIT() NAMED_UNIT(*) SI_UNIT(.MILLI.,.METRE.) );
#6584 = ( NAMED_UNIT(*) PLANE_ANGLE_UNIT() SI_UNIT($,.RADIAN.) );
#6585 = ( NAMED_UNIT(*) SI_UNIT($,.STERADIAN.) SOLID_ANGLE_UNIT() );
#6586 = UNCERTAINTY_MEASURE_WITH_UNIT(LENGTH_MEASURE(1.E-07),#6583,
  'distance_accuracy_value','confusion accuracy');
#6587 = CONTEXT_DEPENDENT_SHAPE_REPRESENTATION(#6588,#6590);
#6588 = ( REPRESENTATION_RELATIONSHIP('','',#6178,#10) 
REPRESENTATION_RELATIONSHIP_WITH_TRANSFORMATION(#6589) 
SHAPE_REPRESENTATION_RELATIONSHIP() );
#6589 = ITEM_DEFINED_TRANSFORMATION('','',#11,#51);
#6590 = PRODUCT_DEFINITION_SHAPE('Placement','Placement of an item',
  #6591);
#6591 = NEXT_ASSEMBLY_USAGE_OCCURRENCE('162','Nosilec_3_D','',#5,#6173,$
  );
#6592 = PRODUCT_RELATED_PRODUCT_CATEGORY('part',$,(#6175));
#6593 = SHAPE_DEFINITION_REPRESENTATION(#6594,#6600);
#6594 = PRODUCT_DEFINITION_SHAPE('','',#6595);
#6595 = PRODUCT_DEFINITION('design','',#6596,#6599);
#6596 = PRODUCT_DEFINITION_FORMATION('','',#6597);
#6597 = PRODUCT('Polica_3','Polica_3','',(#6598));
#6598 = PRODUCT_CONTEXT('',#2,'mechanical');
#6599 = PRODUCT_DEFINITION_CONTEXT('part definition',#2,'design');
#6600 = ADVANCED_BREP_SHAPE_REPRESENTATION('',(#11,#6601),#7645);
#6601 = MANIFOLD_SOLID_BREP('',#6602);
#6602 = CLOSED_SHELL('',(#6603,#6643,#6674,#6707,#6927,#7147,#7164,#7181
    ,#7198,#7215,#7232,#7271,#7288,#7305,#7322,#7339,#7356,#7373,#7390,
    #7407,#7424,#7441,#7458,#7475,#7492,#7531,#7548,#7565,#7582,#7599,
    #7611,#7628));
#6603 = ADVANCED_FACE('',(#6604),#6638,.T.);
#6604 = FACE_BOUND('',#6605,.T.);
#6605 = EDGE_LOOP('',(#6606,#6616,#6624,#6632));
#6606 = ORIENTED_EDGE('',*,*,#6607,.T.);
#6607 = EDGE_CURVE('',#6608,#6610,#6612,.T.);
#6608 = VERTEX_POINT('',#6609);
#6609 = CARTESIAN_POINT('',(240.,100.75,0.));
#6610 = VERTEX_POINT('',#6611);
#6611 = CARTESIAN_POINT('',(240.,100.75,1.692E+03));
#6612 = LINE('',#6613,#6614);
#6613 = CARTESIAN_POINT('',(240.,100.75,0.));
#6614 = VECTOR('',#6615,1.);
#6615 = DIRECTION('',(0.,0.,1.));
#6616 = ORIENTED_EDGE('',*,*,#6617,.T.);
#6617 = EDGE_CURVE('',#6610,#6618,#6620,.T.);
#6618 = VERTEX_POINT('',#6619);
#6619 = CARTESIAN_POINT('',(251.25,100.75,1.692E+03));
#6620 = LINE('',#6621,#6622);
#6621 = CARTESIAN_POINT('',(251.25,100.75,1.692E+03));
#6622 = VECTOR('',#6623,1.);
#6623 = DIRECTION('',(1.,-0.,-0.));
#6624 = ORIENTED_EDGE('',*,*,#6625,.F.);
#6625 = EDGE_CURVE('',#6626,#6618,#6628,.T.);
#6626 = VERTEX_POINT('',#6627);
#6627 = CARTESIAN_POINT('',(251.25,100.75,0.));
#6628 = LINE('',#6629,#6630);
#6629 = CARTESIAN_POINT('',(251.25,100.75,0.));
#6630 = VECTOR('',#6631,1.);
#6631 = DIRECTION('',(0.,0.,1.));
#6632 = ORIENTED_EDGE('',*,*,#6633,.F.);
#6633 = EDGE_CURVE('',#6608,#6626,#6634,.T.);
#6634 = LINE('',#6635,#6636);
#6635 = CARTESIAN_POINT('',(251.25,100.75,0.));
#6636 = VECTOR('',#6637,1.);
#6637 = DIRECTION('',(1.,-0.,-0.));
#6638 = PLANE('',#6639);
#6639 = AXIS2_PLACEMENT_3D('',#6640,#6641,#6642);
#6640 = CARTESIAN_POINT('',(240.,100.75,0.));
#6641 = DIRECTION('',(0.,1.,-0.));
#6642 = DIRECTION('',(1.,-0.,0.));
#6643 = ADVANCED_FACE('',(#6644),#6669,.T.);
#6644 = FACE_BOUND('',#6645,.T.);
#6645 = EDGE_LOOP('',(#6646,#6656,#6662,#6663));
#6646 = ORIENTED_EDGE('',*,*,#6647,.T.);
#6647 = EDGE_CURVE('',#6648,#6650,#6652,.T.);
#6648 = VERTEX_POINT('',#6649);
#6649 = CARTESIAN_POINT('',(240.,99.25,0.));
#6650 = VERTEX_POINT('',#6651);
#6651 = CARTESIAN_POINT('',(240.,99.25,1.692E+03));
#6652 = LINE('',#6653,#6654);
#6653 = CARTESIAN_POINT('',(240.,99.25,0.));
#6654 = VECTOR('',#6655,1.);
#6655 = DIRECTION('',(0.,0.,1.));
#6656 = ORIENTED_EDGE('',*,*,#6657,.T.);
#6657 = EDGE_CURVE('',#6650,#6610,#6658,.T.);
#6658 = LINE('',#6659,#6660);
#6659 = CARTESIAN_POINT('',(240.,99.25,1.692E+03));
#6660 = VECTOR('',#6661,1.);
#6661 = DIRECTION('',(0.,1.,0.));
#6662 = ORIENTED_EDGE('',*,*,#6607,.F.);
#6663 = ORIENTED_EDGE('',*,*,#6664,.F.);
#6664 = EDGE_CURVE('',#6648,#6608,#6665,.T.);
#6665 = LINE('',#6666,#6667);
#6666 = CARTESIAN_POINT('',(240.,99.25,0.));
#6667 = VECTOR('',#6668,1.);
#6668 = DIRECTION('',(0.,1.,0.));
#6669 = PLANE('',#6670);
#6670 = AXIS2_PLACEMENT_3D('',#6671,#6672,#6673);
#6671 = CARTESIAN_POINT('',(240.,99.25,0.));
#6672 = DIRECTION('',(-1.,0.,0.));
#6673 = DIRECTION('',(0.,1.,0.));
#6674 = ADVANCED_FACE('',(#6675),#6702,.T.);
#6675 = FACE_BOUND('',#6676,.T.);
#6676 = EDGE_LOOP('',(#6677,#6678,#6687,#6695));
#6677 = ORIENTED_EDGE('',*,*,#6625,.T.);
#6678 = ORIENTED_EDGE('',*,*,#6679,.T.);
#6679 = EDGE_CURVE('',#6618,#6680,#6682,.T.);
#6680 = VERTEX_POINT('',#6681);
#6681 = CARTESIAN_POINT('',(254.75,97.25,1.692E+03));
#6682 = CIRCLE('',#6683,3.5);
#6683 = AXIS2_PLACEMENT_3D('',#6684,#6685,#6686);
#6684 = CARTESIAN_POINT('',(251.25,97.25,1.692E+03));
#6685 = DIRECTION('',(0.,-0.,-1.));
#6686 = DIRECTION('',(1.,0.,-0.));
#6687 = ORIENTED_EDGE('',*,*,#6688,.F.);
#6688 = EDGE_CURVE('',#6689,#6680,#6691,.T.);
#6689 = VERTEX_POINT('',#6690);
#6690 = CARTESIAN_POINT('',(254.75,97.25,0.));
#6691 = LINE('',#6692,#6693);
#6692 = CARTESIAN_POINT('',(254.75,97.25,0.));
#6693 = VECTOR('',#6694,1.);
#6694 = DIRECTION('',(0.,0.,1.));
#6695 = ORIENTED_EDGE('',*,*,#6696,.F.);
#6696 = EDGE_CURVE('',#6626,#6689,#6697,.T.);
#6697 = CIRCLE('',#6698,3.5);
#6698 = AXIS2_PLACEMENT_3D('',#6699,#6700,#6701);
#6699 = CARTESIAN_POINT('',(251.25,97.25,0.));
#6700 = DIRECTION('',(0.,-0.,-1.));
#6701 = DIRECTION('',(1.,0.,-0.));
#6702 = CYLINDRICAL_SURFACE('',#6703,3.5);
#6703 = AXIS2_PLACEMENT_3D('',#6704,#6705,#6706);
#6704 = CARTESIAN_POINT('',(251.25,97.25,0.));
#6705 = DIRECTION('',(0.,-0.,-1.));
#6706 = DIRECTION('',(1.,0.,-0.));
#6707 = ADVANCED_FACE('',(#6708),#6922,.T.);
#6708 = FACE_BOUND('',#6709,.T.);
#6709 = EDGE_LOOP('',(#6710,#6711,#6712,#6720,#6729,#6737,#6746,#6754,
    #6763,#6771,#6780,#6788,#6797,#6805,#6813,#6821,#6830,#6838,#6847,
    #6855,#6864,#6872,#6881,#6889,#6898,#6906,#6915,#6921));
#6710 = ORIENTED_EDGE('',*,*,#6633,.T.);
#6711 = ORIENTED_EDGE('',*,*,#6696,.T.);
#6712 = ORIENTED_EDGE('',*,*,#6713,.T.);
#6713 = EDGE_CURVE('',#6689,#6714,#6716,.T.);
#6714 = VERTEX_POINT('',#6715);
#6715 = CARTESIAN_POINT('',(254.75,56.613950890877,0.));
#6716 = LINE('',#6717,#6718);
#6717 = CARTESIAN_POINT('',(254.75,56.613950890877,0.));
#6718 = VECTOR('',#6719,1.);
#6719 = DIRECTION('',(-0.,-1.,-0.));
#6720 = ORIENTED_EDGE('',*,*,#6721,.T.);
#6721 = EDGE_CURVE('',#6714,#6722,#6724,.T.);
#6722 = VERTEX_POINT('',#6723);
#6723 = CARTESIAN_POINT('',(248.43438965607,46.348859371851,0.));
#6724 = CIRCLE('',#6725,11.5);
#6725 = AXIS2_PLACEMENT_3D('',#6726,#6727,#6728);
#6726 = CARTESIAN_POINT('',(243.25,56.613950890877,0.));
#6727 = DIRECTION('',(0.,-0.,-1.));
#6728 = DIRECTION('',(0.450816491833,-0.892616653828,0.));
#6729 = ORIENTED_EDGE('',*,*,#6730,.T.);
#6730 = EDGE_CURVE('',#6722,#6731,#6733,.T.);
#6731 = VERTEX_POINT('',#6732);
#6732 = CARTESIAN_POINT('',(164.00233765473,3.706408866121,0.));
#6733 = LINE('',#6734,#6735);
#6734 = CARTESIAN_POINT('',(164.00233765473,3.706408866121,0.));
#6735 = VECTOR('',#6736,1.);
#6736 = DIRECTION('',(-0.892616653828,-0.450816491833,-0.));
#6737 = ORIENTED_EDGE('',*,*,#6738,.T.);
#6738 = EDGE_CURVE('',#6731,#6739,#6741,.T.);
#6739 = VERTEX_POINT('',#6740);
#6740 = CARTESIAN_POINT('',(145.29345324368,-0.75,0.));
#6741 = CIRCLE('',#6742,41.5);
#6742 = AXIS2_PLACEMENT_3D('',#6743,#6744,#6745);
#6743 = CARTESIAN_POINT('',(145.29345324368,40.75,0.));
#6744 = DIRECTION('',(-0.,0.,-1.));
#6745 = DIRECTION('',(-1.369720936405E-15,-1.,0.));
#6746 = ORIENTED_EDGE('',*,*,#6747,.T.);
#6747 = EDGE_CURVE('',#6739,#6748,#6750,.T.);
#6748 = VERTEX_POINT('',#6749);
#6749 = CARTESIAN_POINT('',(114.70654675632,-0.75,0.));
#6750 = LINE('',#6751,#6752);
#6751 = CARTESIAN_POINT('',(114.70654675632,-0.75,0.));
#6752 = VECTOR('',#6753,1.);
#6753 = DIRECTION('',(-1.,-0.,-0.));
#6754 = ORIENTED_EDGE('',*,*,#6755,.T.);
#6755 = EDGE_CURVE('',#6748,#6756,#6758,.T.);
#6756 = VERTEX_POINT('',#6757);
#6757 = CARTESIAN_POINT('',(95.99766234527,3.706408866121,0.));
#6758 = CIRCLE('',#6759,41.5);
#6759 = AXIS2_PLACEMENT_3D('',#6760,#6761,#6762);
#6760 = CARTESIAN_POINT('',(114.70654675632,40.75,0.));
#6761 = DIRECTION('',(-0.,0.,-1.));
#6762 = DIRECTION('',(-0.450816491833,-0.892616653828,0.));
#6763 = ORIENTED_EDGE('',*,*,#6764,.T.);
#6764 = EDGE_CURVE('',#6756,#6765,#6767,.T.);
#6765 = VERTEX_POINT('',#6766);
#6766 = CARTESIAN_POINT('',(11.565610343926,46.348859371851,0.));
#6767 = LINE('',#6768,#6769);
#6768 = CARTESIAN_POINT('',(11.565610343926,46.348859371851,0.));
#6769 = VECTOR('',#6770,1.);
#6770 = DIRECTION('',(-0.892616653828,0.450816491833,-0.));
#6771 = ORIENTED_EDGE('',*,*,#6772,.T.);
#6772 = EDGE_CURVE('',#6765,#6773,#6775,.T.);
#6773 = VERTEX_POINT('',#6774);
#6774 = CARTESIAN_POINT('',(5.25,56.613950890877,0.));
#6775 = CIRCLE('',#6776,11.5);
#6776 = AXIS2_PLACEMENT_3D('',#6777,#6778,#6779);
#6777 = CARTESIAN_POINT('',(16.75,56.613950890877,0.));
#6778 = DIRECTION('',(-0.,0.,-1.));
#6779 = DIRECTION('',(-1.,0.,0.));
#6780 = ORIENTED_EDGE('',*,*,#6781,.T.);
#6781 = EDGE_CURVE('',#6773,#6782,#6784,.T.);
#6782 = VERTEX_POINT('',#6783);
#6783 = CARTESIAN_POINT('',(5.25,57.25,0.));
#6784 = LINE('',#6785,#6786);
#6785 = CARTESIAN_POINT('',(5.25,57.25,0.));
#6786 = VECTOR('',#6787,1.);
#6787 = DIRECTION('',(-0.,1.,-0.));
#6788 = ORIENTED_EDGE('',*,*,#6789,.T.);
#6789 = EDGE_CURVE('',#6782,#6790,#6792,.T.);
#6790 = VERTEX_POINT('',#6791);
#6791 = CARTESIAN_POINT('',(8.75,60.75,0.));
#6792 = CIRCLE('',#6793,3.5);
#6793 = AXIS2_PLACEMENT_3D('',#6794,#6795,#6796);
#6794 = CARTESIAN_POINT('',(8.75,57.25,0.));
#6795 = DIRECTION('',(-0.,0.,-1.));
#6796 = DIRECTION('',(-5.075305255429E-16,1.,0.));
#6797 = ORIENTED_EDGE('',*,*,#6798,.T.);
#6798 = EDGE_CURVE('',#6790,#6799,#6801,.T.);
#6799 = VERTEX_POINT('',#6800);
#6800 = CARTESIAN_POINT('',(20.,60.75,0.));
#6801 = LINE('',#6802,#6803);
#6802 = CARTESIAN_POINT('',(20.,60.75,0.));
#6803 = VECTOR('',#6804,1.);
#6804 = DIRECTION('',(1.,-0.,-0.));
#6805 = ORIENTED_EDGE('',*,*,#6806,.T.);
#6806 = EDGE_CURVE('',#6799,#6807,#6809,.T.);
#6807 = VERTEX_POINT('',#6808);
#6808 = CARTESIAN_POINT('',(20.,59.25,0.));
#6809 = LINE('',#6810,#6811);
#6810 = CARTESIAN_POINT('',(20.,59.25,0.));
#6811 = VECTOR('',#6812,1.);
#6812 = DIRECTION('',(-0.,-1.,-0.));
#6813 = ORIENTED_EDGE('',*,*,#6814,.T.);
#6814 = EDGE_CURVE('',#6807,#6815,#6817,.T.);
#6815 = VERTEX_POINT('',#6816);
#6816 = CARTESIAN_POINT('',(8.75,59.25,0.));
#6817 = LINE('',#6818,#6819);
#6818 = CARTESIAN_POINT('',(20.,59.25,0.));
#6819 = VECTOR('',#6820,1.);
#6820 = DIRECTION('',(-1.,0.,0.));
#6821 = ORIENTED_EDGE('',*,*,#6822,.T.);
#6822 = EDGE_CURVE('',#6815,#6823,#6825,.T.);
#6823 = VERTEX_POINT('',#6824);
#6824 = CARTESIAN_POINT('',(6.75,57.25,0.));
#6825 = CIRCLE('',#6826,2.);
#6826 = AXIS2_PLACEMENT_3D('',#6827,#6828,#6829);
#6827 = CARTESIAN_POINT('',(8.75,57.25,0.));
#6828 = DIRECTION('',(0.,0.,1.));
#6829 = DIRECTION('',(-1.7763568394E-15,1.,0.));
#6830 = ORIENTED_EDGE('',*,*,#6831,.T.);
#6831 = EDGE_CURVE('',#6823,#6832,#6834,.T.);
#6832 = VERTEX_POINT('',#6833);
#6833 = CARTESIAN_POINT('',(6.75,56.613950890877,0.));
#6834 = LINE('',#6835,#6836);
#6835 = CARTESIAN_POINT('',(6.75,57.25,0.));
#6836 = VECTOR('',#6837,1.);
#6837 = DIRECTION('',(0.,-1.,0.));
#6838 = ORIENTED_EDGE('',*,*,#6839,.T.);
#6839 = EDGE_CURVE('',#6832,#6840,#6842,.T.);
#6840 = VERTEX_POINT('',#6841);
#6841 = CARTESIAN_POINT('',(12.241835081675,47.687784352593,0.));
#6842 = CIRCLE('',#6843,10.);
#6843 = AXIS2_PLACEMENT_3D('',#6844,#6845,#6846);
#6844 = CARTESIAN_POINT('',(16.75,56.613950890877,0.));
#6845 = DIRECTION('',(0.,0.,1.));
#6846 = DIRECTION('',(-1.,0.,0.));
#6847 = ORIENTED_EDGE('',*,*,#6848,.T.);
#6848 = EDGE_CURVE('',#6840,#6849,#6851,.T.);
#6849 = VERTEX_POINT('',#6850);
#6850 = CARTESIAN_POINT('',(96.673887083019,5.045333846864,0.));
#6851 = LINE('',#6852,#6853);
#6852 = CARTESIAN_POINT('',(12.241835081675,47.687784352593,0.));
#6853 = VECTOR('',#6854,1.);
#6854 = DIRECTION('',(0.892616653828,-0.450816491833,0.));
#6855 = ORIENTED_EDGE('',*,*,#6856,.T.);
#6856 = EDGE_CURVE('',#6849,#6857,#6859,.T.);
#6857 = VERTEX_POINT('',#6858);
#6858 = CARTESIAN_POINT('',(114.70654675632,0.75,0.));
#6859 = CIRCLE('',#6860,40.);
#6860 = AXIS2_PLACEMENT_3D('',#6861,#6862,#6863);
#6861 = CARTESIAN_POINT('',(114.70654675632,40.75,0.));
#6862 = DIRECTION('',(0.,0.,1.));
#6863 = DIRECTION('',(-0.450816491833,-0.892616653828,0.));
#6864 = ORIENTED_EDGE('',*,*,#6865,.T.);
#6865 = EDGE_CURVE('',#6857,#6866,#6868,.T.);
#6866 = VERTEX_POINT('',#6867);
#6867 = CARTESIAN_POINT('',(145.29345324368,0.75,0.));
#6868 = LINE('',#6869,#6870);
#6869 = CARTESIAN_POINT('',(114.70654675632,0.75,0.));
#6870 = VECTOR('',#6871,1.);
#6871 = DIRECTION('',(1.,0.,0.));
#6872 = ORIENTED_EDGE('',*,*,#6873,.T.);
#6873 = EDGE_CURVE('',#6866,#6874,#6876,.T.);
#6874 = VERTEX_POINT('',#6875);
#6875 = CARTESIAN_POINT('',(163.32611291698,5.045333846864,0.));
#6876 = CIRCLE('',#6877,40.);
#6877 = AXIS2_PLACEMENT_3D('',#6878,#6879,#6880);
#6878 = CARTESIAN_POINT('',(145.29345324368,40.75,0.));
#6879 = DIRECTION('',(0.,0.,1.));
#6880 = DIRECTION('',(0.,-1.,0.));
#6881 = ORIENTED_EDGE('',*,*,#6882,.T.);
#6882 = EDGE_CURVE('',#6874,#6883,#6885,.T.);
#6883 = VERTEX_POINT('',#6884);
#6884 = CARTESIAN_POINT('',(247.75816491832,47.687784352593,0.));
#6885 = LINE('',#6886,#6887);
#6886 = CARTESIAN_POINT('',(163.32611291698,5.045333846864,0.));
#6887 = VECTOR('',#6888,1.);
#6888 = DIRECTION('',(0.892616653828,0.450816491833,0.));
#6889 = ORIENTED_EDGE('',*,*,#6890,.T.);
#6890 = EDGE_CURVE('',#6883,#6891,#6893,.T.);
#6891 = VERTEX_POINT('',#6892);
#6892 = CARTESIAN_POINT('',(253.25,56.613950890877,0.));
#6893 = CIRCLE('',#6894,10.);
#6894 = AXIS2_PLACEMENT_3D('',#6895,#6896,#6897);
#6895 = CARTESIAN_POINT('',(243.25,56.613950890877,0.));
#6896 = DIRECTION('',(0.,0.,1.));
#6897 = DIRECTION('',(0.450816491833,-0.892616653828,0.));
#6898 = ORIENTED_EDGE('',*,*,#6899,.T.);
#6899 = EDGE_CURVE('',#6891,#6900,#6902,.T.);
#6900 = VERTEX_POINT('',#6901);
#6901 = CARTESIAN_POINT('',(253.25,97.25,0.));
#6902 = LINE('',#6903,#6904);
#6903 = CARTESIAN_POINT('',(253.25,56.613950890877,0.));
#6904 = VECTOR('',#6905,1.);
#6905 = DIRECTION('',(0.,1.,0.));
#6906 = ORIENTED_EDGE('',*,*,#6907,.T.);
#6907 = EDGE_CURVE('',#6900,#6908,#6910,.T.);
#6908 = VERTEX_POINT('',#6909);
#6909 = CARTESIAN_POINT('',(251.25,99.25,0.));
#6910 = CIRCLE('',#6911,2.);
#6911 = AXIS2_PLACEMENT_3D('',#6912,#6913,#6914);
#6912 = CARTESIAN_POINT('',(251.25,97.25,0.));
#6913 = DIRECTION('',(0.,0.,1.));
#6914 = DIRECTION('',(1.,-1.42108547152E-14,0.));
#6915 = ORIENTED_EDGE('',*,*,#6916,.T.);
#6916 = EDGE_CURVE('',#6908,#6648,#6917,.T.);
#6917 = LINE('',#6918,#6919);
#6918 = CARTESIAN_POINT('',(251.25,99.25,0.));
#6919 = VECTOR('',#6920,1.);
#6920 = DIRECTION('',(-1.,0.,0.));
#6921 = ORIENTED_EDGE('',*,*,#6664,.T.);
#6922 = PLANE('',#6923);
#6923 = AXIS2_PLACEMENT_3D('',#6924,#6925,#6926);
#6924 = CARTESIAN_POINT('',(143.96240247301,33.463305132465,0.));
#6925 = DIRECTION('',(-0.,-0.,-1.));
#6926 = DIRECTION('',(-1.,0.,0.));
#6927 = ADVANCED_FACE('',(#6928),#7142,.F.);
#6928 = FACE_BOUND('',#6929,.F.);
#6929 = EDGE_LOOP('',(#6930,#6931,#6932,#6940,#6949,#6957,#6966,#6974,
    #6983,#6991,#7000,#7008,#7017,#7025,#7033,#7041,#7050,#7058,#7067,
    #7075,#7084,#7092,#7101,#7109,#7118,#7126,#7135,#7141));
#6930 = ORIENTED_EDGE('',*,*,#6617,.T.);
#6931 = ORIENTED_EDGE('',*,*,#6679,.T.);
#6932 = ORIENTED_EDGE('',*,*,#6933,.T.);
#6933 = EDGE_CURVE('',#6680,#6934,#6936,.T.);
#6934 = VERTEX_POINT('',#6935);
#6935 = CARTESIAN_POINT('',(254.75,56.613950890877,1.692E+03));
#6936 = LINE('',#6937,#6938);
#6937 = CARTESIAN_POINT('',(254.75,56.613950890877,1.692E+03));
#6938 = VECTOR('',#6939,1.);
#6939 = DIRECTION('',(-0.,-1.,-0.));
#6940 = ORIENTED_EDGE('',*,*,#6941,.T.);
#6941 = EDGE_CURVE('',#6934,#6942,#6944,.T.);
#6942 = VERTEX_POINT('',#6943);
#6943 = CARTESIAN_POINT('',(248.43438965607,46.348859371851,1.692E+03));
#6944 = CIRCLE('',#6945,11.5);
#6945 = AXIS2_PLACEMENT_3D('',#6946,#6947,#6948);
#6946 = CARTESIAN_POINT('',(243.25,56.613950890877,1.692E+03));
#6947 = DIRECTION('',(0.,-0.,-1.));
#6948 = DIRECTION('',(0.450816491833,-0.892616653828,0.));
#6949 = ORIENTED_EDGE('',*,*,#6950,.T.);
#6950 = EDGE_CURVE('',#6942,#6951,#6953,.T.);
#6951 = VERTEX_POINT('',#6952);
#6952 = CARTESIAN_POINT('',(164.00233765473,3.706408866121,1.692E+03));
#6953 = LINE('',#6954,#6955);
#6954 = CARTESIAN_POINT('',(164.00233765473,3.706408866121,1.692E+03));
#6955 = VECTOR('',#6956,1.);
#6956 = DIRECTION('',(-0.892616653828,-0.450816491833,-0.));
#6957 = ORIENTED_EDGE('',*,*,#6958,.T.);
#6958 = EDGE_CURVE('',#6951,#6959,#6961,.T.);
#6959 = VERTEX_POINT('',#6960);
#6960 = CARTESIAN_POINT('',(145.29345324368,-0.75,1.692E+03));
#6961 = CIRCLE('',#6962,41.5);
#6962 = AXIS2_PLACEMENT_3D('',#6963,#6964,#6965);
#6963 = CARTESIAN_POINT('',(145.29345324368,40.75,1.692E+03));
#6964 = DIRECTION('',(-0.,0.,-1.));
#6965 = DIRECTION('',(-1.369720936405E-15,-1.,0.));
#6966 = ORIENTED_EDGE('',*,*,#6967,.T.);
#6967 = EDGE_CURVE('',#6959,#6968,#6970,.T.);
#6968 = VERTEX_POINT('',#6969);
#6969 = CARTESIAN_POINT('',(114.70654675632,-0.75,1.692E+03));
#6970 = LINE('',#6971,#6972);
#6971 = CARTESIAN_POINT('',(114.70654675632,-0.75,1.692E+03));
#6972 = VECTOR('',#6973,1.);
#6973 = DIRECTION('',(-1.,-0.,-0.));
#6974 = ORIENTED_EDGE('',*,*,#6975,.T.);
#6975 = EDGE_CURVE('',#6968,#6976,#6978,.T.);
#6976 = VERTEX_POINT('',#6977);
#6977 = CARTESIAN_POINT('',(95.99766234527,3.706408866121,1.692E+03));
#6978 = CIRCLE('',#6979,41.5);
#6979 = AXIS2_PLACEMENT_3D('',#6980,#6981,#6982);
#6980 = CARTESIAN_POINT('',(114.70654675632,40.75,1.692E+03));
#6981 = DIRECTION('',(-0.,0.,-1.));
#6982 = DIRECTION('',(-0.450816491833,-0.892616653828,0.));
#6983 = ORIENTED_EDGE('',*,*,#6984,.T.);
#6984 = EDGE_CURVE('',#6976,#6985,#6987,.T.);
#6985 = VERTEX_POINT('',#6986);
#6986 = CARTESIAN_POINT('',(11.565610343926,46.348859371851,1.692E+03));
#6987 = LINE('',#6988,#6989);
#6988 = CARTESIAN_POINT('',(11.565610343926,46.348859371851,1.692E+03));
#6989 = VECTOR('',#6990,1.);
#6990 = DIRECTION('',(-0.892616653828,0.450816491833,-0.));
#6991 = ORIENTED_EDGE('',*,*,#6992,.T.);
#6992 = EDGE_CURVE('',#6985,#6993,#6995,.T.);
#6993 = VERTEX_POINT('',#6994);
#6994 = CARTESIAN_POINT('',(5.25,56.613950890877,1.692E+03));
#6995 = CIRCLE('',#6996,11.5);
#6996 = AXIS2_PLACEMENT_3D('',#6997,#6998,#6999);
#6997 = CARTESIAN_POINT('',(16.75,56.613950890877,1.692E+03));
#6998 = DIRECTION('',(-0.,0.,-1.));
#6999 = DIRECTION('',(-1.,0.,0.));
#7000 = ORIENTED_EDGE('',*,*,#7001,.T.);
#7001 = EDGE_CURVE('',#6993,#7002,#7004,.T.);
#7002 = VERTEX_POINT('',#7003);
#7003 = CARTESIAN_POINT('',(5.25,57.25,1.692E+03));
#7004 = LINE('',#7005,#7006);
#7005 = CARTESIAN_POINT('',(5.25,57.25,1.692E+03));
#7006 = VECTOR('',#7007,1.);
#7007 = DIRECTION('',(-0.,1.,-0.));
#7008 = ORIENTED_EDGE('',*,*,#7009,.T.);
#7009 = EDGE_CURVE('',#7002,#7010,#7012,.T.);
#7010 = VERTEX_POINT('',#7011);
#7011 = CARTESIAN_POINT('',(8.75,60.75,1.692E+03));
#7012 = CIRCLE('',#7013,3.5);
#7013 = AXIS2_PLACEMENT_3D('',#7014,#7015,#7016);
#7014 = CARTESIAN_POINT('',(8.75,57.25,1.692E+03));
#7015 = DIRECTION('',(-0.,0.,-1.));
#7016 = DIRECTION('',(-5.075305255429E-16,1.,0.));
#7017 = ORIENTED_EDGE('',*,*,#7018,.T.);
#7018 = EDGE_CURVE('',#7010,#7019,#7021,.T.);
#7019 = VERTEX_POINT('',#7020);
#7020 = CARTESIAN_POINT('',(20.,60.75,1.692E+03));
#7021 = LINE('',#7022,#7023);
#7022 = CARTESIAN_POINT('',(20.,60.75,1.692E+03));
#7023 = VECTOR('',#7024,1.);
#7024 = DIRECTION('',(1.,-0.,-0.));
#7025 = ORIENTED_EDGE('',*,*,#7026,.T.);
#7026 = EDGE_CURVE('',#7019,#7027,#7029,.T.);
#7027 = VERTEX_POINT('',#7028);
#7028 = CARTESIAN_POINT('',(20.,59.25,1.692E+03));
#7029 = LINE('',#7030,#7031);
#7030 = CARTESIAN_POINT('',(20.,59.25,1.692E+03));
#7031 = VECTOR('',#7032,1.);
#7032 = DIRECTION('',(-0.,-1.,-0.));
#7033 = ORIENTED_EDGE('',*,*,#7034,.T.);
#7034 = EDGE_CURVE('',#7027,#7035,#7037,.T.);
#7035 = VERTEX_POINT('',#7036);
#7036 = CARTESIAN_POINT('',(8.75,59.25,1.692E+03));
#7037 = LINE('',#7038,#7039);
#7038 = CARTESIAN_POINT('',(20.,59.25,1.692E+03));
#7039 = VECTOR('',#7040,1.);
#7040 = DIRECTION('',(-1.,0.,0.));
#7041 = ORIENTED_EDGE('',*,*,#7042,.T.);
#7042 = EDGE_CURVE('',#7035,#7043,#7045,.T.);
#7043 = VERTEX_POINT('',#7044);
#7044 = CARTESIAN_POINT('',(6.75,57.25,1.692E+03));
#7045 = CIRCLE('',#7046,2.);
#7046 = AXIS2_PLACEMENT_3D('',#7047,#7048,#7049);
#7047 = CARTESIAN_POINT('',(8.75,57.25,1.692E+03));
#7048 = DIRECTION('',(0.,0.,1.));
#7049 = DIRECTION('',(-1.7763568394E-15,1.,0.));
#7050 = ORIENTED_EDGE('',*,*,#7051,.T.);
#7051 = EDGE_CURVE('',#7043,#7052,#7054,.T.);
#7052 = VERTEX_POINT('',#7053);
#7053 = CARTESIAN_POINT('',(6.75,56.613950890877,1.692E+03));
#7054 = LINE('',#7055,#7056);
#7055 = CARTESIAN_POINT('',(6.75,57.25,1.692E+03));
#7056 = VECTOR('',#7057,1.);
#7057 = DIRECTION('',(0.,-1.,0.));
#7058 = ORIENTED_EDGE('',*,*,#7059,.T.);
#7059 = EDGE_CURVE('',#7052,#7060,#7062,.T.);
#7060 = VERTEX_POINT('',#7061);
#7061 = CARTESIAN_POINT('',(12.241835081675,47.687784352593,1.692E+03));
#7062 = CIRCLE('',#7063,10.);
#7063 = AXIS2_PLACEMENT_3D('',#7064,#7065,#7066);
#7064 = CARTESIAN_POINT('',(16.75,56.613950890877,1.692E+03));
#7065 = DIRECTION('',(0.,0.,1.));
#7066 = DIRECTION('',(-1.,0.,0.));
#7067 = ORIENTED_EDGE('',*,*,#7068,.T.);
#7068 = EDGE_CURVE('',#7060,#7069,#7071,.T.);
#7069 = VERTEX_POINT('',#7070);
#7070 = CARTESIAN_POINT('',(96.673887083019,5.045333846864,1.692E+03));
#7071 = LINE('',#7072,#7073);
#7072 = CARTESIAN_POINT('',(12.241835081675,47.687784352593,1.692E+03));
#7073 = VECTOR('',#7074,1.);
#7074 = DIRECTION('',(0.892616653828,-0.450816491833,0.));
#7075 = ORIENTED_EDGE('',*,*,#7076,.T.);
#7076 = EDGE_CURVE('',#7069,#7077,#7079,.T.);
#7077 = VERTEX_POINT('',#7078);
#7078 = CARTESIAN_POINT('',(114.70654675632,0.75,1.692E+03));
#7079 = CIRCLE('',#7080,40.);
#7080 = AXIS2_PLACEMENT_3D('',#7081,#7082,#7083);
#7081 = CARTESIAN_POINT('',(114.70654675632,40.75,1.692E+03));
#7082 = DIRECTION('',(0.,0.,1.));
#7083 = DIRECTION('',(-0.450816491833,-0.892616653828,0.));
#7084 = ORIENTED_EDGE('',*,*,#7085,.T.);
#7085 = EDGE_CURVE('',#7077,#7086,#7088,.T.);
#7086 = VERTEX_POINT('',#7087);
#7087 = CARTESIAN_POINT('',(145.29345324368,0.75,1.692E+03));
#7088 = LINE('',#7089,#7090);
#7089 = CARTESIAN_POINT('',(114.70654675632,0.75,1.692E+03));
#7090 = VECTOR('',#7091,1.);
#7091 = DIRECTION('',(1.,0.,0.));
#7092 = ORIENTED_EDGE('',*,*,#7093,.T.);
#7093 = EDGE_CURVE('',#7086,#7094,#7096,.T.);
#7094 = VERTEX_POINT('',#7095);
#7095 = CARTESIAN_POINT('',(163.32611291698,5.045333846864,1.692E+03));
#7096 = CIRCLE('',#7097,40.);
#7097 = AXIS2_PLACEMENT_3D('',#7098,#7099,#7100);
#7098 = CARTESIAN_POINT('',(145.29345324368,40.75,1.692E+03));
#7099 = DIRECTION('',(0.,0.,1.));
#7100 = DIRECTION('',(0.,-1.,0.));
#7101 = ORIENTED_EDGE('',*,*,#7102,.T.);
#7102 = EDGE_CURVE('',#7094,#7103,#7105,.T.);
#7103 = VERTEX_POINT('',#7104);
#7104 = CARTESIAN_POINT('',(247.75816491832,47.687784352593,1.692E+03));
#7105 = LINE('',#7106,#7107);
#7106 = CARTESIAN_POINT('',(163.32611291698,5.045333846864,1.692E+03));
#7107 = VECTOR('',#7108,1.);
#7108 = DIRECTION('',(0.892616653828,0.450816491833,0.));
#7109 = ORIENTED_EDGE('',*,*,#7110,.T.);
#7110 = EDGE_CURVE('',#7103,#7111,#7113,.T.);
#7111 = VERTEX_POINT('',#7112);
#7112 = CARTESIAN_POINT('',(253.25,56.613950890877,1.692E+03));
#7113 = CIRCLE('',#7114,10.);
#7114 = AXIS2_PLACEMENT_3D('',#7115,#7116,#7117);
#7115 = CARTESIAN_POINT('',(243.25,56.613950890877,1.692E+03));
#7116 = DIRECTION('',(0.,0.,1.));
#7117 = DIRECTION('',(0.450816491833,-0.892616653828,0.));
#7118 = ORIENTED_EDGE('',*,*,#7119,.T.);
#7119 = EDGE_CURVE('',#7111,#7120,#7122,.T.);
#7120 = VERTEX_POINT('',#7121);
#7121 = CARTESIAN_POINT('',(253.25,97.25,1.692E+03));
#7122 = LINE('',#7123,#7124);
#7123 = CARTESIAN_POINT('',(253.25,56.613950890877,1.692E+03));
#7124 = VECTOR('',#7125,1.);
#7125 = DIRECTION('',(0.,1.,0.));
#7126 = ORIENTED_EDGE('',*,*,#7127,.T.);
#7127 = EDGE_CURVE('',#7120,#7128,#7130,.T.);
#7128 = VERTEX_POINT('',#7129);
#7129 = CARTESIAN_POINT('',(251.25,99.25,1.692E+03));
#7130 = CIRCLE('',#7131,2.);
#7131 = AXIS2_PLACEMENT_3D('',#7132,#7133,#7134);
#7132 = CARTESIAN_POINT('',(251.25,97.25,1.692E+03));
#7133 = DIRECTION('',(0.,0.,1.));
#7134 = DIRECTION('',(1.,-1.42108547152E-14,0.));
#7135 = ORIENTED_EDGE('',*,*,#7136,.T.);
#7136 = EDGE_CURVE('',#7128,#6650,#7137,.T.);
#7137 = LINE('',#7138,#7139);
#7138 = CARTESIAN_POINT('',(251.25,99.25,1.692E+03));
#7139 = VECTOR('',#7140,1.);
#7140 = DIRECTION('',(-1.,0.,0.));
#7141 = ORIENTED_EDGE('',*,*,#6657,.T.);
#7142 = PLANE('',#7143);
#7143 = AXIS2_PLACEMENT_3D('',#7144,#7145,#7146);
#7144 = CARTESIAN_POINT('',(143.96240247301,33.463305132465,1.692E+03));
#7145 = DIRECTION('',(-0.,-0.,-1.));
#7146 = DIRECTION('',(-1.,0.,0.));
#7147 = ADVANCED_FACE('',(#7148),#7159,.T.);
#7148 = FACE_BOUND('',#7149,.T.);
#7149 = EDGE_LOOP('',(#7150,#7156,#7157,#7158));
#7150 = ORIENTED_EDGE('',*,*,#7151,.T.);
#7151 = EDGE_CURVE('',#6908,#7128,#7152,.T.);
#7152 = LINE('',#7153,#7154);
#7153 = CARTESIAN_POINT('',(251.25,99.25,0.));
#7154 = VECTOR('',#7155,1.);
#7155 = DIRECTION('',(0.,0.,1.));
#7156 = ORIENTED_EDGE('',*,*,#7136,.T.);
#7157 = ORIENTED_EDGE('',*,*,#6647,.F.);
#7158 = ORIENTED_EDGE('',*,*,#6916,.F.);
#7159 = PLANE('',#7160);
#7160 = AXIS2_PLACEMENT_3D('',#7161,#7162,#7163);
#7161 = CARTESIAN_POINT('',(251.25,99.25,0.));
#7162 = DIRECTION('',(0.,-1.,0.));
#7163 = DIRECTION('',(-1.,0.,0.));
#7164 = ADVANCED_FACE('',(#7165),#7176,.T.);
#7165 = FACE_BOUND('',#7166,.T.);
#7166 = EDGE_LOOP('',(#7167,#7168,#7169,#7175));
#7167 = ORIENTED_EDGE('',*,*,#6688,.T.);
#7168 = ORIENTED_EDGE('',*,*,#6933,.T.);
#7169 = ORIENTED_EDGE('',*,*,#7170,.F.);
#7170 = EDGE_CURVE('',#6714,#6934,#7171,.T.);
#7171 = LINE('',#7172,#7173);
#7172 = CARTESIAN_POINT('',(254.75,56.613950890877,0.));
#7173 = VECTOR('',#7174,1.);
#7174 = DIRECTION('',(0.,0.,1.));
#7175 = ORIENTED_EDGE('',*,*,#6713,.F.);
#7176 = PLANE('',#7177);
#7177 = AXIS2_PLACEMENT_3D('',#7178,#7179,#7180);
#7178 = CARTESIAN_POINT('',(254.75,97.25,0.));
#7179 = DIRECTION('',(1.,0.,0.));
#7180 = DIRECTION('',(0.,-1.,0.));
#7181 = ADVANCED_FACE('',(#7182),#7193,.T.);
#7182 = FACE_BOUND('',#7183,.T.);
#7183 = EDGE_LOOP('',(#7184,#7185,#7186,#7192));
#7184 = ORIENTED_EDGE('',*,*,#7170,.T.);
#7185 = ORIENTED_EDGE('',*,*,#6941,.T.);
#7186 = ORIENTED_EDGE('',*,*,#7187,.F.);
#7187 = EDGE_CURVE('',#6722,#6942,#7188,.T.);
#7188 = LINE('',#7189,#7190);
#7189 = CARTESIAN_POINT('',(248.43438965607,46.348859371851,0.));
#7190 = VECTOR('',#7191,1.);
#7191 = DIRECTION('',(0.,0.,1.));
#7192 = ORIENTED_EDGE('',*,*,#6721,.F.);
#7193 = CYLINDRICAL_SURFACE('',#7194,11.5);
#7194 = AXIS2_PLACEMENT_3D('',#7195,#7196,#7197);
#7195 = CARTESIAN_POINT('',(243.25,56.613950890877,0.));
#7196 = DIRECTION('',(0.,-0.,-1.));
#7197 = DIRECTION('',(0.450816491833,-0.892616653828,0.));
#7198 = ADVANCED_FACE('',(#7199),#7210,.T.);
#7199 = FACE_BOUND('',#7200,.T.);
#7200 = EDGE_LOOP('',(#7201,#7202,#7203,#7209));
#7201 = ORIENTED_EDGE('',*,*,#7187,.T.);
#7202 = ORIENTED_EDGE('',*,*,#6950,.T.);
#7203 = ORIENTED_EDGE('',*,*,#7204,.F.);
#7204 = EDGE_CURVE('',#6731,#6951,#7205,.T.);
#7205 = LINE('',#7206,#7207);
#7206 = CARTESIAN_POINT('',(164.00233765473,3.706408866121,0.));
#7207 = VECTOR('',#7208,1.);
#7208 = DIRECTION('',(0.,0.,1.));
#7209 = ORIENTED_EDGE('',*,*,#6730,.F.);
#7210 = PLANE('',#7211);
#7211 = AXIS2_PLACEMENT_3D('',#7212,#7213,#7214);
#7212 = CARTESIAN_POINT('',(248.43438965607,46.348859371851,0.));
#7213 = DIRECTION('',(0.450816491833,-0.892616653828,0.));
#7214 = DIRECTION('',(-0.892616653828,-0.450816491833,0.));
#7215 = ADVANCED_FACE('',(#7216),#7227,.T.);
#7216 = FACE_BOUND('',#7217,.T.);
#7217 = EDGE_LOOP('',(#7218,#7219,#7220,#7226));
#7218 = ORIENTED_EDGE('',*,*,#7204,.T.);
#7219 = ORIENTED_EDGE('',*,*,#6958,.T.);
#7220 = ORIENTED_EDGE('',*,*,#7221,.F.);
#7221 = EDGE_CURVE('',#6739,#6959,#7222,.T.);
#7222 = LINE('',#7223,#7224);
#7223 = CARTESIAN_POINT('',(145.29345324368,-0.75,0.));
#7224 = VECTOR('',#7225,1.);
#7225 = DIRECTION('',(0.,0.,1.));
#7226 = ORIENTED_EDGE('',*,*,#6738,.F.);
#7227 = CYLINDRICAL_SURFACE('',#7228,41.5);
#7228 = AXIS2_PLACEMENT_3D('',#7229,#7230,#7231);
#7229 = CARTESIAN_POINT('',(145.29345324368,40.75,0.));
#7230 = DIRECTION('',(-0.,0.,-1.));
#7231 = DIRECTION('',(-1.369720936405E-15,-1.,0.));
#7232 = ADVANCED_FACE('',(#7233,#7244,#7255),#7266,.T.);
#7233 = FACE_BOUND('',#7234,.T.);
#7234 = EDGE_LOOP('',(#7235,#7236,#7237,#7243));
#7235 = ORIENTED_EDGE('',*,*,#7221,.T.);
#7236 = ORIENTED_EDGE('',*,*,#6967,.T.);
#7237 = ORIENTED_EDGE('',*,*,#7238,.F.);
#7238 = EDGE_CURVE('',#6748,#6968,#7239,.T.);
#7239 = LINE('',#7240,#7241);
#7240 = CARTESIAN_POINT('',(114.70654675632,-0.75,0.));
#7241 = VECTOR('',#7242,1.);
#7242 = DIRECTION('',(0.,0.,1.));
#7243 = ORIENTED_EDGE('',*,*,#6747,.F.);
#7244 = FACE_BOUND('',#7245,.T.);
#7245 = EDGE_LOOP('',(#7246));
#7246 = ORIENTED_EDGE('',*,*,#7247,.T.);
#7247 = EDGE_CURVE('',#7248,#7248,#7250,.T.);
#7248 = VERTEX_POINT('',#7249);
#7249 = CARTESIAN_POINT('',(130.,-0.75,1.67805E+03));
#7250 = CIRCLE('',#7251,2.05);
#7251 = AXIS2_PLACEMENT_3D('',#7252,#7253,#7254);
#7252 = CARTESIAN_POINT('',(130.,-0.75,1.676E+03));
#7253 = DIRECTION('',(-0.,1.,0.));
#7254 = DIRECTION('',(0.,0.,1.));
#7255 = FACE_BOUND('',#7256,.T.);
#7256 = EDGE_LOOP('',(#7257));
#7257 = ORIENTED_EDGE('',*,*,#7258,.T.);
#7258 = EDGE_CURVE('',#7259,#7259,#7261,.T.);
#7259 = VERTEX_POINT('',#7260);
#7260 = CARTESIAN_POINT('',(130.,-0.75,18.05));
#7261 = CIRCLE('',#7262,2.05);
#7262 = AXIS2_PLACEMENT_3D('',#7263,#7264,#7265);
#7263 = CARTESIAN_POINT('',(130.,-0.75,16.));
#7264 = DIRECTION('',(-0.,1.,0.));
#7265 = DIRECTION('',(0.,0.,1.));
#7266 = PLANE('',#7267);
#7267 = AXIS2_PLACEMENT_3D('',#7268,#7269,#7270);
#7268 = CARTESIAN_POINT('',(145.29345324368,-0.75,0.));
#7269 = DIRECTION('',(0.,-1.,0.));
#7270 = DIRECTION('',(-1.,-0.,0.));
#7271 = ADVANCED_FACE('',(#7272),#7283,.T.);
#7272 = FACE_BOUND('',#7273,.T.);
#7273 = EDGE_LOOP('',(#7274,#7275,#7276,#7282));
#7274 = ORIENTED_EDGE('',*,*,#7238,.T.);
#7275 = ORIENTED_EDGE('',*,*,#6975,.T.);
#7276 = ORIENTED_EDGE('',*,*,#7277,.F.);
#7277 = EDGE_CURVE('',#6756,#6976,#7278,.T.);
#7278 = LINE('',#7279,#7280);
#7279 = CARTESIAN_POINT('',(95.99766234527,3.706408866121,0.));
#7280 = VECTOR('',#7281,1.);
#7281 = DIRECTION('',(0.,0.,1.));
#7282 = ORIENTED_EDGE('',*,*,#6755,.F.);
#7283 = CYLINDRICAL_SURFACE('',#7284,41.5);
#7284 = AXIS2_PLACEMENT_3D('',#7285,#7286,#7287);
#7285 = CARTESIAN_POINT('',(114.70654675632,40.75,0.));
#7286 = DIRECTION('',(-0.,0.,-1.));
#7287 = DIRECTION('',(-0.450816491833,-0.892616653828,0.));
#7288 = ADVANCED_FACE('',(#7289),#7300,.T.);
#7289 = FACE_BOUND('',#7290,.T.);
#7290 = EDGE_LOOP('',(#7291,#7292,#7293,#7299));
#7291 = ORIENTED_EDGE('',*,*,#7277,.T.);
#7292 = ORIENTED_EDGE('',*,*,#6984,.T.);
#7293 = ORIENTED_EDGE('',*,*,#7294,.F.);
#7294 = EDGE_CURVE('',#6765,#6985,#7295,.T.);
#7295 = LINE('',#7296,#7297);
#7296 = CARTESIAN_POINT('',(11.565610343926,46.348859371851,0.));
#7297 = VECTOR('',#7298,1.);
#7298 = DIRECTION('',(0.,0.,1.));
#7299 = ORIENTED_EDGE('',*,*,#6764,.F.);
#7300 = PLANE('',#7301);
#7301 = AXIS2_PLACEMENT_3D('',#7302,#7303,#7304);
#7302 = CARTESIAN_POINT('',(95.99766234527,3.706408866121,0.));
#7303 = DIRECTION('',(-0.450816491833,-0.892616653828,0.));
#7304 = DIRECTION('',(-0.892616653828,0.450816491833,0.));
#7305 = ADVANCED_FACE('',(#7306),#7317,.T.);
#7306 = FACE_BOUND('',#7307,.T.);
#7307 = EDGE_LOOP('',(#7308,#7309,#7310,#7316));
#7308 = ORIENTED_EDGE('',*,*,#7294,.T.);
#7309 = ORIENTED_EDGE('',*,*,#6992,.T.);
#7310 = ORIENTED_EDGE('',*,*,#7311,.F.);
#7311 = EDGE_CURVE('',#6773,#6993,#7312,.T.);
#7312 = LINE('',#7313,#7314);
#7313 = CARTESIAN_POINT('',(5.25,56.613950890877,0.));
#7314 = VECTOR('',#7315,1.);
#7315 = DIRECTION('',(0.,0.,1.));
#7316 = ORIENTED_EDGE('',*,*,#6772,.F.);
#7317 = CYLINDRICAL_SURFACE('',#7318,11.5);
#7318 = AXIS2_PLACEMENT_3D('',#7319,#7320,#7321);
#7319 = CARTESIAN_POINT('',(16.75,56.613950890877,0.));
#7320 = DIRECTION('',(-0.,0.,-1.));
#7321 = DIRECTION('',(-1.,0.,0.));
#7322 = ADVANCED_FACE('',(#7323),#7334,.T.);
#7323 = FACE_BOUND('',#7324,.T.);
#7324 = EDGE_LOOP('',(#7325,#7326,#7327,#7333));
#7325 = ORIENTED_EDGE('',*,*,#7311,.T.);
#7326 = ORIENTED_EDGE('',*,*,#7001,.T.);
#7327 = ORIENTED_EDGE('',*,*,#7328,.F.);
#7328 = EDGE_CURVE('',#6782,#7002,#7329,.T.);
#7329 = LINE('',#7330,#7331);
#7330 = CARTESIAN_POINT('',(5.25,57.25,0.));
#7331 = VECTOR('',#7332,1.);
#7332 = DIRECTION('',(0.,0.,1.));
#7333 = ORIENTED_EDGE('',*,*,#6781,.F.);
#7334 = PLANE('',#7335);
#7335 = AXIS2_PLACEMENT_3D('',#7336,#7337,#7338);
#7336 = CARTESIAN_POINT('',(5.25,56.613950890877,0.));
#7337 = DIRECTION('',(-1.,0.,0.));
#7338 = DIRECTION('',(0.,1.,-0.));
#7339 = ADVANCED_FACE('',(#7340),#7351,.T.);
#7340 = FACE_BOUND('',#7341,.T.);
#7341 = EDGE_LOOP('',(#7342,#7343,#7344,#7350));
#7342 = ORIENTED_EDGE('',*,*,#7328,.T.);
#7343 = ORIENTED_EDGE('',*,*,#7009,.T.);
#7344 = ORIENTED_EDGE('',*,*,#7345,.F.);
#7345 = EDGE_CURVE('',#6790,#7010,#7346,.T.);
#7346 = LINE('',#7347,#7348);
#7347 = CARTESIAN_POINT('',(8.75,60.75,0.));
#7348 = VECTOR('',#7349,1.);
#7349 = DIRECTION('',(0.,0.,1.));
#7350 = ORIENTED_EDGE('',*,*,#6789,.F.);
#7351 = CYLINDRICAL_SURFACE('',#7352,3.5);
#7352 = AXIS2_PLACEMENT_3D('',#7353,#7354,#7355);
#7353 = CARTESIAN_POINT('',(8.75,57.25,0.));
#7354 = DIRECTION('',(-0.,0.,-1.));
#7355 = DIRECTION('',(-5.075305255429E-16,1.,0.));
#7356 = ADVANCED_FACE('',(#7357),#7368,.T.);
#7357 = FACE_BOUND('',#7358,.T.);
#7358 = EDGE_LOOP('',(#7359,#7360,#7361,#7367));
#7359 = ORIENTED_EDGE('',*,*,#7345,.T.);
#7360 = ORIENTED_EDGE('',*,*,#7018,.T.);
#7361 = ORIENTED_EDGE('',*,*,#7362,.F.);
#7362 = EDGE_CURVE('',#6799,#7019,#7363,.T.);
#7363 = LINE('',#7364,#7365);
#7364 = CARTESIAN_POINT('',(20.,60.75,0.));
#7365 = VECTOR('',#7366,1.);
#7366 = DIRECTION('',(0.,0.,1.));
#7367 = ORIENTED_EDGE('',*,*,#6798,.F.);
#7368 = PLANE('',#7369);
#7369 = AXIS2_PLACEMENT_3D('',#7370,#7371,#7372);
#7370 = CARTESIAN_POINT('',(8.75,60.75,0.));
#7371 = DIRECTION('',(0.,1.,-0.));
#7372 = DIRECTION('',(1.,-0.,0.));
#7373 = ADVANCED_FACE('',(#7374),#7385,.T.);
#7374 = FACE_BOUND('',#7375,.T.);
#7375 = EDGE_LOOP('',(#7376,#7377,#7378,#7384));
#7376 = ORIENTED_EDGE('',*,*,#7362,.T.);
#7377 = ORIENTED_EDGE('',*,*,#7026,.T.);
#7378 = ORIENTED_EDGE('',*,*,#7379,.F.);
#7379 = EDGE_CURVE('',#6807,#7027,#7380,.T.);
#7380 = LINE('',#7381,#7382);
#7381 = CARTESIAN_POINT('',(20.,59.25,0.));
#7382 = VECTOR('',#7383,1.);
#7383 = DIRECTION('',(0.,0.,1.));
#7384 = ORIENTED_EDGE('',*,*,#6806,.F.);
#7385 = PLANE('',#7386);
#7386 = AXIS2_PLACEMENT_3D('',#7387,#7388,#7389);
#7387 = CARTESIAN_POINT('',(20.,60.75,0.));
#7388 = DIRECTION('',(1.,0.,0.));
#7389 = DIRECTION('',(0.,-1.,0.));
#7390 = ADVANCED_FACE('',(#7391),#7402,.T.);
#7391 = FACE_BOUND('',#7392,.T.);
#7392 = EDGE_LOOP('',(#7393,#7394,#7395,#7401));
#7393 = ORIENTED_EDGE('',*,*,#7379,.T.);
#7394 = ORIENTED_EDGE('',*,*,#7034,.T.);
#7395 = ORIENTED_EDGE('',*,*,#7396,.F.);
#7396 = EDGE_CURVE('',#6815,#7035,#7397,.T.);
#7397 = LINE('',#7398,#7399);
#7398 = CARTESIAN_POINT('',(8.75,59.25,0.));
#7399 = VECTOR('',#7400,1.);
#7400 = DIRECTION('',(0.,0.,1.));
#7401 = ORIENTED_EDGE('',*,*,#6814,.F.);
#7402 = PLANE('',#7403);
#7403 = AXIS2_PLACEMENT_3D('',#7404,#7405,#7406);
#7404 = CARTESIAN_POINT('',(20.,59.25,0.));
#7405 = DIRECTION('',(0.,-1.,0.));
#7406 = DIRECTION('',(-1.,0.,0.));
#7407 = ADVANCED_FACE('',(#7408),#7419,.F.);
#7408 = FACE_BOUND('',#7409,.T.);
#7409 = EDGE_LOOP('',(#7410,#7411,#7412,#7418));
#7410 = ORIENTED_EDGE('',*,*,#7396,.T.);
#7411 = ORIENTED_EDGE('',*,*,#7042,.T.);
#7412 = ORIENTED_EDGE('',*,*,#7413,.F.);
#7413 = EDGE_CURVE('',#6823,#7043,#7414,.T.);
#7414 = LINE('',#7415,#7416);
#7415 = CARTESIAN_POINT('',(6.75,57.25,0.));
#7416 = VECTOR('',#7417,1.);
#7417 = DIRECTION('',(0.,0.,1.));
#7418 = ORIENTED_EDGE('',*,*,#6822,.F.);
#7419 = CYLINDRICAL_SURFACE('',#7420,2.);
#7420 = AXIS2_PLACEMENT_3D('',#7421,#7422,#7423);
#7421 = CARTESIAN_POINT('',(8.75,57.25,0.));
#7422 = DIRECTION('',(-0.,-0.,-1.));
#7423 = DIRECTION('',(-1.7763568394E-15,1.,0.));
#7424 = ADVANCED_FACE('',(#7425),#7436,.T.);
#7425 = FACE_BOUND('',#7426,.T.);
#7426 = EDGE_LOOP('',(#7427,#7428,#7429,#7435));
#7427 = ORIENTED_EDGE('',*,*,#7413,.T.);
#7428 = ORIENTED_EDGE('',*,*,#7051,.T.);
#7429 = ORIENTED_EDGE('',*,*,#7430,.F.);
#7430 = EDGE_CURVE('',#6832,#7052,#7431,.T.);
#7431 = LINE('',#7432,#7433);
#7432 = CARTESIAN_POINT('',(6.75,56.613950890877,0.));
#7433 = VECTOR('',#7434,1.);
#7434 = DIRECTION('',(0.,0.,1.));
#7435 = ORIENTED_EDGE('',*,*,#6831,.F.);
#7436 = PLANE('',#7437);
#7437 = AXIS2_PLACEMENT_3D('',#7438,#7439,#7440);
#7438 = CARTESIAN_POINT('',(6.75,57.25,0.));
#7439 = DIRECTION('',(1.,0.,-0.));
#7440 = DIRECTION('',(0.,-1.,0.));
#7441 = ADVANCED_FACE('',(#7442),#7453,.F.);
#7442 = FACE_BOUND('',#7443,.T.);
#7443 = EDGE_LOOP('',(#7444,#7445,#7446,#7452));
#7444 = ORIENTED_EDGE('',*,*,#7430,.T.);
#7445 = ORIENTED_EDGE('',*,*,#7059,.T.);
#7446 = ORIENTED_EDGE('',*,*,#7447,.F.);
#7447 = EDGE_CURVE('',#6840,#7060,#7448,.T.);
#7448 = LINE('',#7449,#7450);
#7449 = CARTESIAN_POINT('',(12.241835081675,47.687784352593,0.));
#7450 = VECTOR('',#7451,1.);
#7451 = DIRECTION('',(0.,0.,1.));
#7452 = ORIENTED_EDGE('',*,*,#6839,.F.);
#7453 = CYLINDRICAL_SURFACE('',#7454,10.);
#7454 = AXIS2_PLACEMENT_3D('',#7455,#7456,#7457);
#7455 = CARTESIAN_POINT('',(16.75,56.613950890877,0.));
#7456 = DIRECTION('',(-0.,-0.,-1.));
#7457 = DIRECTION('',(-1.,0.,0.));
#7458 = ADVANCED_FACE('',(#7459),#7470,.T.);
#7459 = FACE_BOUND('',#7460,.T.);
#7460 = EDGE_LOOP('',(#7461,#7462,#7463,#7469));
#7461 = ORIENTED_EDGE('',*,*,#7447,.T.);
#7462 = ORIENTED_EDGE('',*,*,#7068,.T.);
#7463 = ORIENTED_EDGE('',*,*,#7464,.F.);
#7464 = EDGE_CURVE('',#6849,#7069,#7465,.T.);
#7465 = LINE('',#7466,#7467);
#7466 = CARTESIAN_POINT('',(96.673887083019,5.045333846864,0.));
#7467 = VECTOR('',#7468,1.);
#7468 = DIRECTION('',(0.,0.,1.));
#7469 = ORIENTED_EDGE('',*,*,#6848,.F.);
#7470 = PLANE('',#7471);
#7471 = AXIS2_PLACEMENT_3D('',#7472,#7473,#7474);
#7472 = CARTESIAN_POINT('',(12.241835081675,47.687784352593,0.));
#7473 = DIRECTION('',(0.450816491833,0.892616653828,-0.));
#7474 = DIRECTION('',(0.892616653828,-0.450816491833,0.));
#7475 = ADVANCED_FACE('',(#7476),#7487,.F.);
#7476 = FACE_BOUND('',#7477,.T.);
#7477 = EDGE_LOOP('',(#7478,#7479,#7480,#7486));
#7478 = ORIENTED_EDGE('',*,*,#7464,.T.);
#7479 = ORIENTED_EDGE('',*,*,#7076,.T.);
#7480 = ORIENTED_EDGE('',*,*,#7481,.F.);
#7481 = EDGE_CURVE('',#6857,#7077,#7482,.T.);
#7482 = LINE('',#7483,#7484);
#7483 = CARTESIAN_POINT('',(114.70654675632,0.75,0.));
#7484 = VECTOR('',#7485,1.);
#7485 = DIRECTION('',(0.,0.,1.));
#7486 = ORIENTED_EDGE('',*,*,#6856,.F.);
#7487 = CYLINDRICAL_SURFACE('',#7488,40.);
#7488 = AXIS2_PLACEMENT_3D('',#7489,#7490,#7491);
#7489 = CARTESIAN_POINT('',(114.70654675632,40.75,0.));
#7490 = DIRECTION('',(-0.,-0.,-1.));
#7491 = DIRECTION('',(-0.450816491833,-0.892616653828,0.));
#7492 = ADVANCED_FACE('',(#7493,#7504,#7515),#7526,.T.);
#7493 = FACE_BOUND('',#7494,.T.);
#7494 = EDGE_LOOP('',(#7495,#7496,#7497,#7503));
#7495 = ORIENTED_EDGE('',*,*,#7481,.T.);
#7496 = ORIENTED_EDGE('',*,*,#7085,.T.);
#7497 = ORIENTED_EDGE('',*,*,#7498,.F.);
#7498 = EDGE_CURVE('',#6866,#7086,#7499,.T.);
#7499 = LINE('',#7500,#7501);
#7500 = CARTESIAN_POINT('',(145.29345324368,0.75,0.));
#7501 = VECTOR('',#7502,1.);
#7502 = DIRECTION('',(0.,0.,1.));
#7503 = ORIENTED_EDGE('',*,*,#6865,.F.);
#7504 = FACE_BOUND('',#7505,.T.);
#7505 = EDGE_LOOP('',(#7506));
#7506 = ORIENTED_EDGE('',*,*,#7507,.F.);
#7507 = EDGE_CURVE('',#7508,#7508,#7510,.T.);
#7508 = VERTEX_POINT('',#7509);
#7509 = CARTESIAN_POINT('',(130.,0.75,1.67805E+03));
#7510 = CIRCLE('',#7511,2.05);
#7511 = AXIS2_PLACEMENT_3D('',#7512,#7513,#7514);
#7512 = CARTESIAN_POINT('',(130.,0.75,1.676E+03));
#7513 = DIRECTION('',(-0.,1.,0.));
#7514 = DIRECTION('',(0.,0.,1.));
#7515 = FACE_BOUND('',#7516,.T.);
#7516 = EDGE_LOOP('',(#7517));
#7517 = ORIENTED_EDGE('',*,*,#7518,.F.);
#7518 = EDGE_CURVE('',#7519,#7519,#7521,.T.);
#7519 = VERTEX_POINT('',#7520);
#7520 = CARTESIAN_POINT('',(130.,0.75,18.05));
#7521 = CIRCLE('',#7522,2.05);
#7522 = AXIS2_PLACEMENT_3D('',#7523,#7524,#7525);
#7523 = CARTESIAN_POINT('',(130.,0.75,16.));
#7524 = DIRECTION('',(-0.,1.,0.));
#7525 = DIRECTION('',(0.,0.,1.));
#7526 = PLANE('',#7527);
#7527 = AXIS2_PLACEMENT_3D('',#7528,#7529,#7530);
#7528 = CARTESIAN_POINT('',(114.70654675632,0.75,0.));
#7529 = DIRECTION('',(0.,1.,0.));
#7530 = DIRECTION('',(1.,0.,0.));
#7531 = ADVANCED_FACE('',(#7532),#7543,.F.);
#7532 = FACE_BOUND('',#7533,.T.);
#7533 = EDGE_LOOP('',(#7534,#7535,#7536,#7542));
#7534 = ORIENTED_EDGE('',*,*,#7498,.T.);
#7535 = ORIENTED_EDGE('',*,*,#7093,.T.);
#7536 = ORIENTED_EDGE('',*,*,#7537,.F.);
#7537 = EDGE_CURVE('',#6874,#7094,#7538,.T.);
#7538 = LINE('',#7539,#7540);
#7539 = CARTESIAN_POINT('',(163.32611291698,5.045333846864,0.));
#7540 = VECTOR('',#7541,1.);
#7541 = DIRECTION('',(0.,0.,1.));
#7542 = ORIENTED_EDGE('',*,*,#6873,.F.);
#7543 = CYLINDRICAL_SURFACE('',#7544,40.);
#7544 = AXIS2_PLACEMENT_3D('',#7545,#7546,#7547);
#7545 = CARTESIAN_POINT('',(145.29345324368,40.75,0.));
#7546 = DIRECTION('',(-0.,-0.,-1.));
#7547 = DIRECTION('',(0.,-1.,0.));
#7548 = ADVANCED_FACE('',(#7549),#7560,.T.);
#7549 = FACE_BOUND('',#7550,.T.);
#7550 = EDGE_LOOP('',(#7551,#7552,#7553,#7559));
#7551 = ORIENTED_EDGE('',*,*,#7537,.T.);
#7552 = ORIENTED_EDGE('',*,*,#7102,.T.);
#7553 = ORIENTED_EDGE('',*,*,#7554,.F.);
#7554 = EDGE_CURVE('',#6883,#7103,#7555,.T.);
#7555 = LINE('',#7556,#7557);
#7556 = CARTESIAN_POINT('',(247.75816491832,47.687784352593,0.));
#7557 = VECTOR('',#7558,1.);
#7558 = DIRECTION('',(0.,0.,1.));
#7559 = ORIENTED_EDGE('',*,*,#6882,.F.);
#7560 = PLANE('',#7561);
#7561 = AXIS2_PLACEMENT_3D('',#7562,#7563,#7564);
#7562 = CARTESIAN_POINT('',(163.32611291698,5.045333846864,0.));
#7563 = DIRECTION('',(-0.450816491833,0.892616653828,0.));
#7564 = DIRECTION('',(0.892616653828,0.450816491833,0.));
#7565 = ADVANCED_FACE('',(#7566),#7577,.F.);
#7566 = FACE_BOUND('',#7567,.T.);
#7567 = EDGE_LOOP('',(#7568,#7569,#7570,#7576));
#7568 = ORIENTED_EDGE('',*,*,#7554,.T.);
#7569 = ORIENTED_EDGE('',*,*,#7110,.T.);
#7570 = ORIENTED_EDGE('',*,*,#7571,.F.);
#7571 = EDGE_CURVE('',#6891,#7111,#7572,.T.);
#7572 = LINE('',#7573,#7574);
#7573 = CARTESIAN_POINT('',(253.25,56.613950890877,0.));
#7574 = VECTOR('',#7575,1.);
#7575 = DIRECTION('',(0.,0.,1.));
#7576 = ORIENTED_EDGE('',*,*,#6890,.F.);
#7577 = CYLINDRICAL_SURFACE('',#7578,10.);
#7578 = AXIS2_PLACEMENT_3D('',#7579,#7580,#7581);
#7579 = CARTESIAN_POINT('',(243.25,56.613950890877,0.));
#7580 = DIRECTION('',(-0.,-0.,-1.));
#7581 = DIRECTION('',(0.450816491833,-0.892616653828,0.));
#7582 = ADVANCED_FACE('',(#7583),#7594,.T.);
#7583 = FACE_BOUND('',#7584,.T.);
#7584 = EDGE_LOOP('',(#7585,#7586,#7587,#7593));
#7585 = ORIENTED_EDGE('',*,*,#7571,.T.);
#7586 = ORIENTED_EDGE('',*,*,#7119,.T.);
#7587 = ORIENTED_EDGE('',*,*,#7588,.F.);
#7588 = EDGE_CURVE('',#6900,#7120,#7589,.T.);
#7589 = LINE('',#7590,#7591);
#7590 = CARTESIAN_POINT('',(253.25,97.25,0.));
#7591 = VECTOR('',#7592,1.);
#7592 = DIRECTION('',(0.,0.,1.));
#7593 = ORIENTED_EDGE('',*,*,#6899,.F.);
#7594 = PLANE('',#7595);
#7595 = AXIS2_PLACEMENT_3D('',#7596,#7597,#7598);
#7596 = CARTESIAN_POINT('',(253.25,56.613950890877,0.));
#7597 = DIRECTION('',(-1.,0.,0.));
#7598 = DIRECTION('',(0.,1.,0.));
#7599 = ADVANCED_FACE('',(#7600),#7606,.F.);
#7600 = FACE_BOUND('',#7601,.T.);
#7601 = EDGE_LOOP('',(#7602,#7603,#7604,#7605));
#7602 = ORIENTED_EDGE('',*,*,#7588,.T.);
#7603 = ORIENTED_EDGE('',*,*,#7127,.T.);
#7604 = ORIENTED_EDGE('',*,*,#7151,.F.);
#7605 = ORIENTED_EDGE('',*,*,#6907,.F.);
#7606 = CYLINDRICAL_SURFACE('',#7607,2.);
#7607 = AXIS2_PLACEMENT_3D('',#7608,#7609,#7610);
#7608 = CARTESIAN_POINT('',(251.25,97.25,0.));
#7609 = DIRECTION('',(-0.,-0.,-1.));
#7610 = DIRECTION('',(1.,-1.42108547152E-14,0.));
#7611 = ADVANCED_FACE('',(#7612),#7623,.F.);
#7612 = FACE_BOUND('',#7613,.F.);
#7613 = EDGE_LOOP('',(#7614,#7615,#7621,#7622));
#7614 = ORIENTED_EDGE('',*,*,#7507,.F.);
#7615 = ORIENTED_EDGE('',*,*,#7616,.F.);
#7616 = EDGE_CURVE('',#7248,#7508,#7617,.T.);
#7617 = LINE('',#7618,#7619);
#7618 = CARTESIAN_POINT('',(130.,-3.,1.67805E+03));
#7619 = VECTOR('',#7620,1.);
#7620 = DIRECTION('',(0.,1.,0.));
#7621 = ORIENTED_EDGE('',*,*,#7247,.T.);
#7622 = ORIENTED_EDGE('',*,*,#7616,.T.);
#7623 = CYLINDRICAL_SURFACE('',#7624,2.05);
#7624 = AXIS2_PLACEMENT_3D('',#7625,#7626,#7627);
#7625 = CARTESIAN_POINT('',(130.,-3.,1.676E+03));
#7626 = DIRECTION('',(-0.,1.,0.));
#7627 = DIRECTION('',(0.,0.,1.));
#7628 = ADVANCED_FACE('',(#7629),#7640,.F.);
#7629 = FACE_BOUND('',#7630,.F.);
#7630 = EDGE_LOOP('',(#7631,#7632,#7638,#7639));
#7631 = ORIENTED_EDGE('',*,*,#7518,.F.);
#7632 = ORIENTED_EDGE('',*,*,#7633,.F.);
#7633 = EDGE_CURVE('',#7259,#7519,#7634,.T.);
#7634 = LINE('',#7635,#7636);
#7635 = CARTESIAN_POINT('',(130.,-3.,18.05));
#7636 = VECTOR('',#7637,1.);
#7637 = DIRECTION('',(0.,1.,0.));
#7638 = ORIENTED_EDGE('',*,*,#7258,.T.);
#7639 = ORIENTED_EDGE('',*,*,#7633,.T.);
#7640 = CYLINDRICAL_SURFACE('',#7641,2.05);
#7641 = AXIS2_PLACEMENT_3D('',#7642,#7643,#7644);
#7642 = CARTESIAN_POINT('',(130.,-3.,16.));
#7643 = DIRECTION('',(-0.,1.,0.));
#7644 = DIRECTION('',(0.,0.,1.));
#7645 = ( GEOMETRIC_REPRESENTATION_CONTEXT(3) 
GLOBAL_UNCERTAINTY_ASSIGNED_CONTEXT((#7649)) 
GLOBAL_UNIT_ASSIGNED_CONTEXT((#7646,#7647,#7648)) REPRESENTATION_CONTEXT
('Context #1','3D Context with UNIT and UNCERTAINTY') );
#7646 = ( LENGTH_UNIT() NAMED_UNIT(*) SI_UNIT(.MILLI.,.METRE.) );
#7647 = ( NAMED_UNIT(*) PLANE_ANGLE_UNIT() SI_UNIT($,.RADIAN.) );
#7648 = ( NAMED_UNIT(*) SI_UNIT($,.STERADIAN.) SOLID_ANGLE_UNIT() );
#7649 = UNCERTAINTY_MEASURE_WITH_UNIT(LENGTH_MEASURE(1.E-07),#7646,
  'distance_accuracy_value','confusion accuracy');
#7650 = CONTEXT_DEPENDENT_SHAPE_REPRESENTATION(#7651,#7653);
#7651 = ( REPRESENTATION_RELATIONSHIP('','',#6600,#10) 
REPRESENTATION_RELATIONSHIP_WITH_TRANSFORMATION(#7652) 
SHAPE_REPRESENTATION_RELATIONSHIP() );
#7652 = ITEM_DEFINED_TRANSFORMATION('','',#11,#55);
#7653 = PRODUCT_DEFINITION_SHAPE('Placement','Placement of an item',
  #7654);
#7654 = NEXT_ASSEMBLY_USAGE_OCCURRENCE('163','Polica_3','',#5,#6595,$);
#7655 = PRODUCT_RELATED_PRODUCT_CATEGORY('part',$,(#6597));
#7656 = SHAPE_DEFINITION_REPRESENTATION(#7657,#7663);
#7657 = PRODUCT_DEFINITION_SHAPE('','',#7658);
#7658 = PRODUCT_DEFINITION('design','',#7659,#7662);
#7659 = PRODUCT_DEFINITION_FORMATION('','',#7660);
#7660 = PRODUCT('Nosilec_4_L','Nosilec_4_L','',(#7661));
#7661 = PRODUCT_CONTEXT('',#2,'mechanical');
#7662 = PRODUCT_DEFINITION_CONTEXT('part definition',#2,'design');
#7663 = ADVANCED_BREP_SHAPE_REPRESENTATION('',(#11,#7664),#8067);
#7664 = MANIFOLD_SOLID_BREP('',#7665);
#7665 = CLOSED_SHELL('',(#7666,#7717,#7748,#7806,#7864,#7881,#7906,#7926
    ,#7965,#7982,#8021,#8033,#8050));
#7666 = ADVANCED_FACE('',(#7667,#7701),#7712,.T.);
#7667 = FACE_BOUND('',#7668,.T.);
#7668 = EDGE_LOOP('',(#7669,#7679,#7687,#7695));
#7669 = ORIENTED_EDGE('',*,*,#7670,.T.);
#7670 = EDGE_CURVE('',#7671,#7673,#7675,.T.);
#7671 = VERTEX_POINT('',#7672);
#7672 = CARTESIAN_POINT('',(40.,993.,0.));
#7673 = VERTEX_POINT('',#7674);
#7674 = CARTESIAN_POINT('',(40.,993.,180.));
#7675 = LINE('',#7676,#7677);
#7676 = CARTESIAN_POINT('',(40.,993.,0.));
#7677 = VECTOR('',#7678,1.);
#7678 = DIRECTION('',(0.,0.,1.));
#7679 = ORIENTED_EDGE('',*,*,#7680,.T.);
#7680 = EDGE_CURVE('',#7673,#7681,#7683,.T.);
#7681 = VERTEX_POINT('',#7682);
#7682 = CARTESIAN_POINT('',(4.,993.,180.));
#7683 = LINE('',#7684,#7685);
#7684 = CARTESIAN_POINT('',(4.,993.,180.));
#7685 = VECTOR('',#7686,1.);
#7686 = DIRECTION('',(-1.,-0.,-0.));
#7687 = ORIENTED_EDGE('',*,*,#7688,.F.);
#7688 = EDGE_CURVE('',#7689,#7681,#7691,.T.);
#7689 = VERTEX_POINT('',#7690);
#7690 = CARTESIAN_POINT('',(4.,993.,0.));
#7691 = LINE('',#7692,#7693);
#7692 = CARTESIAN_POINT('',(4.,993.,0.));
#7693 = VECTOR('',#7694,1.);
#7694 = DIRECTION('',(0.,0.,1.));
#7695 = ORIENTED_EDGE('',*,*,#7696,.F.);
#7696 = EDGE_CURVE('',#7671,#7689,#7697,.T.);
#7697 = LINE('',#7698,#7699);
#7698 = CARTESIAN_POINT('',(4.,993.,0.));
#7699 = VECTOR('',#7700,1.);
#7700 = DIRECTION('',(-1.,-0.,-0.));
#7701 = FACE_BOUND('',#7702,.T.);
#7702 = EDGE_LOOP('',(#7703));
#7703 = ORIENTED_EDGE('',*,*,#7704,.T.);
#7704 = EDGE_CURVE('',#7705,#7705,#7707,.T.);
#7705 = VERTEX_POINT('',#7706);
#7706 = CARTESIAN_POINT('',(20.,993.,92.05));
#7707 = CIRCLE('',#7708,2.05);
#7708 = AXIS2_PLACEMENT_3D('',#7709,#7710,#7711);
#7709 = CARTESIAN_POINT('',(20.,993.,90.));
#7710 = DIRECTION('',(-0.,1.,0.));
#7711 = DIRECTION('',(0.,0.,1.));
#7712 = PLANE('',#7713);
#7713 = AXIS2_PLACEMENT_3D('',#7714,#7715,#7716);
#7714 = CARTESIAN_POINT('',(40.,993.,0.));
#7715 = DIRECTION('',(0.,-1.,0.));
#7716 = DIRECTION('',(-1.,-0.,0.));
#7717 = ADVANCED_FACE('',(#7718),#7743,.T.);
#7718 = FACE_BOUND('',#7719,.T.);
#7719 = EDGE_LOOP('',(#7720,#7730,#7736,#7737));
#7720 = ORIENTED_EDGE('',*,*,#7721,.T.);
#7721 = EDGE_CURVE('',#7722,#7724,#7726,.T.);
#7722 = VERTEX_POINT('',#7723);
#7723 = CARTESIAN_POINT('',(40.,995.,0.));
#7724 = VERTEX_POINT('',#7725);
#7725 = CARTESIAN_POINT('',(40.,995.,180.));
#7726 = LINE('',#7727,#7728);
#7727 = CARTESIAN_POINT('',(40.,995.,0.));
#7728 = VECTOR('',#7729,1.);
#7729 = DIRECTION('',(0.,0.,1.));
#7730 = ORIENTED_EDGE('',*,*,#7731,.T.);
#7731 = EDGE_CURVE('',#7724,#7673,#7732,.T.);
#7732 = LINE('',#7733,#7734);
#7733 = CARTESIAN_POINT('',(40.,995.,180.));
#7734 = VECTOR('',#7735,1.);
#7735 = DIRECTION('',(0.,-1.,0.));
#7736 = ORIENTED_EDGE('',*,*,#7670,.F.);
#7737 = ORIENTED_EDGE('',*,*,#7738,.F.);
#7738 = EDGE_CURVE('',#7722,#7671,#7739,.T.);
#7739 = LINE('',#7740,#7741);
#7740 = CARTESIAN_POINT('',(40.,995.,0.));
#7741 = VECTOR('',#7742,1.);
#7742 = DIRECTION('',(0.,-1.,0.));
#7743 = PLANE('',#7744);
#7744 = AXIS2_PLACEMENT_3D('',#7745,#7746,#7747);
#7745 = CARTESIAN_POINT('',(40.,995.,0.));
#7746 = DIRECTION('',(1.,0.,-0.));
#7747 = DIRECTION('',(0.,-1.,0.));
#7748 = ADVANCED_FACE('',(#7749),#7801,.T.);
#7749 = FACE_BOUND('',#7750,.T.);
#7750 = EDGE_LOOP('',(#7751,#7752,#7761,#7769,#7777,#7785,#7794,#7800));
#7751 = ORIENTED_EDGE('',*,*,#7696,.T.);
#7752 = ORIENTED_EDGE('',*,*,#7753,.T.);
#7753 = EDGE_CURVE('',#7689,#7754,#7756,.T.);
#7754 = VERTEX_POINT('',#7755);
#7755 = CARTESIAN_POINT('',(2.,991.,0.));
#7756 = CIRCLE('',#7757,2.);
#7757 = AXIS2_PLACEMENT_3D('',#7758,#7759,#7760);
#7758 = CARTESIAN_POINT('',(4.,991.,0.));
#7759 = DIRECTION('',(0.,-0.,1.));
#7760 = DIRECTION('',(-1.,0.,0.));
#7761 = ORIENTED_EDGE('',*,*,#7762,.T.);
#7762 = EDGE_CURVE('',#7754,#7763,#7765,.T.);
#7763 = VERTEX_POINT('',#7764);
#7764 = CARTESIAN_POINT('',(2.,955.,0.));
#7765 = LINE('',#7766,#7767);
#7766 = CARTESIAN_POINT('',(2.,955.,0.));
#7767 = VECTOR('',#7768,1.);
#7768 = DIRECTION('',(-0.,-1.,-0.));
#7769 = ORIENTED_EDGE('',*,*,#7770,.T.);
#7770 = EDGE_CURVE('',#7763,#7771,#7773,.T.);
#7771 = VERTEX_POINT('',#7772);
#7772 = CARTESIAN_POINT('',(0.,955.,0.));
#7773 = LINE('',#7774,#7775);
#7774 = CARTESIAN_POINT('',(0.,955.,0.));
#7775 = VECTOR('',#7776,1.);
#7776 = DIRECTION('',(-1.,-0.,-0.));
#7777 = ORIENTED_EDGE('',*,*,#7778,.T.);
#7778 = EDGE_CURVE('',#7771,#7779,#7781,.T.);
#7779 = VERTEX_POINT('',#7780);
#7780 = CARTESIAN_POINT('',(-1.132427485118E-14,991.,0.));
#7781 = LINE('',#7782,#7783);
#7782 = CARTESIAN_POINT('',(0.,955.,0.));
#7783 = VECTOR('',#7784,1.);
#7784 = DIRECTION('',(0.,1.,0.));
#7785 = ORIENTED_EDGE('',*,*,#7786,.T.);
#7786 = EDGE_CURVE('',#7779,#7787,#7789,.T.);
#7787 = VERTEX_POINT('',#7788);
#7788 = CARTESIAN_POINT('',(4.,995.,0.));
#7789 = CIRCLE('',#7790,4.);
#7790 = AXIS2_PLACEMENT_3D('',#7791,#7792,#7793);
#7791 = CARTESIAN_POINT('',(4.,991.,0.));
#7792 = DIRECTION('',(0.,0.,-1.));
#7793 = DIRECTION('',(-1.,0.,0.));
#7794 = ORIENTED_EDGE('',*,*,#7795,.T.);
#7795 = EDGE_CURVE('',#7787,#7722,#7796,.T.);
#7796 = LINE('',#7797,#7798);
#7797 = CARTESIAN_POINT('',(4.,995.,0.));
#7798 = VECTOR('',#7799,1.);
#7799 = DIRECTION('',(1.,0.,0.));
#7800 = ORIENTED_EDGE('',*,*,#7738,.T.);
#7801 = PLANE('',#7802);
#7802 = AXIS2_PLACEMENT_3D('',#7803,#7804,#7805);
#7803 = CARTESIAN_POINT('',(11.161832513452,983.83816748654,0.));
#7804 = DIRECTION('',(-0.,-0.,-1.));
#7805 = DIRECTION('',(-1.,0.,0.));
#7806 = ADVANCED_FACE('',(#7807),#7859,.F.);
#7807 = FACE_BOUND('',#7808,.F.);
#7808 = EDGE_LOOP('',(#7809,#7810,#7819,#7827,#7835,#7843,#7852,#7858));
#7809 = ORIENTED_EDGE('',*,*,#7680,.T.);
#7810 = ORIENTED_EDGE('',*,*,#7811,.T.);
#7811 = EDGE_CURVE('',#7681,#7812,#7814,.T.);
#7812 = VERTEX_POINT('',#7813);
#7813 = CARTESIAN_POINT('',(2.,991.,180.));
#7814 = CIRCLE('',#7815,2.);
#7815 = AXIS2_PLACEMENT_3D('',#7816,#7817,#7818);
#7816 = CARTESIAN_POINT('',(4.,991.,180.));
#7817 = DIRECTION('',(0.,-0.,1.));
#7818 = DIRECTION('',(-1.,0.,0.));
#7819 = ORIENTED_EDGE('',*,*,#7820,.T.);
#7820 = EDGE_CURVE('',#7812,#7821,#7823,.T.);
#7821 = VERTEX_POINT('',#7822);
#7822 = CARTESIAN_POINT('',(2.,955.,180.));
#7823 = LINE('',#7824,#7825);
#7824 = CARTESIAN_POINT('',(2.,955.,180.));
#7825 = VECTOR('',#7826,1.);
#7826 = DIRECTION('',(-0.,-1.,-0.));
#7827 = ORIENTED_EDGE('',*,*,#7828,.T.);
#7828 = EDGE_CURVE('',#7821,#7829,#7831,.T.);
#7829 = VERTEX_POINT('',#7830);
#7830 = CARTESIAN_POINT('',(0.,955.,180.));
#7831 = LINE('',#7832,#7833);
#7832 = CARTESIAN_POINT('',(0.,955.,180.));
#7833 = VECTOR('',#7834,1.);
#7834 = DIRECTION('',(-1.,-0.,-0.));
#7835 = ORIENTED_EDGE('',*,*,#7836,.T.);
#7836 = EDGE_CURVE('',#7829,#7837,#7839,.T.);
#7837 = VERTEX_POINT('',#7838);
#7838 = CARTESIAN_POINT('',(-1.132427485118E-14,991.,180.));
#7839 = LINE('',#7840,#7841);
#7840 = CARTESIAN_POINT('',(0.,955.,180.));
#7841 = VECTOR('',#7842,1.);
#7842 = DIRECTION('',(0.,1.,0.));
#7843 = ORIENTED_EDGE('',*,*,#7844,.T.);
#7844 = EDGE_CURVE('',#7837,#7845,#7847,.T.);
#7845 = VERTEX_POINT('',#7846);
#7846 = CARTESIAN_POINT('',(4.,995.,180.));
#7847 = CIRCLE('',#7848,4.);
#7848 = AXIS2_PLACEMENT_3D('',#7849,#7850,#7851);
#7849 = CARTESIAN_POINT('',(4.,991.,180.));
#7850 = DIRECTION('',(0.,0.,-1.));
#7851 = DIRECTION('',(-1.,0.,0.));
#7852 = ORIENTED_EDGE('',*,*,#7853,.T.);
#7853 = EDGE_CURVE('',#7845,#7724,#7854,.T.);
#7854 = LINE('',#7855,#7856);
#7855 = CARTESIAN_POINT('',(4.,995.,180.));
#7856 = VECTOR('',#7857,1.);
#7857 = DIRECTION('',(1.,0.,0.));
#7858 = ORIENTED_EDGE('',*,*,#7731,.T.);
#7859 = PLANE('',#7860);
#7860 = AXIS2_PLACEMENT_3D('',#7861,#7862,#7863);
#7861 = CARTESIAN_POINT('',(11.161832513452,983.83816748654,180.));
#7862 = DIRECTION('',(-0.,-0.,-1.));
#7863 = DIRECTION('',(-1.,0.,0.));
#7864 = ADVANCED_FACE('',(#7865),#7876,.F.);
#7865 = FACE_BOUND('',#7866,.T.);
#7866 = EDGE_LOOP('',(#7867,#7868,#7869,#7875));
#7867 = ORIENTED_EDGE('',*,*,#7688,.T.);
#7868 = ORIENTED_EDGE('',*,*,#7811,.T.);
#7869 = ORIENTED_EDGE('',*,*,#7870,.F.);
#7870 = EDGE_CURVE('',#7754,#7812,#7871,.T.);
#7871 = LINE('',#7872,#7873);
#7872 = CARTESIAN_POINT('',(2.,991.,0.));
#7873 = VECTOR('',#7874,1.);
#7874 = DIRECTION('',(0.,0.,1.));
#7875 = ORIENTED_EDGE('',*,*,#7753,.F.);
#7876 = CYLINDRICAL_SURFACE('',#7877,2.);
#7877 = AXIS2_PLACEMENT_3D('',#7878,#7879,#7880);
#7878 = CARTESIAN_POINT('',(4.,991.,0.));
#7879 = DIRECTION('',(-0.,0.,-1.));
#7880 = DIRECTION('',(-1.,0.,0.));
#7881 = ADVANCED_FACE('',(#7882),#7901,.F.);
#7882 = FACE_BOUND('',#7883,.F.);
#7883 = EDGE_LOOP('',(#7884,#7893,#7899,#7900));
#7884 = ORIENTED_EDGE('',*,*,#7885,.F.);
#7885 = EDGE_CURVE('',#7886,#7886,#7888,.T.);
#7886 = VERTEX_POINT('',#7887);
#7887 = CARTESIAN_POINT('',(20.,995.,92.05));
#7888 = CIRCLE('',#7889,2.05);
#7889 = AXIS2_PLACEMENT_3D('',#7890,#7891,#7892);
#7890 = CARTESIAN_POINT('',(20.,995.,90.));
#7891 = DIRECTION('',(-0.,1.,0.));
#7892 = DIRECTION('',(0.,0.,1.));
#7893 = ORIENTED_EDGE('',*,*,#7894,.F.);
#7894 = EDGE_CURVE('',#7705,#7886,#7895,.T.);
#7895 = LINE('',#7896,#7897);
#7896 = CARTESIAN_POINT('',(20.,990.,92.05));
#7897 = VECTOR('',#7898,1.);
#7898 = DIRECTION('',(0.,1.,0.));
#7899 = ORIENTED_EDGE('',*,*,#7704,.T.);
#7900 = ORIENTED_EDGE('',*,*,#7894,.T.);
#7901 = CYLINDRICAL_SURFACE('',#7902,2.05);
#7902 = AXIS2_PLACEMENT_3D('',#7903,#7904,#7905);
#7903 = CARTESIAN_POINT('',(20.,990.,90.));
#7904 = DIRECTION('',(-0.,1.,0.));
#7905 = DIRECTION('',(0.,0.,1.));
#7906 = ADVANCED_FACE('',(#7907,#7918),#7921,.T.);
#7907 = FACE_BOUND('',#7908,.T.);
#7908 = EDGE_LOOP('',(#7909,#7915,#7916,#7917));
#7909 = ORIENTED_EDGE('',*,*,#7910,.T.);
#7910 = EDGE_CURVE('',#7787,#7845,#7911,.T.);
#7911 = LINE('',#7912,#7913);
#7912 = CARTESIAN_POINT('',(4.,995.,0.));
#7913 = VECTOR('',#7914,1.);
#7914 = DIRECTION('',(0.,0.,1.));
#7915 = ORIENTED_EDGE('',*,*,#7853,.T.);
#7916 = ORIENTED_EDGE('',*,*,#7721,.F.);
#7917 = ORIENTED_EDGE('',*,*,#7795,.F.);
#7918 = FACE_BOUND('',#7919,.T.);
#7919 = EDGE_LOOP('',(#7920));
#7920 = ORIENTED_EDGE('',*,*,#7885,.F.);
#7921 = PLANE('',#7922);
#7922 = AXIS2_PLACEMENT_3D('',#7923,#7924,#7925);
#7923 = CARTESIAN_POINT('',(4.,995.,0.));
#7924 = DIRECTION('',(0.,1.,0.));
#7925 = DIRECTION('',(1.,0.,0.));
#7926 = ADVANCED_FACE('',(#7927,#7938,#7949),#7960,.T.);
#7927 = FACE_BOUND('',#7928,.T.);
#7928 = EDGE_LOOP('',(#7929,#7930,#7931,#7937));
#7929 = ORIENTED_EDGE('',*,*,#7870,.T.);
#7930 = ORIENTED_EDGE('',*,*,#7820,.T.);
#7931 = ORIENTED_EDGE('',*,*,#7932,.F.);
#7932 = EDGE_CURVE('',#7763,#7821,#7933,.T.);
#7933 = LINE('',#7934,#7935);
#7934 = CARTESIAN_POINT('',(2.,955.,0.));
#7935 = VECTOR('',#7936,1.);
#7936 = DIRECTION('',(0.,0.,1.));
#7937 = ORIENTED_EDGE('',*,*,#7762,.F.);
#7938 = FACE_BOUND('',#7939,.T.);
#7939 = EDGE_LOOP('',(#7940));
#7940 = ORIENTED_EDGE('',*,*,#7941,.T.);
#7941 = EDGE_CURVE('',#7942,#7942,#7944,.T.);
#7942 = VERTEX_POINT('',#7943);
#7943 = CARTESIAN_POINT('',(2.,975.,147.95));
#7944 = CIRCLE('',#7945,2.05);
#7945 = AXIS2_PLACEMENT_3D('',#7946,#7947,#7948);
#7946 = CARTESIAN_POINT('',(2.,975.,150.));
#7947 = DIRECTION('',(-1.,0.,0.));
#7948 = DIRECTION('',(0.,0.,-1.));
#7949 = FACE_BOUND('',#7950,.T.);
#7950 = EDGE_LOOP('',(#7951));
#7951 = ORIENTED_EDGE('',*,*,#7952,.T.);
#7952 = EDGE_CURVE('',#7953,#7953,#7955,.T.);
#7953 = VERTEX_POINT('',#7954);
#7954 = CARTESIAN_POINT('',(2.,975.,27.95));
#7955 = CIRCLE('',#7956,2.05);
#7956 = AXIS2_PLACEMENT_3D('',#7957,#7958,#7959);
#7957 = CARTESIAN_POINT('',(2.,975.,30.));
#7958 = DIRECTION('',(-1.,0.,0.));
#7959 = DIRECTION('',(0.,0.,-1.));
#7960 = PLANE('',#7961);
#7961 = AXIS2_PLACEMENT_3D('',#7962,#7963,#7964);
#7962 = CARTESIAN_POINT('',(2.,991.,0.));
#7963 = DIRECTION('',(1.,0.,0.));
#7964 = DIRECTION('',(0.,-1.,0.));
#7965 = ADVANCED_FACE('',(#7966),#7977,.T.);
#7966 = FACE_BOUND('',#7967,.T.);
#7967 = EDGE_LOOP('',(#7968,#7969,#7970,#7976));
#7968 = ORIENTED_EDGE('',*,*,#7932,.T.);
#7969 = ORIENTED_EDGE('',*,*,#7828,.T.);
#7970 = ORIENTED_EDGE('',*,*,#7971,.F.);
#7971 = EDGE_CURVE('',#7771,#7829,#7972,.T.);
#7972 = LINE('',#7973,#7974);
#7973 = CARTESIAN_POINT('',(0.,955.,0.));
#7974 = VECTOR('',#7975,1.);
#7975 = DIRECTION('',(0.,0.,1.));
#7976 = ORIENTED_EDGE('',*,*,#7770,.F.);
#7977 = PLANE('',#7978);
#7978 = AXIS2_PLACEMENT_3D('',#7979,#7980,#7981);
#7979 = CARTESIAN_POINT('',(2.,955.,0.));
#7980 = DIRECTION('',(0.,-1.,0.));
#7981 = DIRECTION('',(-1.,-0.,0.));
#7982 = ADVANCED_FACE('',(#7983,#7994,#8005),#8016,.T.);
#7983 = FACE_BOUND('',#7984,.T.);
#7984 = EDGE_LOOP('',(#7985,#7986,#7987,#7993));
#7985 = ORIENTED_EDGE('',*,*,#7971,.T.);
#7986 = ORIENTED_EDGE('',*,*,#7836,.T.);
#7987 = ORIENTED_EDGE('',*,*,#7988,.F.);
#7988 = EDGE_CURVE('',#7779,#7837,#7989,.T.);
#7989 = LINE('',#7990,#7991);
#7990 = CARTESIAN_POINT('',(-1.132427485118E-14,991.,0.));
#7991 = VECTOR('',#7992,1.);
#7992 = DIRECTION('',(0.,0.,1.));
#7993 = ORIENTED_EDGE('',*,*,#7778,.F.);
#7994 = FACE_BOUND('',#7995,.T.);
#7995 = EDGE_LOOP('',(#7996));
#7996 = ORIENTED_EDGE('',*,*,#7997,.F.);
#7997 = EDGE_CURVE('',#7998,#7998,#8000,.T.);
#7998 = VERTEX_POINT('',#7999);
#7999 = CARTESIAN_POINT('',(0.,975.,147.95));
#8000 = CIRCLE('',#8001,2.05);
#8001 = AXIS2_PLACEMENT_3D('',#8002,#8003,#8004);
#8002 = CARTESIAN_POINT('',(0.,975.,150.));
#8003 = DIRECTION('',(-1.,0.,0.));
#8004 = DIRECTION('',(0.,0.,-1.));
#8005 = FACE_BOUND('',#8006,.T.);
#8006 = EDGE_LOOP('',(#8007));
#8007 = ORIENTED_EDGE('',*,*,#8008,.F.);
#8008 = EDGE_CURVE('',#8009,#8009,#8011,.T.);
#8009 = VERTEX_POINT('',#8010);
#8010 = CARTESIAN_POINT('',(0.,975.,27.95));
#8011 = CIRCLE('',#8012,2.05);
#8012 = AXIS2_PLACEMENT_3D('',#8013,#8014,#8015);
#8013 = CARTESIAN_POINT('',(0.,975.,30.));
#8014 = DIRECTION('',(-1.,0.,0.));
#8015 = DIRECTION('',(0.,0.,-1.));
#8016 = PLANE('',#8017);
#8017 = AXIS2_PLACEMENT_3D('',#8018,#8019,#8020);
#8018 = CARTESIAN_POINT('',(0.,955.,0.));
#8019 = DIRECTION('',(-1.,0.,0.));
#8020 = DIRECTION('',(0.,1.,0.));
#8021 = ADVANCED_FACE('',(#8022),#8028,.T.);
#8022 = FACE_BOUND('',#8023,.T.);
#8023 = EDGE_LOOP('',(#8024,#8025,#8026,#8027));
#8024 = ORIENTED_EDGE('',*,*,#7988,.T.);
#8025 = ORIENTED_EDGE('',*,*,#7844,.T.);
#8026 = ORIENTED_EDGE('',*,*,#7910,.F.);
#8027 = ORIENTED_EDGE('',*,*,#7786,.F.);
#8028 = CYLINDRICAL_SURFACE('',#8029,4.);
#8029 = AXIS2_PLACEMENT_3D('',#8030,#8031,#8032);
#8030 = CARTESIAN_POINT('',(4.,991.,0.));
#8031 = DIRECTION('',(0.,0.,-1.));
#8032 = DIRECTION('',(-1.,0.,0.));
#8033 = ADVANCED_FACE('',(#8034),#8045,.F.);
#8034 = FACE_BOUND('',#8035,.F.);
#8035 = EDGE_LOOP('',(#8036,#8037,#8043,#8044));
#8036 = ORIENTED_EDGE('',*,*,#7997,.F.);
#8037 = ORIENTED_EDGE('',*,*,#8038,.F.);
#8038 = EDGE_CURVE('',#7942,#7998,#8039,.T.);
#8039 = LINE('',#8040,#8041);
#8040 = CARTESIAN_POINT('',(5.,975.,147.95));
#8041 = VECTOR('',#8042,1.);
#8042 = DIRECTION('',(-1.,0.,0.));
#8043 = ORIENTED_EDGE('',*,*,#7941,.T.);
#8044 = ORIENTED_EDGE('',*,*,#8038,.T.);
#8045 = CYLINDRICAL_SURFACE('',#8046,2.05);
#8046 = AXIS2_PLACEMENT_3D('',#8047,#8048,#8049);
#8047 = CARTESIAN_POINT('',(5.,975.,150.));
#8048 = DIRECTION('',(-1.,0.,0.));
#8049 = DIRECTION('',(0.,0.,-1.));
#8050 = ADVANCED_FACE('',(#8051),#8062,.F.);
#8051 = FACE_BOUND('',#8052,.F.);
#8052 = EDGE_LOOP('',(#8053,#8054,#8060,#8061));
#8053 = ORIENTED_EDGE('',*,*,#8008,.F.);
#8054 = ORIENTED_EDGE('',*,*,#8055,.F.);
#8055 = EDGE_CURVE('',#7953,#8009,#8056,.T.);
#8056 = LINE('',#8057,#8058);
#8057 = CARTESIAN_POINT('',(5.,975.,27.95));
#8058 = VECTOR('',#8059,1.);
#8059 = DIRECTION('',(-1.,0.,0.));
#8060 = ORIENTED_EDGE('',*,*,#7952,.T.);
#8061 = ORIENTED_EDGE('',*,*,#8055,.T.);
#8062 = CYLINDRICAL_SURFACE('',#8063,2.05);
#8063 = AXIS2_PLACEMENT_3D('',#8064,#8065,#8066);
#8064 = CARTESIAN_POINT('',(5.,975.,30.));
#8065 = DIRECTION('',(-1.,0.,0.));
#8066 = DIRECTION('',(0.,0.,-1.));
#8067 = ( GEOMETRIC_REPRESENTATION_CONTEXT(3) 
GLOBAL_UNCERTAINTY_ASSIGNED_CONTEXT((#8071)) 
GLOBAL_UNIT_ASSIGNED_CONTEXT((#8068,#8069,#8070)) REPRESENTATION_CONTEXT
('Context #1','3D Context with UNIT and UNCERTAINTY') );
#8068 = ( LENGTH_UNIT() NAMED_UNIT(*) SI_UNIT(.MILLI.,.METRE.) );
#8069 = ( NAMED_UNIT(*) PLANE_ANGLE_UNIT() SI_UNIT($,.RADIAN.) );
#8070 = ( NAMED_UNIT(*) SI_UNIT($,.STERADIAN.) SOLID_ANGLE_UNIT() );
#8071 = UNCERTAINTY_MEASURE_WITH_UNIT(LENGTH_MEASURE(1.E-07),#8068,
  'distance_accuracy_value','confusion accuracy');
#8072 = CONTEXT_DEPENDENT_SHAPE_REPRESENTATION(#8073,#8075);
#8073 = ( REPRESENTATION_RELATIONSHIP('','',#7663,#10) 
REPRESENTATION_RELATIONSHIP_WITH_TRANSFORMATION(#8074) 
SHAPE_REPRESENTATION_RELATIONSHIP() );
#8074 = ITEM_DEFINED_TRANSFORMATION('','',#11,#59);
#8075 = PRODUCT_DEFINITION_SHAPE('Placement','Placement of an item',
  #8076);
#8076 = NEXT_ASSEMBLY_USAGE_OCCURRENCE('164','Nosilec_4_L','',#5,#7658,$
  );
#8077 = PRODUCT_RELATED_PRODUCT_CATEGORY('part',$,(#7660));
#8078 = SHAPE_DEFINITION_REPRESENTATION(#8079,#8085);
#8079 = PRODUCT_DEFINITION_SHAPE('','',#8080);
#8080 = PRODUCT_DEFINITION('design','',#8081,#8084);
#8081 = PRODUCT_DEFINITION_FORMATION('','',#8082);
#8082 = PRODUCT('Nosilec_4_D','Nosilec_4_D','',(#8083));
#8083 = PRODUCT_CONTEXT('',#2,'mechanical');
#8084 = PRODUCT_DEFINITION_CONTEXT('part definition',#2,'design');
#8085 = ADVANCED_BREP_SHAPE_REPRESENTATION('',(#11,#8086),#8489);
#8086 = MANIFOLD_SOLID_BREP('',#8087);
#8087 = CLOSED_SHELL('',(#8088,#8139,#8170,#8228,#8286,#8303,#8328,#8348
    ,#8387,#8404,#8443,#8455,#8472));
#8088 = ADVANCED_FACE('',(#8089,#8123),#8134,.T.);
#8089 = FACE_BOUND('',#8090,.F.);
#8090 = EDGE_LOOP('',(#8091,#8101,#8109,#8117));
#8091 = ORIENTED_EDGE('',*,*,#8092,.T.);
#8092 = EDGE_CURVE('',#8093,#8095,#8097,.T.);
#8093 = VERTEX_POINT('',#8094);
#8094 = CARTESIAN_POINT('',(1.66E+03,993.,0.));
#8095 = VERTEX_POINT('',#8096);
#8096 = CARTESIAN_POINT('',(1.66E+03,993.,180.));
#8097 = LINE('',#8098,#8099);
#8098 = CARTESIAN_POINT('',(1.66E+03,993.,0.));
#8099 = VECTOR('',#8100,1.);
#8100 = DIRECTION('',(-0.,-0.,1.));
#8101 = ORIENTED_EDGE('',*,*,#8102,.T.);
#8102 = EDGE_CURVE('',#8095,#8103,#8105,.T.);
#8103 = VERTEX_POINT('',#8104);
#8104 = CARTESIAN_POINT('',(1.696E+03,993.,180.));
#8105 = LINE('',#8106,#8107);
#8106 = CARTESIAN_POINT('',(1.696E+03,993.,180.));
#8107 = VECTOR('',#8108,1.);
#8108 = DIRECTION('',(1.,-0.,-0.));
#8109 = ORIENTED_EDGE('',*,*,#8110,.F.);
#8110 = EDGE_CURVE('',#8111,#8103,#8113,.T.);
#8111 = VERTEX_POINT('',#8112);
#8112 = CARTESIAN_POINT('',(1.696E+03,993.,0.));
#8113 = LINE('',#8114,#8115);
#8114 = CARTESIAN_POINT('',(1.696E+03,993.,0.));
#8115 = VECTOR('',#8116,1.);
#8116 = DIRECTION('',(-0.,-0.,1.));
#8117 = ORIENTED_EDGE('',*,*,#8118,.F.);
#8118 = EDGE_CURVE('',#8093,#8111,#8119,.T.);
#8119 = LINE('',#8120,#8121);
#8120 = CARTESIAN_POINT('',(1.696E+03,993.,0.));
#8121 = VECTOR('',#8122,1.);
#8122 = DIRECTION('',(1.,-0.,-0.));
#8123 = FACE_BOUND('',#8124,.F.);
#8124 = EDGE_LOOP('',(#8125));
#8125 = ORIENTED_EDGE('',*,*,#8126,.T.);
#8126 = EDGE_CURVE('',#8127,#8127,#8129,.T.);
#8127 = VERTEX_POINT('',#8128);
#8128 = CARTESIAN_POINT('',(1.68E+03,993.,92.05));
#8129 = CIRCLE('',#8130,2.05);
#8130 = AXIS2_PLACEMENT_3D('',#8131,#8132,#8133);
#8131 = CARTESIAN_POINT('',(1.68E+03,993.,90.));
#8132 = DIRECTION('',(0.,-1.,0.));
#8133 = DIRECTION('',(-0.,-0.,1.));
#8134 = PLANE('',#8135);
#8135 = AXIS2_PLACEMENT_3D('',#8136,#8137,#8138);
#8136 = CARTESIAN_POINT('',(1.66E+03,993.,0.));
#8137 = DIRECTION('',(-0.,-1.,-0.));
#8138 = DIRECTION('',(-1.,0.,-0.));
#8139 = ADVANCED_FACE('',(#8140),#8165,.T.);
#8140 = FACE_BOUND('',#8141,.F.);
#8141 = EDGE_LOOP('',(#8142,#8152,#8158,#8159));
#8142 = ORIENTED_EDGE('',*,*,#8143,.T.);
#8143 = EDGE_CURVE('',#8144,#8146,#8148,.T.);
#8144 = VERTEX_POINT('',#8145);
#8145 = CARTESIAN_POINT('',(1.66E+03,995.,0.));
#8146 = VERTEX_POINT('',#8147);
#8147 = CARTESIAN_POINT('',(1.66E+03,995.,180.));
#8148 = LINE('',#8149,#8150);
#8149 = CARTESIAN_POINT('',(1.66E+03,995.,0.));
#8150 = VECTOR('',#8151,1.);
#8151 = DIRECTION('',(-0.,-0.,1.));
#8152 = ORIENTED_EDGE('',*,*,#8153,.T.);
#8153 = EDGE_CURVE('',#8146,#8095,#8154,.T.);
#8154 = LINE('',#8155,#8156);
#8155 = CARTESIAN_POINT('',(1.66E+03,995.,180.));
#8156 = VECTOR('',#8157,1.);
#8157 = DIRECTION('',(-0.,-1.,-0.));
#8158 = ORIENTED_EDGE('',*,*,#8092,.F.);
#8159 = ORIENTED_EDGE('',*,*,#8160,.F.);
#8160 = EDGE_CURVE('',#8144,#8093,#8161,.T.);
#8161 = LINE('',#8162,#8163);
#8162 = CARTESIAN_POINT('',(1.66E+03,995.,0.));
#8163 = VECTOR('',#8164,1.);
#8164 = DIRECTION('',(-0.,-1.,-0.));
#8165 = PLANE('',#8166);
#8166 = AXIS2_PLACEMENT_3D('',#8167,#8168,#8169);
#8167 = CARTESIAN_POINT('',(1.66E+03,995.,0.));
#8168 = DIRECTION('',(-1.,-0.,-0.));
#8169 = DIRECTION('',(0.,1.,0.));
#8170 = ADVANCED_FACE('',(#8171),#8223,.T.);
#8171 = FACE_BOUND('',#8172,.F.);
#8172 = EDGE_LOOP('',(#8173,#8174,#8183,#8191,#8199,#8207,#8216,#8222));
#8173 = ORIENTED_EDGE('',*,*,#8118,.T.);
#8174 = ORIENTED_EDGE('',*,*,#8175,.T.);
#8175 = EDGE_CURVE('',#8111,#8176,#8178,.T.);
#8176 = VERTEX_POINT('',#8177);
#8177 = CARTESIAN_POINT('',(1.698E+03,991.,0.));
#8178 = CIRCLE('',#8179,2.);
#8179 = AXIS2_PLACEMENT_3D('',#8180,#8181,#8182);
#8180 = CARTESIAN_POINT('',(1.696E+03,991.,0.));
#8181 = DIRECTION('',(0.,0.,-1.));
#8182 = DIRECTION('',(1.,-0.,-0.));
#8183 = ORIENTED_EDGE('',*,*,#8184,.T.);
#8184 = EDGE_CURVE('',#8176,#8185,#8187,.T.);
#8185 = VERTEX_POINT('',#8186);
#8186 = CARTESIAN_POINT('',(1.698E+03,955.,0.));
#8187 = LINE('',#8188,#8189);
#8188 = CARTESIAN_POINT('',(1.698E+03,955.,0.));
#8189 = VECTOR('',#8190,1.);
#8190 = DIRECTION('',(0.,-1.,-0.));
#8191 = ORIENTED_EDGE('',*,*,#8192,.T.);
#8192 = EDGE_CURVE('',#8185,#8193,#8195,.T.);
#8193 = VERTEX_POINT('',#8194);
#8194 = CARTESIAN_POINT('',(1.7E+03,955.,0.));
#8195 = LINE('',#8196,#8197);
#8196 = CARTESIAN_POINT('',(1.7E+03,955.,0.));
#8197 = VECTOR('',#8198,1.);
#8198 = DIRECTION('',(1.,-0.,-0.));
#8199 = ORIENTED_EDGE('',*,*,#8200,.T.);
#8200 = EDGE_CURVE('',#8193,#8201,#8203,.T.);
#8201 = VERTEX_POINT('',#8202);
#8202 = CARTESIAN_POINT('',(1.7E+03,991.,0.));
#8203 = LINE('',#8204,#8205);
#8204 = CARTESIAN_POINT('',(1.7E+03,955.,0.));
#8205 = VECTOR('',#8206,1.);
#8206 = DIRECTION('',(-0.,1.,-0.));
#8207 = ORIENTED_EDGE('',*,*,#8208,.T.);
#8208 = EDGE_CURVE('',#8201,#8209,#8211,.T.);
#8209 = VERTEX_POINT('',#8210);
#8210 = CARTESIAN_POINT('',(1.696E+03,995.,0.));
#8211 = CIRCLE('',#8212,4.);
#8212 = AXIS2_PLACEMENT_3D('',#8213,#8214,#8215);
#8213 = CARTESIAN_POINT('',(1.696E+03,991.,0.));
#8214 = DIRECTION('',(0.,0.,1.));
#8215 = DIRECTION('',(1.,-0.,-0.));
#8216 = ORIENTED_EDGE('',*,*,#8217,.T.);
#8217 = EDGE_CURVE('',#8209,#8144,#8218,.T.);
#8218 = LINE('',#8219,#8220);
#8219 = CARTESIAN_POINT('',(1.696E+03,995.,0.));
#8220 = VECTOR('',#8221,1.);
#8221 = DIRECTION('',(-1.,-0.,-0.));
#8222 = ORIENTED_EDGE('',*,*,#8160,.T.);
#8223 = PLANE('',#8224);
#8224 = AXIS2_PLACEMENT_3D('',#8225,#8226,#8227);
#8225 = CARTESIAN_POINT('',(1.688838167487E+03,983.83816748654,0.));
#8226 = DIRECTION('',(0.,-0.,-1.));
#8227 = DIRECTION('',(-1.,0.,0.));
#8228 = ADVANCED_FACE('',(#8229),#8281,.F.);
#8229 = FACE_BOUND('',#8230,.T.);
#8230 = EDGE_LOOP('',(#8231,#8232,#8241,#8249,#8257,#8265,#8274,#8280));
#8231 = ORIENTED_EDGE('',*,*,#8102,.T.);
#8232 = ORIENTED_EDGE('',*,*,#8233,.T.);
#8233 = EDGE_CURVE('',#8103,#8234,#8236,.T.);
#8234 = VERTEX_POINT('',#8235);
#8235 = CARTESIAN_POINT('',(1.698E+03,991.,180.));
#8236 = CIRCLE('',#8237,2.);
#8237 = AXIS2_PLACEMENT_3D('',#8238,#8239,#8240);
#8238 = CARTESIAN_POINT('',(1.696E+03,991.,180.));
#8239 = DIRECTION('',(0.,0.,-1.));
#8240 = DIRECTION('',(1.,-0.,-0.));
#8241 = ORIENTED_EDGE('',*,*,#8242,.T.);
#8242 = EDGE_CURVE('',#8234,#8243,#8245,.T.);
#8243 = VERTEX_POINT('',#8244);
#8244 = CARTESIAN_POINT('',(1.698E+03,955.,180.));
#8245 = LINE('',#8246,#8247);
#8246 = CARTESIAN_POINT('',(1.698E+03,955.,180.));
#8247 = VECTOR('',#8248,1.);
#8248 = DIRECTION('',(0.,-1.,-0.));
#8249 = ORIENTED_EDGE('',*,*,#8250,.T.);
#8250 = EDGE_CURVE('',#8243,#8251,#8253,.T.);
#8251 = VERTEX_POINT('',#8252);
#8252 = CARTESIAN_POINT('',(1.7E+03,955.,180.));
#8253 = LINE('',#8254,#8255);
#8254 = CARTESIAN_POINT('',(1.7E+03,955.,180.));
#8255 = VECTOR('',#8256,1.);
#8256 = DIRECTION('',(1.,-0.,-0.));
#8257 = ORIENTED_EDGE('',*,*,#8258,.T.);
#8258 = EDGE_CURVE('',#8251,#8259,#8261,.T.);
#8259 = VERTEX_POINT('',#8260);
#8260 = CARTESIAN_POINT('',(1.7E+03,991.,180.));
#8261 = LINE('',#8262,#8263);
#8262 = CARTESIAN_POINT('',(1.7E+03,955.,180.));
#8263 = VECTOR('',#8264,1.);
#8264 = DIRECTION('',(-0.,1.,-0.));
#8265 = ORIENTED_EDGE('',*,*,#8266,.T.);
#8266 = EDGE_CURVE('',#8259,#8267,#8269,.T.);
#8267 = VERTEX_POINT('',#8268);
#8268 = CARTESIAN_POINT('',(1.696E+03,995.,180.));
#8269 = CIRCLE('',#8270,4.);
#8270 = AXIS2_PLACEMENT_3D('',#8271,#8272,#8273);
#8271 = CARTESIAN_POINT('',(1.696E+03,991.,180.));
#8272 = DIRECTION('',(0.,0.,1.));
#8273 = DIRECTION('',(1.,-0.,-0.));
#8274 = ORIENTED_EDGE('',*,*,#8275,.T.);
#8275 = EDGE_CURVE('',#8267,#8146,#8276,.T.);
#8276 = LINE('',#8277,#8278);
#8277 = CARTESIAN_POINT('',(1.696E+03,995.,180.));
#8278 = VECTOR('',#8279,1.);
#8279 = DIRECTION('',(-1.,-0.,-0.));
#8280 = ORIENTED_EDGE('',*,*,#8153,.T.);
#8281 = PLANE('',#8282);
#8282 = AXIS2_PLACEMENT_3D('',#8283,#8284,#8285);
#8283 = CARTESIAN_POINT('',(1.688838167487E+03,983.83816748654,180.));
#8284 = DIRECTION('',(0.,-0.,-1.));
#8285 = DIRECTION('',(-1.,0.,0.));
#8286 = ADVANCED_FACE('',(#8287),#8298,.F.);
#8287 = FACE_BOUND('',#8288,.F.);
#8288 = EDGE_LOOP('',(#8289,#8290,#8291,#8297));
#8289 = ORIENTED_EDGE('',*,*,#8110,.T.);
#8290 = ORIENTED_EDGE('',*,*,#8233,.T.);
#8291 = ORIENTED_EDGE('',*,*,#8292,.F.);
#8292 = EDGE_CURVE('',#8176,#8234,#8293,.T.);
#8293 = LINE('',#8294,#8295);
#8294 = CARTESIAN_POINT('',(1.698E+03,991.,0.));
#8295 = VECTOR('',#8296,1.);
#8296 = DIRECTION('',(-0.,-0.,1.));
#8297 = ORIENTED_EDGE('',*,*,#8175,.F.);
#8298 = CYLINDRICAL_SURFACE('',#8299,2.);
#8299 = AXIS2_PLACEMENT_3D('',#8300,#8301,#8302);
#8300 = CARTESIAN_POINT('',(1.696E+03,991.,0.));
#8301 = DIRECTION('',(-0.,0.,-1.));
#8302 = DIRECTION('',(1.,-0.,-0.));
#8303 = ADVANCED_FACE('',(#8304),#8323,.F.);
#8304 = FACE_BOUND('',#8305,.T.);
#8305 = EDGE_LOOP('',(#8306,#8315,#8321,#8322));
#8306 = ORIENTED_EDGE('',*,*,#8307,.F.);
#8307 = EDGE_CURVE('',#8308,#8308,#8310,.T.);
#8308 = VERTEX_POINT('',#8309);
#8309 = CARTESIAN_POINT('',(1.68E+03,995.,92.05));
#8310 = CIRCLE('',#8311,2.05);
#8311 = AXIS2_PLACEMENT_3D('',#8312,#8313,#8314);
#8312 = CARTESIAN_POINT('',(1.68E+03,995.,90.));
#8313 = DIRECTION('',(0.,-1.,0.));
#8314 = DIRECTION('',(-0.,-0.,1.));
#8315 = ORIENTED_EDGE('',*,*,#8316,.F.);
#8316 = EDGE_CURVE('',#8127,#8308,#8317,.T.);
#8317 = LINE('',#8318,#8319);
#8318 = CARTESIAN_POINT('',(1.68E+03,990.,92.05));
#8319 = VECTOR('',#8320,1.);
#8320 = DIRECTION('',(-0.,1.,-0.));
#8321 = ORIENTED_EDGE('',*,*,#8126,.T.);
#8322 = ORIENTED_EDGE('',*,*,#8316,.T.);
#8323 = CYLINDRICAL_SURFACE('',#8324,2.05);
#8324 = AXIS2_PLACEMENT_3D('',#8325,#8326,#8327);
#8325 = CARTESIAN_POINT('',(1.68E+03,990.,90.));
#8326 = DIRECTION('',(-0.,1.,-0.));
#8327 = DIRECTION('',(-0.,-0.,1.));
#8328 = ADVANCED_FACE('',(#8329,#8340),#8343,.T.);
#8329 = FACE_BOUND('',#8330,.F.);
#8330 = EDGE_LOOP('',(#8331,#8337,#8338,#8339));
#8331 = ORIENTED_EDGE('',*,*,#8332,.T.);
#8332 = EDGE_CURVE('',#8209,#8267,#8333,.T.);
#8333 = LINE('',#8334,#8335);
#8334 = CARTESIAN_POINT('',(1.696E+03,995.,0.));
#8335 = VECTOR('',#8336,1.);
#8336 = DIRECTION('',(-0.,-0.,1.));
#8337 = ORIENTED_EDGE('',*,*,#8275,.T.);
#8338 = ORIENTED_EDGE('',*,*,#8143,.F.);
#8339 = ORIENTED_EDGE('',*,*,#8217,.F.);
#8340 = FACE_BOUND('',#8341,.F.);
#8341 = EDGE_LOOP('',(#8342));
#8342 = ORIENTED_EDGE('',*,*,#8307,.F.);
#8343 = PLANE('',#8344);
#8344 = AXIS2_PLACEMENT_3D('',#8345,#8346,#8347);
#8345 = CARTESIAN_POINT('',(1.696E+03,995.,0.));
#8346 = DIRECTION('',(-0.,1.,-0.));
#8347 = DIRECTION('',(1.,0.,0.));
#8348 = ADVANCED_FACE('',(#8349,#8360,#8371),#8382,.T.);
#8349 = FACE_BOUND('',#8350,.F.);
#8350 = EDGE_LOOP('',(#8351,#8352,#8353,#8359));
#8351 = ORIENTED_EDGE('',*,*,#8292,.T.);
#8352 = ORIENTED_EDGE('',*,*,#8242,.T.);
#8353 = ORIENTED_EDGE('',*,*,#8354,.F.);
#8354 = EDGE_CURVE('',#8185,#8243,#8355,.T.);
#8355 = LINE('',#8356,#8357);
#8356 = CARTESIAN_POINT('',(1.698E+03,955.,0.));
#8357 = VECTOR('',#8358,1.);
#8358 = DIRECTION('',(-0.,-0.,1.));
#8359 = ORIENTED_EDGE('',*,*,#8184,.F.);
#8360 = FACE_BOUND('',#8361,.F.);
#8361 = EDGE_LOOP('',(#8362));
#8362 = ORIENTED_EDGE('',*,*,#8363,.T.);
#8363 = EDGE_CURVE('',#8364,#8364,#8366,.T.);
#8364 = VERTEX_POINT('',#8365);
#8365 = CARTESIAN_POINT('',(1.698E+03,975.,147.95));
#8366 = CIRCLE('',#8367,2.05);
#8367 = AXIS2_PLACEMENT_3D('',#8368,#8369,#8370);
#8368 = CARTESIAN_POINT('',(1.698E+03,975.,150.));
#8369 = DIRECTION('',(-1.,-0.,0.));
#8370 = DIRECTION('',(-0.,-0.,-1.));
#8371 = FACE_BOUND('',#8372,.F.);
#8372 = EDGE_LOOP('',(#8373));
#8373 = ORIENTED_EDGE('',*,*,#8374,.T.);
#8374 = EDGE_CURVE('',#8375,#8375,#8377,.T.);
#8375 = VERTEX_POINT('',#8376);
#8376 = CARTESIAN_POINT('',(1.698E+03,975.,27.95));
#8377 = CIRCLE('',#8378,2.05);
#8378 = AXIS2_PLACEMENT_3D('',#8379,#8380,#8381);
#8379 = CARTESIAN_POINT('',(1.698E+03,975.,30.));
#8380 = DIRECTION('',(-1.,-0.,0.));
#8381 = DIRECTION('',(-0.,-0.,-1.));
#8382 = PLANE('',#8383);
#8383 = AXIS2_PLACEMENT_3D('',#8384,#8385,#8386);
#8384 = CARTESIAN_POINT('',(1.698E+03,991.,0.));
#8385 = DIRECTION('',(-1.,-0.,-0.));
#8386 = DIRECTION('',(0.,1.,0.));
#8387 = ADVANCED_FACE('',(#8388),#8399,.T.);
#8388 = FACE_BOUND('',#8389,.F.);
#8389 = EDGE_LOOP('',(#8390,#8391,#8392,#8398));
#8390 = ORIENTED_EDGE('',*,*,#8354,.T.);
#8391 = ORIENTED_EDGE('',*,*,#8250,.T.);
#8392 = ORIENTED_EDGE('',*,*,#8393,.F.);
#8393 = EDGE_CURVE('',#8193,#8251,#8394,.T.);
#8394 = LINE('',#8395,#8396);
#8395 = CARTESIAN_POINT('',(1.7E+03,955.,0.));
#8396 = VECTOR('',#8397,1.);
#8397 = DIRECTION('',(-0.,-0.,1.));
#8398 = ORIENTED_EDGE('',*,*,#8192,.F.);
#8399 = PLANE('',#8400);
#8400 = AXIS2_PLACEMENT_3D('',#8401,#8402,#8403);
#8401 = CARTESIAN_POINT('',(1.698E+03,955.,0.));
#8402 = DIRECTION('',(-0.,-1.,-0.));
#8403 = DIRECTION('',(-1.,0.,-0.));
#8404 = ADVANCED_FACE('',(#8405,#8416,#8427),#8438,.T.);
#8405 = FACE_BOUND('',#8406,.F.);
#8406 = EDGE_LOOP('',(#8407,#8408,#8409,#8415));
#8407 = ORIENTED_EDGE('',*,*,#8393,.T.);
#8408 = ORIENTED_EDGE('',*,*,#8258,.T.);
#8409 = ORIENTED_EDGE('',*,*,#8410,.F.);
#8410 = EDGE_CURVE('',#8201,#8259,#8411,.T.);
#8411 = LINE('',#8412,#8413);
#8412 = CARTESIAN_POINT('',(1.7E+03,991.,0.));
#8413 = VECTOR('',#8414,1.);
#8414 = DIRECTION('',(-0.,-0.,1.));
#8415 = ORIENTED_EDGE('',*,*,#8200,.F.);
#8416 = FACE_BOUND('',#8417,.F.);
#8417 = EDGE_LOOP('',(#8418));
#8418 = ORIENTED_EDGE('',*,*,#8419,.F.);
#8419 = EDGE_CURVE('',#8420,#8420,#8422,.T.);
#8420 = VERTEX_POINT('',#8421);
#8421 = CARTESIAN_POINT('',(1.7E+03,975.,147.95));
#8422 = CIRCLE('',#8423,2.05);
#8423 = AXIS2_PLACEMENT_3D('',#8424,#8425,#8426);
#8424 = CARTESIAN_POINT('',(1.7E+03,975.,150.));
#8425 = DIRECTION('',(-1.,-0.,0.));
#8426 = DIRECTION('',(-0.,-0.,-1.));
#8427 = FACE_BOUND('',#8428,.F.);
#8428 = EDGE_LOOP('',(#8429));
#8429 = ORIENTED_EDGE('',*,*,#8430,.F.);
#8430 = EDGE_CURVE('',#8431,#8431,#8433,.T.);
#8431 = VERTEX_POINT('',#8432);
#8432 = CARTESIAN_POINT('',(1.7E+03,975.,27.95));
#8433 = CIRCLE('',#8434,2.05);
#8434 = AXIS2_PLACEMENT_3D('',#8435,#8436,#8437);
#8435 = CARTESIAN_POINT('',(1.7E+03,975.,30.));
#8436 = DIRECTION('',(-1.,-0.,0.));
#8437 = DIRECTION('',(-0.,-0.,-1.));
#8438 = PLANE('',#8439);
#8439 = AXIS2_PLACEMENT_3D('',#8440,#8441,#8442);
#8440 = CARTESIAN_POINT('',(1.7E+03,955.,0.));
#8441 = DIRECTION('',(1.,-0.,-0.));
#8442 = DIRECTION('',(0.,-1.,0.));
#8443 = ADVANCED_FACE('',(#8444),#8450,.T.);
#8444 = FACE_BOUND('',#8445,.F.);
#8445 = EDGE_LOOP('',(#8446,#8447,#8448,#8449));
#8446 = ORIENTED_EDGE('',*,*,#8410,.T.);
#8447 = ORIENTED_EDGE('',*,*,#8266,.T.);
#8448 = ORIENTED_EDGE('',*,*,#8332,.F.);
#8449 = ORIENTED_EDGE('',*,*,#8208,.F.);
#8450 = CYLINDRICAL_SURFACE('',#8451,4.);
#8451 = AXIS2_PLACEMENT_3D('',#8452,#8453,#8454);
#8452 = CARTESIAN_POINT('',(1.696E+03,991.,0.));
#8453 = DIRECTION('',(-0.,-0.,-1.));
#8454 = DIRECTION('',(1.,-0.,-0.));
#8455 = ADVANCED_FACE('',(#8456),#8467,.F.);
#8456 = FACE_BOUND('',#8457,.T.);
#8457 = EDGE_LOOP('',(#8458,#8459,#8465,#8466));
#8458 = ORIENTED_EDGE('',*,*,#8419,.F.);
#8459 = ORIENTED_EDGE('',*,*,#8460,.F.);
#8460 = EDGE_CURVE('',#8364,#8420,#8461,.T.);
#8461 = LINE('',#8462,#8463);
#8462 = CARTESIAN_POINT('',(1.695E+03,975.,147.95));
#8463 = VECTOR('',#8464,1.);
#8464 = DIRECTION('',(1.,-0.,-0.));
#8465 = ORIENTED_EDGE('',*,*,#8363,.T.);
#8466 = ORIENTED_EDGE('',*,*,#8460,.T.);
#8467 = CYLINDRICAL_SURFACE('',#8468,2.05);
#8468 = AXIS2_PLACEMENT_3D('',#8469,#8470,#8471);
#8469 = CARTESIAN_POINT('',(1.695E+03,975.,150.));
#8470 = DIRECTION('',(1.,-0.,-0.));
#8471 = DIRECTION('',(-0.,-0.,-1.));
#8472 = ADVANCED_FACE('',(#8473),#8484,.F.);
#8473 = FACE_BOUND('',#8474,.T.);
#8474 = EDGE_LOOP('',(#8475,#8476,#8482,#8483));
#8475 = ORIENTED_EDGE('',*,*,#8430,.F.);
#8476 = ORIENTED_EDGE('',*,*,#8477,.F.);
#8477 = EDGE_CURVE('',#8375,#8431,#8478,.T.);
#8478 = LINE('',#8479,#8480);
#8479 = CARTESIAN_POINT('',(1.695E+03,975.,27.95));
#8480 = VECTOR('',#8481,1.);
#8481 = DIRECTION('',(1.,-0.,-0.));
#8482 = ORIENTED_EDGE('',*,*,#8374,.T.);
#8483 = ORIENTED_EDGE('',*,*,#8477,.T.);
#8484 = CYLINDRICAL_SURFACE('',#8485,2.05);
#8485 = AXIS2_PLACEMENT_3D('',#8486,#8487,#8488);
#8486 = CARTESIAN_POINT('',(1.695E+03,975.,30.));
#8487 = DIRECTION('',(1.,-0.,-0.));
#8488 = DIRECTION('',(-0.,-0.,-1.));
#8489 = ( GEOMETRIC_REPRESENTATION_CONTEXT(3) 
GLOBAL_UNCERTAINTY_ASSIGNED_CONTEXT((#8493)) 
GLOBAL_UNIT_ASSIGNED_CONTEXT((#8490,#8491,#8492)) REPRESENTATION_CONTEXT
('Context #1','3D Context with UNIT and UNCERTAINTY') );
#8490 = ( LENGTH_UNIT() NAMED_UNIT(*) SI_UNIT(.MILLI.,.METRE.) );
#8491 = ( NAMED_UNIT(*) PLANE_ANGLE_UNIT() SI_UNIT($,.RADIAN.) );
#8492 = ( NAMED_UNIT(*) SI_UNIT($,.STERADIAN.) SOLID_ANGLE_UNIT() );
#8493 = UNCERTAINTY_MEASURE_WITH_UNIT(LENGTH_MEASURE(1.E-07),#8490,
  'distance_accuracy_value','confusion accuracy');
#8494 = CONTEXT_DEPENDENT_SHAPE_REPRESENTATION(#8495,#8497);
#8495 = ( REPRESENTATION_RELATIONSHIP('','',#8085,#10) 
REPRESENTATION_RELATIONSHIP_WITH_TRANSFORMATION(#8496) 
SHAPE_REPRESENTATION_RELATIONSHIP() );
#8496 = ITEM_DEFINED_TRANSFORMATION('','',#11,#63);
#8497 = PRODUCT_DEFINITION_SHAPE('Placement','Placement of an item',
  #8498);
#8498 = NEXT_ASSEMBLY_USAGE_OCCURRENCE('165','Nosilec_4_D','',#5,#8080,$
  );
#8499 = PRODUCT_RELATED_PRODUCT_CATEGORY('part',$,(#8082));
#8500 = SHAPE_DEFINITION_REPRESENTATION(#8501,#8507);
#8501 = PRODUCT_DEFINITION_SHAPE('','',#8502);
#8502 = PRODUCT_DEFINITION('design','',#8503,#8506);
#8503 = PRODUCT_DEFINITION_FORMATION('','',#8504);
#8504 = PRODUCT('Polica_4','Polica_4','',(#8505));
#8505 = PRODUCT_CONTEXT('',#2,'mechanical');
#8506 = PRODUCT_DEFINITION_CONTEXT('part definition',#2,'design');
#8507 = ADVANCED_BREP_SHAPE_REPRESENTATION('',(#11,#8508),#9552);
#8508 = MANIFOLD_SOLID_BREP('',#8509);
#8509 = CLOSED_SHELL('',(#8510,#8550,#8581,#8614,#8834,#9054,#9071,#9088
    ,#9105,#9122,#9139,#9178,#9195,#9212,#9229,#9246,#9263,#9280,#9297,
    #9314,#9331,#9348,#9365,#9382,#9399,#9438,#9455,#9472,#9489,#9506,
    #9518,#9535));
#8510 = ADVANCED_FACE('',(#8511),#8545,.T.);
#8511 = FACE_BOUND('',#8512,.T.);
#8512 = EDGE_LOOP('',(#8513,#8523,#8531,#8539));
#8513 = ORIENTED_EDGE('',*,*,#8514,.T.);
#8514 = EDGE_CURVE('',#8515,#8517,#8519,.T.);
#8515 = VERTEX_POINT('',#8516);
#8516 = CARTESIAN_POINT('',(240.,100.75,0.));
#8517 = VERTEX_POINT('',#8518);
#8518 = CARTESIAN_POINT('',(240.,100.75,1.692E+03));
#8519 = LINE('',#8520,#8521);
#8520 = CARTESIAN_POINT('',(240.,100.75,0.));
#8521 = VECTOR('',#8522,1.);
#8522 = DIRECTION('',(0.,0.,1.));
#8523 = ORIENTED_EDGE('',*,*,#8524,.T.);
#8524 = EDGE_CURVE('',#8517,#8525,#8527,.T.);
#8525 = VERTEX_POINT('',#8526);
#8526 = CARTESIAN_POINT('',(251.25,100.75,1.692E+03));
#8527 = LINE('',#8528,#8529);
#8528 = CARTESIAN_POINT('',(251.25,100.75,1.692E+03));
#8529 = VECTOR('',#8530,1.);
#8530 = DIRECTION('',(1.,-0.,-0.));
#8531 = ORIENTED_EDGE('',*,*,#8532,.F.);
#8532 = EDGE_CURVE('',#8533,#8525,#8535,.T.);
#8533 = VERTEX_POINT('',#8534);
#8534 = CARTESIAN_POINT('',(251.25,100.75,0.));
#8535 = LINE('',#8536,#8537);
#8536 = CARTESIAN_POINT('',(251.25,100.75,0.));
#8537 = VECTOR('',#8538,1.);
#8538 = DIRECTION('',(0.,0.,1.));
#8539 = ORIENTED_EDGE('',*,*,#8540,.F.);
#8540 = EDGE_CURVE('',#8515,#8533,#8541,.T.);
#8541 = LINE('',#8542,#8543);
#8542 = CARTESIAN_POINT('',(251.25,100.75,0.));
#8543 = VECTOR('',#8544,1.);
#8544 = DIRECTION('',(1.,-0.,-0.));
#8545 = PLANE('',#8546);
#8546 = AXIS2_PLACEMENT_3D('',#8547,#8548,#8549);
#8547 = CARTESIAN_POINT('',(240.,100.75,0.));
#8548 = DIRECTION('',(0.,1.,-0.));
#8549 = DIRECTION('',(1.,-0.,0.));
#8550 = ADVANCED_FACE('',(#8551),#8576,.T.);
#8551 = FACE_BOUND('',#8552,.T.);
#8552 = EDGE_LOOP('',(#8553,#8563,#8569,#8570));
#8553 = ORIENTED_EDGE('',*,*,#8554,.T.);
#8554 = EDGE_CURVE('',#8555,#8557,#8559,.T.);
#8555 = VERTEX_POINT('',#8556);
#8556 = CARTESIAN_POINT('',(240.,99.25,0.));
#8557 = VERTEX_POINT('',#8558);
#8558 = CARTESIAN_POINT('',(240.,99.25,1.692E+03));
#8559 = LINE('',#8560,#8561);
#8560 = CARTESIAN_POINT('',(240.,99.25,0.));
#8561 = VECTOR('',#8562,1.);
#8562 = DIRECTION('',(0.,0.,1.));
#8563 = ORIENTED_EDGE('',*,*,#8564,.T.);
#8564 = EDGE_CURVE('',#8557,#8517,#8565,.T.);
#8565 = LINE('',#8566,#8567);
#8566 = CARTESIAN_POINT('',(240.,99.25,1.692E+03));
#8567 = VECTOR('',#8568,1.);
#8568 = DIRECTION('',(0.,1.,0.));
#8569 = ORIENTED_EDGE('',*,*,#8514,.F.);
#8570 = ORIENTED_EDGE('',*,*,#8571,.F.);
#8571 = EDGE_CURVE('',#8555,#8515,#8572,.T.);
#8572 = LINE('',#8573,#8574);
#8573 = CARTESIAN_POINT('',(240.,99.25,0.));
#8574 = VECTOR('',#8575,1.);
#8575 = DIRECTION('',(0.,1.,0.));
#8576 = PLANE('',#8577);
#8577 = AXIS2_PLACEMENT_3D('',#8578,#8579,#8580);
#8578 = CARTESIAN_POINT('',(240.,99.25,0.));
#8579 = DIRECTION('',(-1.,0.,0.));
#8580 = DIRECTION('',(0.,1.,0.));
#8581 = ADVANCED_FACE('',(#8582),#8609,.T.);
#8582 = FACE_BOUND('',#8583,.T.);
#8583 = EDGE_LOOP('',(#8584,#8585,#8594,#8602));
#8584 = ORIENTED_EDGE('',*,*,#8532,.T.);
#8585 = ORIENTED_EDGE('',*,*,#8586,.T.);
#8586 = EDGE_CURVE('',#8525,#8587,#8589,.T.);
#8587 = VERTEX_POINT('',#8588);
#8588 = CARTESIAN_POINT('',(254.75,97.25,1.692E+03));
#8589 = CIRCLE('',#8590,3.5);
#8590 = AXIS2_PLACEMENT_3D('',#8591,#8592,#8593);
#8591 = CARTESIAN_POINT('',(251.25,97.25,1.692E+03));
#8592 = DIRECTION('',(0.,-0.,-1.));
#8593 = DIRECTION('',(1.,0.,-0.));
#8594 = ORIENTED_EDGE('',*,*,#8595,.F.);
#8595 = EDGE_CURVE('',#8596,#8587,#8598,.T.);
#8596 = VERTEX_POINT('',#8597);
#8597 = CARTESIAN_POINT('',(254.75,97.25,0.));
#8598 = LINE('',#8599,#8600);
#8599 = CARTESIAN_POINT('',(254.75,97.25,0.));
#8600 = VECTOR('',#8601,1.);
#8601 = DIRECTION('',(0.,0.,1.));
#8602 = ORIENTED_EDGE('',*,*,#8603,.F.);
#8603 = EDGE_CURVE('',#8533,#8596,#8604,.T.);
#8604 = CIRCLE('',#8605,3.5);
#8605 = AXIS2_PLACEMENT_3D('',#8606,#8607,#8608);
#8606 = CARTESIAN_POINT('',(251.25,97.25,0.));
#8607 = DIRECTION('',(0.,-0.,-1.));
#8608 = DIRECTION('',(1.,0.,-0.));
#8609 = CYLINDRICAL_SURFACE('',#8610,3.5);
#8610 = AXIS2_PLACEMENT_3D('',#8611,#8612,#8613);
#8611 = CARTESIAN_POINT('',(251.25,97.25,0.));
#8612 = DIRECTION('',(0.,-0.,-1.));
#8613 = DIRECTION('',(1.,0.,-0.));
#8614 = ADVANCED_FACE('',(#8615),#8829,.T.);
#8615 = FACE_BOUND('',#8616,.T.);
#8616 = EDGE_LOOP('',(#8617,#8618,#8619,#8627,#8636,#8644,#8653,#8661,
    #8670,#8678,#8687,#8695,#8704,#8712,#8720,#8728,#8737,#8745,#8754,
    #8762,#8771,#8779,#8788,#8796,#8805,#8813,#8822,#8828));
#8617 = ORIENTED_EDGE('',*,*,#8540,.T.);
#8618 = ORIENTED_EDGE('',*,*,#8603,.T.);
#8619 = ORIENTED_EDGE('',*,*,#8620,.T.);
#8620 = EDGE_CURVE('',#8596,#8621,#8623,.T.);
#8621 = VERTEX_POINT('',#8622);
#8622 = CARTESIAN_POINT('',(254.75,56.613950890877,0.));
#8623 = LINE('',#8624,#8625);
#8624 = CARTESIAN_POINT('',(254.75,56.613950890877,0.));
#8625 = VECTOR('',#8626,1.);
#8626 = DIRECTION('',(-0.,-1.,-0.));
#8627 = ORIENTED_EDGE('',*,*,#8628,.T.);
#8628 = EDGE_CURVE('',#8621,#8629,#8631,.T.);
#8629 = VERTEX_POINT('',#8630);
#8630 = CARTESIAN_POINT('',(248.43438965607,46.348859371851,0.));
#8631 = CIRCLE('',#8632,11.5);
#8632 = AXIS2_PLACEMENT_3D('',#8633,#8634,#8635);
#8633 = CARTESIAN_POINT('',(243.25,56.613950890877,0.));
#8634 = DIRECTION('',(0.,-0.,-1.));
#8635 = DIRECTION('',(0.450816491833,-0.892616653828,0.));
#8636 = ORIENTED_EDGE('',*,*,#8637,.T.);
#8637 = EDGE_CURVE('',#8629,#8638,#8640,.T.);
#8638 = VERTEX_POINT('',#8639);
#8639 = CARTESIAN_POINT('',(164.00233765473,3.706408866121,0.));
#8640 = LINE('',#8641,#8642);
#8641 = CARTESIAN_POINT('',(164.00233765473,3.706408866121,0.));
#8642 = VECTOR('',#8643,1.);
#8643 = DIRECTION('',(-0.892616653828,-0.450816491833,-0.));
#8644 = ORIENTED_EDGE('',*,*,#8645,.T.);
#8645 = EDGE_CURVE('',#8638,#8646,#8648,.T.);
#8646 = VERTEX_POINT('',#8647);
#8647 = CARTESIAN_POINT('',(145.29345324368,-0.75,0.));
#8648 = CIRCLE('',#8649,41.5);
#8649 = AXIS2_PLACEMENT_3D('',#8650,#8651,#8652);
#8650 = CARTESIAN_POINT('',(145.29345324368,40.75,0.));
#8651 = DIRECTION('',(-0.,0.,-1.));
#8652 = DIRECTION('',(-1.369720936405E-15,-1.,0.));
#8653 = ORIENTED_EDGE('',*,*,#8654,.T.);
#8654 = EDGE_CURVE('',#8646,#8655,#8657,.T.);
#8655 = VERTEX_POINT('',#8656);
#8656 = CARTESIAN_POINT('',(114.70654675632,-0.75,0.));
#8657 = LINE('',#8658,#8659);
#8658 = CARTESIAN_POINT('',(114.70654675632,-0.75,0.));
#8659 = VECTOR('',#8660,1.);
#8660 = DIRECTION('',(-1.,-0.,-0.));
#8661 = ORIENTED_EDGE('',*,*,#8662,.T.);
#8662 = EDGE_CURVE('',#8655,#8663,#8665,.T.);
#8663 = VERTEX_POINT('',#8664);
#8664 = CARTESIAN_POINT('',(95.99766234527,3.706408866121,0.));
#8665 = CIRCLE('',#8666,41.5);
#8666 = AXIS2_PLACEMENT_3D('',#8667,#8668,#8669);
#8667 = CARTESIAN_POINT('',(114.70654675632,40.75,0.));
#8668 = DIRECTION('',(-0.,0.,-1.));
#8669 = DIRECTION('',(-0.450816491833,-0.892616653828,0.));
#8670 = ORIENTED_EDGE('',*,*,#8671,.T.);
#8671 = EDGE_CURVE('',#8663,#8672,#8674,.T.);
#8672 = VERTEX_POINT('',#8673);
#8673 = CARTESIAN_POINT('',(11.565610343926,46.348859371851,0.));
#8674 = LINE('',#8675,#8676);
#8675 = CARTESIAN_POINT('',(11.565610343926,46.348859371851,0.));
#8676 = VECTOR('',#8677,1.);
#8677 = DIRECTION('',(-0.892616653828,0.450816491833,-0.));
#8678 = ORIENTED_EDGE('',*,*,#8679,.T.);
#8679 = EDGE_CURVE('',#8672,#8680,#8682,.T.);
#8680 = VERTEX_POINT('',#8681);
#8681 = CARTESIAN_POINT('',(5.25,56.613950890877,0.));
#8682 = CIRCLE('',#8683,11.5);
#8683 = AXIS2_PLACEMENT_3D('',#8684,#8685,#8686);
#8684 = CARTESIAN_POINT('',(16.75,56.613950890877,0.));
#8685 = DIRECTION('',(-0.,0.,-1.));
#8686 = DIRECTION('',(-1.,0.,0.));
#8687 = ORIENTED_EDGE('',*,*,#8688,.T.);
#8688 = EDGE_CURVE('',#8680,#8689,#8691,.T.);
#8689 = VERTEX_POINT('',#8690);
#8690 = CARTESIAN_POINT('',(5.25,57.25,0.));
#8691 = LINE('',#8692,#8693);
#8692 = CARTESIAN_POINT('',(5.25,57.25,0.));
#8693 = VECTOR('',#8694,1.);
#8694 = DIRECTION('',(-0.,1.,-0.));
#8695 = ORIENTED_EDGE('',*,*,#8696,.T.);
#8696 = EDGE_CURVE('',#8689,#8697,#8699,.T.);
#8697 = VERTEX_POINT('',#8698);
#8698 = CARTESIAN_POINT('',(8.75,60.75,0.));
#8699 = CIRCLE('',#8700,3.5);
#8700 = AXIS2_PLACEMENT_3D('',#8701,#8702,#8703);
#8701 = CARTESIAN_POINT('',(8.75,57.25,0.));
#8702 = DIRECTION('',(-0.,0.,-1.));
#8703 = DIRECTION('',(-5.075305255429E-16,1.,0.));
#8704 = ORIENTED_EDGE('',*,*,#8705,.T.);
#8705 = EDGE_CURVE('',#8697,#8706,#8708,.T.);
#8706 = VERTEX_POINT('',#8707);
#8707 = CARTESIAN_POINT('',(20.,60.75,0.));
#8708 = LINE('',#8709,#8710);
#8709 = CARTESIAN_POINT('',(20.,60.75,0.));
#8710 = VECTOR('',#8711,1.);
#8711 = DIRECTION('',(1.,-0.,-0.));
#8712 = ORIENTED_EDGE('',*,*,#8713,.T.);
#8713 = EDGE_CURVE('',#8706,#8714,#8716,.T.);
#8714 = VERTEX_POINT('',#8715);
#8715 = CARTESIAN_POINT('',(20.,59.25,0.));
#8716 = LINE('',#8717,#8718);
#8717 = CARTESIAN_POINT('',(20.,59.25,0.));
#8718 = VECTOR('',#8719,1.);
#8719 = DIRECTION('',(-0.,-1.,-0.));
#8720 = ORIENTED_EDGE('',*,*,#8721,.T.);
#8721 = EDGE_CURVE('',#8714,#8722,#8724,.T.);
#8722 = VERTEX_POINT('',#8723);
#8723 = CARTESIAN_POINT('',(8.75,59.25,0.));
#8724 = LINE('',#8725,#8726);
#8725 = CARTESIAN_POINT('',(20.,59.25,0.));
#8726 = VECTOR('',#8727,1.);
#8727 = DIRECTION('',(-1.,0.,0.));
#8728 = ORIENTED_EDGE('',*,*,#8729,.T.);
#8729 = EDGE_CURVE('',#8722,#8730,#8732,.T.);
#8730 = VERTEX_POINT('',#8731);
#8731 = CARTESIAN_POINT('',(6.75,57.25,0.));
#8732 = CIRCLE('',#8733,2.);
#8733 = AXIS2_PLACEMENT_3D('',#8734,#8735,#8736);
#8734 = CARTESIAN_POINT('',(8.75,57.25,0.));
#8735 = DIRECTION('',(0.,0.,1.));
#8736 = DIRECTION('',(-1.7763568394E-15,1.,0.));
#8737 = ORIENTED_EDGE('',*,*,#8738,.T.);
#8738 = EDGE_CURVE('',#8730,#8739,#8741,.T.);
#8739 = VERTEX_POINT('',#8740);
#8740 = CARTESIAN_POINT('',(6.75,56.613950890877,0.));
#8741 = LINE('',#8742,#8743);
#8742 = CARTESIAN_POINT('',(6.75,57.25,0.));
#8743 = VECTOR('',#8744,1.);
#8744 = DIRECTION('',(0.,-1.,0.));
#8745 = ORIENTED_EDGE('',*,*,#8746,.T.);
#8746 = EDGE_CURVE('',#8739,#8747,#8749,.T.);
#8747 = VERTEX_POINT('',#8748);
#8748 = CARTESIAN_POINT('',(12.241835081675,47.687784352593,0.));
#8749 = CIRCLE('',#8750,10.);
#8750 = AXIS2_PLACEMENT_3D('',#8751,#8752,#8753);
#8751 = CARTESIAN_POINT('',(16.75,56.613950890877,0.));
#8752 = DIRECTION('',(0.,0.,1.));
#8753 = DIRECTION('',(-1.,0.,0.));
#8754 = ORIENTED_EDGE('',*,*,#8755,.T.);
#8755 = EDGE_CURVE('',#8747,#8756,#8758,.T.);
#8756 = VERTEX_POINT('',#8757);
#8757 = CARTESIAN_POINT('',(96.673887083019,5.045333846864,0.));
#8758 = LINE('',#8759,#8760);
#8759 = CARTESIAN_POINT('',(12.241835081675,47.687784352593,0.));
#8760 = VECTOR('',#8761,1.);
#8761 = DIRECTION('',(0.892616653828,-0.450816491833,0.));
#8762 = ORIENTED_EDGE('',*,*,#8763,.T.);
#8763 = EDGE_CURVE('',#8756,#8764,#8766,.T.);
#8764 = VERTEX_POINT('',#8765);
#8765 = CARTESIAN_POINT('',(114.70654675632,0.75,0.));
#8766 = CIRCLE('',#8767,40.);
#8767 = AXIS2_PLACEMENT_3D('',#8768,#8769,#8770);
#8768 = CARTESIAN_POINT('',(114.70654675632,40.75,0.));
#8769 = DIRECTION('',(0.,0.,1.));
#8770 = DIRECTION('',(-0.450816491833,-0.892616653828,0.));
#8771 = ORIENTED_EDGE('',*,*,#8772,.T.);
#8772 = EDGE_CURVE('',#8764,#8773,#8775,.T.);
#8773 = VERTEX_POINT('',#8774);
#8774 = CARTESIAN_POINT('',(145.29345324368,0.75,0.));
#8775 = LINE('',#8776,#8777);
#8776 = CARTESIAN_POINT('',(114.70654675632,0.75,0.));
#8777 = VECTOR('',#8778,1.);
#8778 = DIRECTION('',(1.,0.,0.));
#8779 = ORIENTED_EDGE('',*,*,#8780,.T.);
#8780 = EDGE_CURVE('',#8773,#8781,#8783,.T.);
#8781 = VERTEX_POINT('',#8782);
#8782 = CARTESIAN_POINT('',(163.32611291698,5.045333846864,0.));
#8783 = CIRCLE('',#8784,40.);
#8784 = AXIS2_PLACEMENT_3D('',#8785,#8786,#8787);
#8785 = CARTESIAN_POINT('',(145.29345324368,40.75,0.));
#8786 = DIRECTION('',(0.,0.,1.));
#8787 = DIRECTION('',(0.,-1.,0.));
#8788 = ORIENTED_EDGE('',*,*,#8789,.T.);
#8789 = EDGE_CURVE('',#8781,#8790,#8792,.T.);
#8790 = VERTEX_POINT('',#8791);
#8791 = CARTESIAN_POINT('',(247.75816491832,47.687784352593,0.));
#8792 = LINE('',#8793,#8794);
#8793 = CARTESIAN_POINT('',(163.32611291698,5.045333846864,0.));
#8794 = VECTOR('',#8795,1.);
#8795 = DIRECTION('',(0.892616653828,0.450816491833,0.));
#8796 = ORIENTED_EDGE('',*,*,#8797,.T.);
#8797 = EDGE_CURVE('',#8790,#8798,#8800,.T.);
#8798 = VERTEX_POINT('',#8799);
#8799 = CARTESIAN_POINT('',(253.25,56.613950890877,0.));
#8800 = CIRCLE('',#8801,10.);
#8801 = AXIS2_PLACEMENT_3D('',#8802,#8803,#8804);
#8802 = CARTESIAN_POINT('',(243.25,56.613950890877,0.));
#8803 = DIRECTION('',(0.,0.,1.));
#8804 = DIRECTION('',(0.450816491833,-0.892616653828,0.));
#8805 = ORIENTED_EDGE('',*,*,#8806,.T.);
#8806 = EDGE_CURVE('',#8798,#8807,#8809,.T.);
#8807 = VERTEX_POINT('',#8808);
#8808 = CARTESIAN_POINT('',(253.25,97.25,0.));
#8809 = LINE('',#8810,#8811);
#8810 = CARTESIAN_POINT('',(253.25,56.613950890877,0.));
#8811 = VECTOR('',#8812,1.);
#8812 = DIRECTION('',(0.,1.,0.));
#8813 = ORIENTED_EDGE('',*,*,#8814,.T.);
#8814 = EDGE_CURVE('',#8807,#8815,#8817,.T.);
#8815 = VERTEX_POINT('',#8816);
#8816 = CARTESIAN_POINT('',(251.25,99.25,0.));
#8817 = CIRCLE('',#8818,2.);
#8818 = AXIS2_PLACEMENT_3D('',#8819,#8820,#8821);
#8819 = CARTESIAN_POINT('',(251.25,97.25,0.));
#8820 = DIRECTION('',(0.,0.,1.));
#8821 = DIRECTION('',(1.,-1.42108547152E-14,0.));
#8822 = ORIENTED_EDGE('',*,*,#8823,.T.);
#8823 = EDGE_CURVE('',#8815,#8555,#8824,.T.);
#8824 = LINE('',#8825,#8826);
#8825 = CARTESIAN_POINT('',(251.25,99.25,0.));
#8826 = VECTOR('',#8827,1.);
#8827 = DIRECTION('',(-1.,0.,0.));
#8828 = ORIENTED_EDGE('',*,*,#8571,.T.);
#8829 = PLANE('',#8830);
#8830 = AXIS2_PLACEMENT_3D('',#8831,#8832,#8833);
#8831 = CARTESIAN_POINT('',(143.96240247301,33.463305132465,0.));
#8832 = DIRECTION('',(-0.,-0.,-1.));
#8833 = DIRECTION('',(-1.,0.,0.));
#8834 = ADVANCED_FACE('',(#8835),#9049,.F.);
#8835 = FACE_BOUND('',#8836,.F.);
#8836 = EDGE_LOOP('',(#8837,#8838,#8839,#8847,#8856,#8864,#8873,#8881,
    #8890,#8898,#8907,#8915,#8924,#8932,#8940,#8948,#8957,#8965,#8974,
    #8982,#8991,#8999,#9008,#9016,#9025,#9033,#9042,#9048));
#8837 = ORIENTED_EDGE('',*,*,#8524,.T.);
#8838 = ORIENTED_EDGE('',*,*,#8586,.T.);
#8839 = ORIENTED_EDGE('',*,*,#8840,.T.);
#8840 = EDGE_CURVE('',#8587,#8841,#8843,.T.);
#8841 = VERTEX_POINT('',#8842);
#8842 = CARTESIAN_POINT('',(254.75,56.613950890877,1.692E+03));
#8843 = LINE('',#8844,#8845);
#8844 = CARTESIAN_POINT('',(254.75,56.613950890877,1.692E+03));
#8845 = VECTOR('',#8846,1.);
#8846 = DIRECTION('',(-0.,-1.,-0.));
#8847 = ORIENTED_EDGE('',*,*,#8848,.T.);
#8848 = EDGE_CURVE('',#8841,#8849,#8851,.T.);
#8849 = VERTEX_POINT('',#8850);
#8850 = CARTESIAN_POINT('',(248.43438965607,46.348859371851,1.692E+03));
#8851 = CIRCLE('',#8852,11.5);
#8852 = AXIS2_PLACEMENT_3D('',#8853,#8854,#8855);
#8853 = CARTESIAN_POINT('',(243.25,56.613950890877,1.692E+03));
#8854 = DIRECTION('',(0.,-0.,-1.));
#8855 = DIRECTION('',(0.450816491833,-0.892616653828,0.));
#8856 = ORIENTED_EDGE('',*,*,#8857,.T.);
#8857 = EDGE_CURVE('',#8849,#8858,#8860,.T.);
#8858 = VERTEX_POINT('',#8859);
#8859 = CARTESIAN_POINT('',(164.00233765473,3.706408866121,1.692E+03));
#8860 = LINE('',#8861,#8862);
#8861 = CARTESIAN_POINT('',(164.00233765473,3.706408866121,1.692E+03));
#8862 = VECTOR('',#8863,1.);
#8863 = DIRECTION('',(-0.892616653828,-0.450816491833,-0.));
#8864 = ORIENTED_EDGE('',*,*,#8865,.T.);
#8865 = EDGE_CURVE('',#8858,#8866,#8868,.T.);
#8866 = VERTEX_POINT('',#8867);
#8867 = CARTESIAN_POINT('',(145.29345324368,-0.75,1.692E+03));
#8868 = CIRCLE('',#8869,41.5);
#8869 = AXIS2_PLACEMENT_3D('',#8870,#8871,#8872);
#8870 = CARTESIAN_POINT('',(145.29345324368,40.75,1.692E+03));
#8871 = DIRECTION('',(-0.,0.,-1.));
#8872 = DIRECTION('',(-1.369720936405E-15,-1.,0.));
#8873 = ORIENTED_EDGE('',*,*,#8874,.T.);
#8874 = EDGE_CURVE('',#8866,#8875,#8877,.T.);
#8875 = VERTEX_POINT('',#8876);
#8876 = CARTESIAN_POINT('',(114.70654675632,-0.75,1.692E+03));
#8877 = LINE('',#8878,#8879);
#8878 = CARTESIAN_POINT('',(114.70654675632,-0.75,1.692E+03));
#8879 = VECTOR('',#8880,1.);
#8880 = DIRECTION('',(-1.,-0.,-0.));
#8881 = ORIENTED_EDGE('',*,*,#8882,.T.);
#8882 = EDGE_CURVE('',#8875,#8883,#8885,.T.);
#8883 = VERTEX_POINT('',#8884);
#8884 = CARTESIAN_POINT('',(95.99766234527,3.706408866121,1.692E+03));
#8885 = CIRCLE('',#8886,41.5);
#8886 = AXIS2_PLACEMENT_3D('',#8887,#8888,#8889);
#8887 = CARTESIAN_POINT('',(114.70654675632,40.75,1.692E+03));
#8888 = DIRECTION('',(-0.,0.,-1.));
#8889 = DIRECTION('',(-0.450816491833,-0.892616653828,0.));
#8890 = ORIENTED_EDGE('',*,*,#8891,.T.);
#8891 = EDGE_CURVE('',#8883,#8892,#8894,.T.);
#8892 = VERTEX_POINT('',#8893);
#8893 = CARTESIAN_POINT('',(11.565610343926,46.348859371851,1.692E+03));
#8894 = LINE('',#8895,#8896);
#8895 = CARTESIAN_POINT('',(11.565610343926,46.348859371851,1.692E+03));
#8896 = VECTOR('',#8897,1.);
#8897 = DIRECTION('',(-0.892616653828,0.450816491833,-0.));
#8898 = ORIENTED_EDGE('',*,*,#8899,.T.);
#8899 = EDGE_CURVE('',#8892,#8900,#8902,.T.);
#8900 = VERTEX_POINT('',#8901);
#8901 = CARTESIAN_POINT('',(5.25,56.613950890877,1.692E+03));
#8902 = CIRCLE('',#8903,11.5);
#8903 = AXIS2_PLACEMENT_3D('',#8904,#8905,#8906);
#8904 = CARTESIAN_POINT('',(16.75,56.613950890877,1.692E+03));
#8905 = DIRECTION('',(-0.,0.,-1.));
#8906 = DIRECTION('',(-1.,0.,0.));
#8907 = ORIENTED_EDGE('',*,*,#8908,.T.);
#8908 = EDGE_CURVE('',#8900,#8909,#8911,.T.);
#8909 = VERTEX_POINT('',#8910);
#8910 = CARTESIAN_POINT('',(5.25,57.25,1.692E+03));
#8911 = LINE('',#8912,#8913);
#8912 = CARTESIAN_POINT('',(5.25,57.25,1.692E+03));
#8913 = VECTOR('',#8914,1.);
#8914 = DIRECTION('',(-0.,1.,-0.));
#8915 = ORIENTED_EDGE('',*,*,#8916,.T.);
#8916 = EDGE_CURVE('',#8909,#8917,#8919,.T.);
#8917 = VERTEX_POINT('',#8918);
#8918 = CARTESIAN_POINT('',(8.75,60.75,1.692E+03));
#8919 = CIRCLE('',#8920,3.5);
#8920 = AXIS2_PLACEMENT_3D('',#8921,#8922,#8923);
#8921 = CARTESIAN_POINT('',(8.75,57.25,1.692E+03));
#8922 = DIRECTION('',(-0.,0.,-1.));
#8923 = DIRECTION('',(-5.075305255429E-16,1.,0.));
#8924 = ORIENTED_EDGE('',*,*,#8925,.T.);
#8925 = EDGE_CURVE('',#8917,#8926,#8928,.T.);
#8926 = VERTEX_POINT('',#8927);
#8927 = CARTESIAN_POINT('',(20.,60.75,1.692E+03));
#8928 = LINE('',#8929,#8930);
#8929 = CARTESIAN_POINT('',(20.,60.75,1.692E+03));
#8930 = VECTOR('',#8931,1.);
#8931 = DIRECTION('',(1.,-0.,-0.));
#8932 = ORIENTED_EDGE('',*,*,#8933,.T.);
#8933 = EDGE_CURVE('',#8926,#8934,#8936,.T.);
#8934 = VERTEX_POINT('',#8935);
#8935 = CARTESIAN_POINT('',(20.,59.25,1.692E+03));
#8936 = LINE('',#8937,#8938);
#8937 = CARTESIAN_POINT('',(20.,59.25,1.692E+03));
#8938 = VECTOR('',#8939,1.);
#8939 = DIRECTION('',(-0.,-1.,-0.));
#8940 = ORIENTED_EDGE('',*,*,#8941,.T.);
#8941 = EDGE_CURVE('',#8934,#8942,#8944,.T.);
#8942 = VERTEX_POINT('',#8943);
#8943 = CARTESIAN_POINT('',(8.75,59.25,1.692E+03));
#8944 = LINE('',#8945,#8946);
#8945 = CARTESIAN_POINT('',(20.,59.25,1.692E+03));
#8946 = VECTOR('',#8947,1.);
#8947 = DIRECTION('',(-1.,0.,0.));
#8948 = ORIENTED_EDGE('',*,*,#8949,.T.);
#8949 = EDGE_CURVE('',#8942,#8950,#8952,.T.);
#8950 = VERTEX_POINT('',#8951);
#8951 = CARTESIAN_POINT('',(6.75,57.25,1.692E+03));
#8952 = CIRCLE('',#8953,2.);
#8953 = AXIS2_PLACEMENT_3D('',#8954,#8955,#8956);
#8954 = CARTESIAN_POINT('',(8.75,57.25,1.692E+03));
#8955 = DIRECTION('',(0.,0.,1.));
#8956 = DIRECTION('',(-1.7763568394E-15,1.,0.));
#8957 = ORIENTED_EDGE('',*,*,#8958,.T.);
#8958 = EDGE_CURVE('',#8950,#8959,#8961,.T.);
#8959 = VERTEX_POINT('',#8960);
#8960 = CARTESIAN_POINT('',(6.75,56.613950890877,1.692E+03));
#8961 = LINE('',#8962,#8963);
#8962 = CARTESIAN_POINT('',(6.75,57.25,1.692E+03));
#8963 = VECTOR('',#8964,1.);
#8964 = DIRECTION('',(0.,-1.,0.));
#8965 = ORIENTED_EDGE('',*,*,#8966,.T.);
#8966 = EDGE_CURVE('',#8959,#8967,#8969,.T.);
#8967 = VERTEX_POINT('',#8968);
#8968 = CARTESIAN_POINT('',(12.241835081675,47.687784352593,1.692E+03));
#8969 = CIRCLE('',#8970,10.);
#8970 = AXIS2_PLACEMENT_3D('',#8971,#8972,#8973);
#8971 = CARTESIAN_POINT('',(16.75,56.613950890877,1.692E+03));
#8972 = DIRECTION('',(0.,0.,1.));
#8973 = DIRECTION('',(-1.,0.,0.));
#8974 = ORIENTED_EDGE('',*,*,#8975,.T.);
#8975 = EDGE_CURVE('',#8967,#8976,#8978,.T.);
#8976 = VERTEX_POINT('',#8977);
#8977 = CARTESIAN_POINT('',(96.673887083019,5.045333846864,1.692E+03));
#8978 = LINE('',#8979,#8980);
#8979 = CARTESIAN_POINT('',(12.241835081675,47.687784352593,1.692E+03));
#8980 = VECTOR('',#8981,1.);
#8981 = DIRECTION('',(0.892616653828,-0.450816491833,0.));
#8982 = ORIENTED_EDGE('',*,*,#8983,.T.);
#8983 = EDGE_CURVE('',#8976,#8984,#8986,.T.);
#8984 = VERTEX_POINT('',#8985);
#8985 = CARTESIAN_POINT('',(114.70654675632,0.75,1.692E+03));
#8986 = CIRCLE('',#8987,40.);
#8987 = AXIS2_PLACEMENT_3D('',#8988,#8989,#8990);
#8988 = CARTESIAN_POINT('',(114.70654675632,40.75,1.692E+03));
#8989 = DIRECTION('',(0.,0.,1.));
#8990 = DIRECTION('',(-0.450816491833,-0.892616653828,0.));
#8991 = ORIENTED_EDGE('',*,*,#8992,.T.);
#8992 = EDGE_CURVE('',#8984,#8993,#8995,.T.);
#8993 = VERTEX_POINT('',#8994);
#8994 = CARTESIAN_POINT('',(145.29345324368,0.75,1.692E+03));
#8995 = LINE('',#8996,#8997);
#8996 = CARTESIAN_POINT('',(114.70654675632,0.75,1.692E+03));
#8997 = VECTOR('',#8998,1.);
#8998 = DIRECTION('',(1.,0.,0.));
#8999 = ORIENTED_EDGE('',*,*,#9000,.T.);
#9000 = EDGE_CURVE('',#8993,#9001,#9003,.T.);
#9001 = VERTEX_POINT('',#9002);
#9002 = CARTESIAN_POINT('',(163.32611291698,5.045333846864,1.692E+03));
#9003 = CIRCLE('',#9004,40.);
#9004 = AXIS2_PLACEMENT_3D('',#9005,#9006,#9007);
#9005 = CARTESIAN_POINT('',(145.29345324368,40.75,1.692E+03));
#9006 = DIRECTION('',(0.,0.,1.));
#9007 = DIRECTION('',(0.,-1.,0.));
#9008 = ORIENTED_EDGE('',*,*,#9009,.T.);
#9009 = EDGE_CURVE('',#9001,#9010,#9012,.T.);
#9010 = VERTEX_POINT('',#9011);
#9011 = CARTESIAN_POINT('',(247.75816491832,47.687784352593,1.692E+03));
#9012 = LINE('',#9013,#9014);
#9013 = CARTESIAN_POINT('',(163.32611291698,5.045333846864,1.692E+03));
#9014 = VECTOR('',#9015,1.);
#9015 = DIRECTION('',(0.892616653828,0.450816491833,0.));
#9016 = ORIENTED_EDGE('',*,*,#9017,.T.);
#9017 = EDGE_CURVE('',#9010,#9018,#9020,.T.);
#9018 = VERTEX_POINT('',#9019);
#9019 = CARTESIAN_POINT('',(253.25,56.613950890877,1.692E+03));
#9020 = CIRCLE('',#9021,10.);
#9021 = AXIS2_PLACEMENT_3D('',#9022,#9023,#9024);
#9022 = CARTESIAN_POINT('',(243.25,56.613950890877,1.692E+03));
#9023 = DIRECTION('',(0.,0.,1.));
#9024 = DIRECTION('',(0.450816491833,-0.892616653828,0.));
#9025 = ORIENTED_EDGE('',*,*,#9026,.T.);
#9026 = EDGE_CURVE('',#9018,#9027,#9029,.T.);
#9027 = VERTEX_POINT('',#9028);
#9028 = CARTESIAN_POINT('',(253.25,97.25,1.692E+03));
#9029 = LINE('',#9030,#9031);
#9030 = CARTESIAN_POINT('',(253.25,56.613950890877,1.692E+03));
#9031 = VECTOR('',#9032,1.);
#9032 = DIRECTION('',(0.,1.,0.));
#9033 = ORIENTED_EDGE('',*,*,#9034,.T.);
#9034 = EDGE_CURVE('',#9027,#9035,#9037,.T.);
#9035 = VERTEX_POINT('',#9036);
#9036 = CARTESIAN_POINT('',(251.25,99.25,1.692E+03));
#9037 = CIRCLE('',#9038,2.);
#9038 = AXIS2_PLACEMENT_3D('',#9039,#9040,#9041);
#9039 = CARTESIAN_POINT('',(251.25,97.25,1.692E+03));
#9040 = DIRECTION('',(0.,0.,1.));
#9041 = DIRECTION('',(1.,-1.42108547152E-14,0.));
#9042 = ORIENTED_EDGE('',*,*,#9043,.T.);
#9043 = EDGE_CURVE('',#9035,#8557,#9044,.T.);
#9044 = LINE('',#9045,#9046);
#9045 = CARTESIAN_POINT('',(251.25,99.25,1.692E+03));
#9046 = VECTOR('',#9047,1.);
#9047 = DIRECTION('',(-1.,0.,0.));
#9048 = ORIENTED_EDGE('',*,*,#8564,.T.);
#9049 = PLANE('',#9050);
#9050 = AXIS2_PLACEMENT_3D('',#9051,#9052,#9053);
#9051 = CARTESIAN_POINT('',(143.96240247301,33.463305132465,1.692E+03));
#9052 = DIRECTION('',(-0.,-0.,-1.));
#9053 = DIRECTION('',(-1.,0.,0.));
#9054 = ADVANCED_FACE('',(#9055),#9066,.T.);
#9055 = FACE_BOUND('',#9056,.T.);
#9056 = EDGE_LOOP('',(#9057,#9063,#9064,#9065));
#9057 = ORIENTED_EDGE('',*,*,#9058,.T.);
#9058 = EDGE_CURVE('',#8815,#9035,#9059,.T.);
#9059 = LINE('',#9060,#9061);
#9060 = CARTESIAN_POINT('',(251.25,99.25,0.));
#9061 = VECTOR('',#9062,1.);
#9062 = DIRECTION('',(0.,0.,1.));
#9063 = ORIENTED_EDGE('',*,*,#9043,.T.);
#9064 = ORIENTED_EDGE('',*,*,#8554,.F.);
#9065 = ORIENTED_EDGE('',*,*,#8823,.F.);
#9066 = PLANE('',#9067);
#9067 = AXIS2_PLACEMENT_3D('',#9068,#9069,#9070);
#9068 = CARTESIAN_POINT('',(251.25,99.25,0.));
#9069 = DIRECTION('',(0.,-1.,0.));
#9070 = DIRECTION('',(-1.,0.,0.));
#9071 = ADVANCED_FACE('',(#9072),#9083,.T.);
#9072 = FACE_BOUND('',#9073,.T.);
#9073 = EDGE_LOOP('',(#9074,#9075,#9076,#9082));
#9074 = ORIENTED_EDGE('',*,*,#8595,.T.);
#9075 = ORIENTED_EDGE('',*,*,#8840,.T.);
#9076 = ORIENTED_EDGE('',*,*,#9077,.F.);
#9077 = EDGE_CURVE('',#8621,#8841,#9078,.T.);
#9078 = LINE('',#9079,#9080);
#9079 = CARTESIAN_POINT('',(254.75,56.613950890877,0.));
#9080 = VECTOR('',#9081,1.);
#9081 = DIRECTION('',(0.,0.,1.));
#9082 = ORIENTED_EDGE('',*,*,#8620,.F.);
#9083 = PLANE('',#9084);
#9084 = AXIS2_PLACEMENT_3D('',#9085,#9086,#9087);
#9085 = CARTESIAN_POINT('',(254.75,97.25,0.));
#9086 = DIRECTION('',(1.,0.,0.));
#9087 = DIRECTION('',(0.,-1.,0.));
#9088 = ADVANCED_FACE('',(#9089),#9100,.T.);
#9089 = FACE_BOUND('',#9090,.T.);
#9090 = EDGE_LOOP('',(#9091,#9092,#9093,#9099));
#9091 = ORIENTED_EDGE('',*,*,#9077,.T.);
#9092 = ORIENTED_EDGE('',*,*,#8848,.T.);
#9093 = ORIENTED_EDGE('',*,*,#9094,.F.);
#9094 = EDGE_CURVE('',#8629,#8849,#9095,.T.);
#9095 = LINE('',#9096,#9097);
#9096 = CARTESIAN_POINT('',(248.43438965607,46.348859371851,0.));
#9097 = VECTOR('',#9098,1.);
#9098 = DIRECTION('',(0.,0.,1.));
#9099 = ORIENTED_EDGE('',*,*,#8628,.F.);
#9100 = CYLINDRICAL_SURFACE('',#9101,11.5);
#9101 = AXIS2_PLACEMENT_3D('',#9102,#9103,#9104);
#9102 = CARTESIAN_POINT('',(243.25,56.613950890877,0.));
#9103 = DIRECTION('',(0.,-0.,-1.));
#9104 = DIRECTION('',(0.450816491833,-0.892616653828,0.));
#9105 = ADVANCED_FACE('',(#9106),#9117,.T.);
#9106 = FACE_BOUND('',#9107,.T.);
#9107 = EDGE_LOOP('',(#9108,#9109,#9110,#9116));
#9108 = ORIENTED_EDGE('',*,*,#9094,.T.);
#9109 = ORIENTED_EDGE('',*,*,#8857,.T.);
#9110 = ORIENTED_EDGE('',*,*,#9111,.F.);
#9111 = EDGE_CURVE('',#8638,#8858,#9112,.T.);
#9112 = LINE('',#9113,#9114);
#9113 = CARTESIAN_POINT('',(164.00233765473,3.706408866121,0.));
#9114 = VECTOR('',#9115,1.);
#9115 = DIRECTION('',(0.,0.,1.));
#9116 = ORIENTED_EDGE('',*,*,#8637,.F.);
#9117 = PLANE('',#9118);
#9118 = AXIS2_PLACEMENT_3D('',#9119,#9120,#9121);
#9119 = CARTESIAN_POINT('',(248.43438965607,46.348859371851,0.));
#9120 = DIRECTION('',(0.450816491833,-0.892616653828,0.));
#9121 = DIRECTION('',(-0.892616653828,-0.450816491833,0.));
#9122 = ADVANCED_FACE('',(#9123),#9134,.T.);
#9123 = FACE_BOUND('',#9124,.T.);
#9124 = EDGE_LOOP('',(#9125,#9126,#9127,#9133));
#9125 = ORIENTED_EDGE('',*,*,#9111,.T.);
#9126 = ORIENTED_EDGE('',*,*,#8865,.T.);
#9127 = ORIENTED_EDGE('',*,*,#9128,.F.);
#9128 = EDGE_CURVE('',#8646,#8866,#9129,.T.);
#9129 = LINE('',#9130,#9131);
#9130 = CARTESIAN_POINT('',(145.29345324368,-0.75,0.));
#9131 = VECTOR('',#9132,1.);
#9132 = DIRECTION('',(0.,0.,1.));
#9133 = ORIENTED_EDGE('',*,*,#8645,.F.);
#9134 = CYLINDRICAL_SURFACE('',#9135,41.5);
#9135 = AXIS2_PLACEMENT_3D('',#9136,#9137,#9138);
#9136 = CARTESIAN_POINT('',(145.29345324368,40.75,0.));
#9137 = DIRECTION('',(-0.,0.,-1.));
#9138 = DIRECTION('',(-1.369720936405E-15,-1.,0.));
#9139 = ADVANCED_FACE('',(#9140,#9151,#9162),#9173,.T.);
#9140 = FACE_BOUND('',#9141,.T.);
#9141 = EDGE_LOOP('',(#9142,#9143,#9144,#9150));
#9142 = ORIENTED_EDGE('',*,*,#9128,.T.);
#9143 = ORIENTED_EDGE('',*,*,#8874,.T.);
#9144 = ORIENTED_EDGE('',*,*,#9145,.F.);
#9145 = EDGE_CURVE('',#8655,#8875,#9146,.T.);
#9146 = LINE('',#9147,#9148);
#9147 = CARTESIAN_POINT('',(114.70654675632,-0.75,0.));
#9148 = VECTOR('',#9149,1.);
#9149 = DIRECTION('',(0.,0.,1.));
#9150 = ORIENTED_EDGE('',*,*,#8654,.F.);
#9151 = FACE_BOUND('',#9152,.T.);
#9152 = EDGE_LOOP('',(#9153));
#9153 = ORIENTED_EDGE('',*,*,#9154,.T.);
#9154 = EDGE_CURVE('',#9155,#9155,#9157,.T.);
#9155 = VERTEX_POINT('',#9156);
#9156 = CARTESIAN_POINT('',(130.,-0.75,1.67805E+03));
#9157 = CIRCLE('',#9158,2.05);
#9158 = AXIS2_PLACEMENT_3D('',#9159,#9160,#9161);
#9159 = CARTESIAN_POINT('',(130.,-0.75,1.676E+03));
#9160 = DIRECTION('',(-0.,1.,0.));
#9161 = DIRECTION('',(0.,0.,1.));
#9162 = FACE_BOUND('',#9163,.T.);
#9163 = EDGE_LOOP('',(#9164));
#9164 = ORIENTED_EDGE('',*,*,#9165,.T.);
#9165 = EDGE_CURVE('',#9166,#9166,#9168,.T.);
#9166 = VERTEX_POINT('',#9167);
#9167 = CARTESIAN_POINT('',(130.,-0.75,18.05));
#9168 = CIRCLE('',#9169,2.05);
#9169 = AXIS2_PLACEMENT_3D('',#9170,#9171,#9172);
#9170 = CARTESIAN_POINT('',(130.,-0.75,16.));
#9171 = DIRECTION('',(-0.,1.,0.));
#9172 = DIRECTION('',(0.,0.,1.));
#9173 = PLANE('',#9174);
#9174 = AXIS2_PLACEMENT_3D('',#9175,#9176,#9177);
#9175 = CARTESIAN_POINT('',(145.29345324368,-0.75,0.));
#9176 = DIRECTION('',(0.,-1.,0.));
#9177 = DIRECTION('',(-1.,-0.,0.));
#9178 = ADVANCED_FACE('',(#9179),#9190,.T.);
#9179 = FACE_BOUND('',#9180,.T.);
#9180 = EDGE_LOOP('',(#9181,#9182,#9183,#9189));
#9181 = ORIENTED_EDGE('',*,*,#9145,.T.);
#9182 = ORIENTED_EDGE('',*,*,#8882,.T.);
#9183 = ORIENTED_EDGE('',*,*,#9184,.F.);
#9184 = EDGE_CURVE('',#8663,#8883,#9185,.T.);
#9185 = LINE('',#9186,#9187);
#9186 = CARTESIAN_POINT('',(95.99766234527,3.706408866121,0.));
#9187 = VECTOR('',#9188,1.);
#9188 = DIRECTION('',(0.,0.,1.));
#9189 = ORIENTED_EDGE('',*,*,#8662,.F.);
#9190 = CYLINDRICAL_SURFACE('',#9191,41.5);
#9191 = AXIS2_PLACEMENT_3D('',#9192,#9193,#9194);
#9192 = CARTESIAN_POINT('',(114.70654675632,40.75,0.));
#9193 = DIRECTION('',(-0.,0.,-1.));
#9194 = DIRECTION('',(-0.450816491833,-0.892616653828,0.));
#9195 = ADVANCED_FACE('',(#9196),#9207,.T.);
#9196 = FACE_BOUND('',#9197,.T.);
#9197 = EDGE_LOOP('',(#9198,#9199,#9200,#9206));
#9198 = ORIENTED_EDGE('',*,*,#9184,.T.);
#9199 = ORIENTED_EDGE('',*,*,#8891,.T.);
#9200 = ORIENTED_EDGE('',*,*,#9201,.F.);
#9201 = EDGE_CURVE('',#8672,#8892,#9202,.T.);
#9202 = LINE('',#9203,#9204);
#9203 = CARTESIAN_POINT('',(11.565610343926,46.348859371851,0.));
#9204 = VECTOR('',#9205,1.);
#9205 = DIRECTION('',(0.,0.,1.));
#9206 = ORIENTED_EDGE('',*,*,#8671,.F.);
#9207 = PLANE('',#9208);
#9208 = AXIS2_PLACEMENT_3D('',#9209,#9210,#9211);
#9209 = CARTESIAN_POINT('',(95.99766234527,3.706408866121,0.));
#9210 = DIRECTION('',(-0.450816491833,-0.892616653828,0.));
#9211 = DIRECTION('',(-0.892616653828,0.450816491833,0.));
#9212 = ADVANCED_FACE('',(#9213),#9224,.T.);
#9213 = FACE_BOUND('',#9214,.T.);
#9214 = EDGE_LOOP('',(#9215,#9216,#9217,#9223));
#9215 = ORIENTED_EDGE('',*,*,#9201,.T.);
#9216 = ORIENTED_EDGE('',*,*,#8899,.T.);
#9217 = ORIENTED_EDGE('',*,*,#9218,.F.);
#9218 = EDGE_CURVE('',#8680,#8900,#9219,.T.);
#9219 = LINE('',#9220,#9221);
#9220 = CARTESIAN_POINT('',(5.25,56.613950890877,0.));
#9221 = VECTOR('',#9222,1.);
#9222 = DIRECTION('',(0.,0.,1.));
#9223 = ORIENTED_EDGE('',*,*,#8679,.F.);
#9224 = CYLINDRICAL_SURFACE('',#9225,11.5);
#9225 = AXIS2_PLACEMENT_3D('',#9226,#9227,#9228);
#9226 = CARTESIAN_POINT('',(16.75,56.613950890877,0.));
#9227 = DIRECTION('',(-0.,0.,-1.));
#9228 = DIRECTION('',(-1.,0.,0.));
#9229 = ADVANCED_FACE('',(#9230),#9241,.T.);
#9230 = FACE_BOUND('',#9231,.T.);
#9231 = EDGE_LOOP('',(#9232,#9233,#9234,#9240));
#9232 = ORIENTED_EDGE('',*,*,#9218,.T.);
#9233 = ORIENTED_EDGE('',*,*,#8908,.T.);
#9234 = ORIENTED_EDGE('',*,*,#9235,.F.);
#9235 = EDGE_CURVE('',#8689,#8909,#9236,.T.);
#9236 = LINE('',#9237,#9238);
#9237 = CARTESIAN_POINT('',(5.25,57.25,0.));
#9238 = VECTOR('',#9239,1.);
#9239 = DIRECTION('',(0.,0.,1.));
#9240 = ORIENTED_EDGE('',*,*,#8688,.F.);
#9241 = PLANE('',#9242);
#9242 = AXIS2_PLACEMENT_3D('',#9243,#9244,#9245);
#9243 = CARTESIAN_POINT('',(5.25,56.613950890877,0.));
#9244 = DIRECTION('',(-1.,0.,0.));
#9245 = DIRECTION('',(0.,1.,-0.));
#9246 = ADVANCED_FACE('',(#9247),#9258,.T.);
#9247 = FACE_BOUND('',#9248,.T.);
#9248 = EDGE_LOOP('',(#9249,#9250,#9251,#9257));
#9249 = ORIENTED_EDGE('',*,*,#9235,.T.);
#9250 = ORIENTED_EDGE('',*,*,#8916,.T.);
#9251 = ORIENTED_EDGE('',*,*,#9252,.F.);
#9252 = EDGE_CURVE('',#8697,#8917,#9253,.T.);
#9253 = LINE('',#9254,#9255);
#9254 = CARTESIAN_POINT('',(8.75,60.75,0.));
#9255 = VECTOR('',#9256,1.);
#9256 = DIRECTION('',(0.,0.,1.));
#9257 = ORIENTED_EDGE('',*,*,#8696,.F.);
#9258 = CYLINDRICAL_SURFACE('',#9259,3.5);
#9259 = AXIS2_PLACEMENT_3D('',#9260,#9261,#9262);
#9260 = CARTESIAN_POINT('',(8.75,57.25,0.));
#9261 = DIRECTION('',(-0.,0.,-1.));
#9262 = DIRECTION('',(-5.075305255429E-16,1.,0.));
#9263 = ADVANCED_FACE('',(#9264),#9275,.T.);
#9264 = FACE_BOUND('',#9265,.T.);
#9265 = EDGE_LOOP('',(#9266,#9267,#9268,#9274));
#9266 = ORIENTED_EDGE('',*,*,#9252,.T.);
#9267 = ORIENTED_EDGE('',*,*,#8925,.T.);
#9268 = ORIENTED_EDGE('',*,*,#9269,.F.);
#9269 = EDGE_CURVE('',#8706,#8926,#9270,.T.);
#9270 = LINE('',#9271,#9272);
#9271 = CARTESIAN_POINT('',(20.,60.75,0.));
#9272 = VECTOR('',#9273,1.);
#9273 = DIRECTION('',(0.,0.,1.));
#9274 = ORIENTED_EDGE('',*,*,#8705,.F.);
#9275 = PLANE('',#9276);
#9276 = AXIS2_PLACEMENT_3D('',#9277,#9278,#9279);
#9277 = CARTESIAN_POINT('',(8.75,60.75,0.));
#9278 = DIRECTION('',(0.,1.,-0.));
#9279 = DIRECTION('',(1.,-0.,0.));
#9280 = ADVANCED_FACE('',(#9281),#9292,.T.);
#9281 = FACE_BOUND('',#9282,.T.);
#9282 = EDGE_LOOP('',(#9283,#9284,#9285,#9291));
#9283 = ORIENTED_EDGE('',*,*,#9269,.T.);
#9284 = ORIENTED_EDGE('',*,*,#8933,.T.);
#9285 = ORIENTED_EDGE('',*,*,#9286,.F.);
#9286 = EDGE_CURVE('',#8714,#8934,#9287,.T.);
#9287 = LINE('',#9288,#9289);
#9288 = CARTESIAN_POINT('',(20.,59.25,0.));
#9289 = VECTOR('',#9290,1.);
#9290 = DIRECTION('',(0.,0.,1.));
#9291 = ORIENTED_EDGE('',*,*,#8713,.F.);
#9292 = PLANE('',#9293);
#9293 = AXIS2_PLACEMENT_3D('',#9294,#9295,#9296);
#9294 = CARTESIAN_POINT('',(20.,60.75,0.));
#9295 = DIRECTION('',(1.,0.,0.));
#9296 = DIRECTION('',(0.,-1.,0.));
#9297 = ADVANCED_FACE('',(#9298),#9309,.T.);
#9298 = FACE_BOUND('',#9299,.T.);
#9299 = EDGE_LOOP('',(#9300,#9301,#9302,#9308));
#9300 = ORIENTED_EDGE('',*,*,#9286,.T.);
#9301 = ORIENTED_EDGE('',*,*,#8941,.T.);
#9302 = ORIENTED_EDGE('',*,*,#9303,.F.);
#9303 = EDGE_CURVE('',#8722,#8942,#9304,.T.);
#9304 = LINE('',#9305,#9306);
#9305 = CARTESIAN_POINT('',(8.75,59.25,0.));
#9306 = VECTOR('',#9307,1.);
#9307 = DIRECTION('',(0.,0.,1.));
#9308 = ORIENTED_EDGE('',*,*,#8721,.F.);
#9309 = PLANE('',#9310);
#9310 = AXIS2_PLACEMENT_3D('',#9311,#9312,#9313);
#9311 = CARTESIAN_POINT('',(20.,59.25,0.));
#9312 = DIRECTION('',(0.,-1.,0.));
#9313 = DIRECTION('',(-1.,0.,0.));
#9314 = ADVANCED_FACE('',(#9315),#9326,.F.);
#9315 = FACE_BOUND('',#9316,.T.);
#9316 = EDGE_LOOP('',(#9317,#9318,#9319,#9325));
#9317 = ORIENTED_EDGE('',*,*,#9303,.T.);
#9318 = ORIENTED_EDGE('',*,*,#8949,.T.);
#9319 = ORIENTED_EDGE('',*,*,#9320,.F.);
#9320 = EDGE_CURVE('',#8730,#8950,#9321,.T.);
#9321 = LINE('',#9322,#9323);
#9322 = CARTESIAN_POINT('',(6.75,57.25,0.));
#9323 = VECTOR('',#9324,1.);
#9324 = DIRECTION('',(0.,0.,1.));
#9325 = ORIENTED_EDGE('',*,*,#8729,.F.);
#9326 = CYLINDRICAL_SURFACE('',#9327,2.);
#9327 = AXIS2_PLACEMENT_3D('',#9328,#9329,#9330);
#9328 = CARTESIAN_POINT('',(8.75,57.25,0.));
#9329 = DIRECTION('',(-0.,-0.,-1.));
#9330 = DIRECTION('',(-1.7763568394E-15,1.,0.));
#9331 = ADVANCED_FACE('',(#9332),#9343,.T.);
#9332 = FACE_BOUND('',#9333,.T.);
#9333 = EDGE_LOOP('',(#9334,#9335,#9336,#9342));
#9334 = ORIENTED_EDGE('',*,*,#9320,.T.);
#9335 = ORIENTED_EDGE('',*,*,#8958,.T.);
#9336 = ORIENTED_EDGE('',*,*,#9337,.F.);
#9337 = EDGE_CURVE('',#8739,#8959,#9338,.T.);
#9338 = LINE('',#9339,#9340);
#9339 = CARTESIAN_POINT('',(6.75,56.613950890877,0.));
#9340 = VECTOR('',#9341,1.);
#9341 = DIRECTION('',(0.,0.,1.));
#9342 = ORIENTED_EDGE('',*,*,#8738,.F.);
#9343 = PLANE('',#9344);
#9344 = AXIS2_PLACEMENT_3D('',#9345,#9346,#9347);
#9345 = CARTESIAN_POINT('',(6.75,57.25,0.));
#9346 = DIRECTION('',(1.,0.,-0.));
#9347 = DIRECTION('',(0.,-1.,0.));
#9348 = ADVANCED_FACE('',(#9349),#9360,.F.);
#9349 = FACE_BOUND('',#9350,.T.);
#9350 = EDGE_LOOP('',(#9351,#9352,#9353,#9359));
#9351 = ORIENTED_EDGE('',*,*,#9337,.T.);
#9352 = ORIENTED_EDGE('',*,*,#8966,.T.);
#9353 = ORIENTED_EDGE('',*,*,#9354,.F.);
#9354 = EDGE_CURVE('',#8747,#8967,#9355,.T.);
#9355 = LINE('',#9356,#9357);
#9356 = CARTESIAN_POINT('',(12.241835081675,47.687784352593,0.));
#9357 = VECTOR('',#9358,1.);
#9358 = DIRECTION('',(0.,0.,1.));
#9359 = ORIENTED_EDGE('',*,*,#8746,.F.);
#9360 = CYLINDRICAL_SURFACE('',#9361,10.);
#9361 = AXIS2_PLACEMENT_3D('',#9362,#9363,#9364);
#9362 = CARTESIAN_POINT('',(16.75,56.613950890877,0.));
#9363 = DIRECTION('',(-0.,-0.,-1.));
#9364 = DIRECTION('',(-1.,0.,0.));
#9365 = ADVANCED_FACE('',(#9366),#9377,.T.);
#9366 = FACE_BOUND('',#9367,.T.);
#9367 = EDGE_LOOP('',(#9368,#9369,#9370,#9376));
#9368 = ORIENTED_EDGE('',*,*,#9354,.T.);
#9369 = ORIENTED_EDGE('',*,*,#8975,.T.);
#9370 = ORIENTED_EDGE('',*,*,#9371,.F.);
#9371 = EDGE_CURVE('',#8756,#8976,#9372,.T.);
#9372 = LINE('',#9373,#9374);
#9373 = CARTESIAN_POINT('',(96.673887083019,5.045333846864,0.));
#9374 = VECTOR('',#9375,1.);
#9375 = DIRECTION('',(0.,0.,1.));
#9376 = ORIENTED_EDGE('',*,*,#8755,.F.);
#9377 = PLANE('',#9378);
#9378 = AXIS2_PLACEMENT_3D('',#9379,#9380,#9381);
#9379 = CARTESIAN_POINT('',(12.241835081675,47.687784352593,0.));
#9380 = DIRECTION('',(0.450816491833,0.892616653828,-0.));
#9381 = DIRECTION('',(0.892616653828,-0.450816491833,0.));
#9382 = ADVANCED_FACE('',(#9383),#9394,.F.);
#9383 = FACE_BOUND('',#9384,.T.);
#9384 = EDGE_LOOP('',(#9385,#9386,#9387,#9393));
#9385 = ORIENTED_EDGE('',*,*,#9371,.T.);
#9386 = ORIENTED_EDGE('',*,*,#8983,.T.);
#9387 = ORIENTED_EDGE('',*,*,#9388,.F.);
#9388 = EDGE_CURVE('',#8764,#8984,#9389,.T.);
#9389 = LINE('',#9390,#9391);
#9390 = CARTESIAN_POINT('',(114.70654675632,0.75,0.));
#9391 = VECTOR('',#9392,1.);
#9392 = DIRECTION('',(0.,0.,1.));
#9393 = ORIENTED_EDGE('',*,*,#8763,.F.);
#9394 = CYLINDRICAL_SURFACE('',#9395,40.);
#9395 = AXIS2_PLACEMENT_3D('',#9396,#9397,#9398);
#9396 = CARTESIAN_POINT('',(114.70654675632,40.75,0.));
#9397 = DIRECTION('',(-0.,-0.,-1.));
#9398 = DIRECTION('',(-0.450816491833,-0.892616653828,0.));
#9399 = ADVANCED_FACE('',(#9400,#9411,#9422),#9433,.T.);
#9400 = FACE_BOUND('',#9401,.T.);
#9401 = EDGE_LOOP('',(#9402,#9403,#9404,#9410));
#9402 = ORIENTED_EDGE('',*,*,#9388,.T.);
#9403 = ORIENTED_EDGE('',*,*,#8992,.T.);
#9404 = ORIENTED_EDGE('',*,*,#9405,.F.);
#9405 = EDGE_CURVE('',#8773,#8993,#9406,.T.);
#9406 = LINE('',#9407,#9408);
#9407 = CARTESIAN_POINT('',(145.29345324368,0.75,0.));
#9408 = VECTOR('',#9409,1.);
#9409 = DIRECTION('',(0.,0.,1.));
#9410 = ORIENTED_EDGE('',*,*,#8772,.F.);
#9411 = FACE_BOUND('',#9412,.T.);
#9412 = EDGE_LOOP('',(#9413));
#9413 = ORIENTED_EDGE('',*,*,#9414,.F.);
#9414 = EDGE_CURVE('',#9415,#9415,#9417,.T.);
#9415 = VERTEX_POINT('',#9416);
#9416 = CARTESIAN_POINT('',(130.,0.75,1.67805E+03));
#9417 = CIRCLE('',#9418,2.05);
#9418 = AXIS2_PLACEMENT_3D('',#9419,#9420,#9421);
#9419 = CARTESIAN_POINT('',(130.,0.75,1.676E+03));
#9420 = DIRECTION('',(-0.,1.,0.));
#9421 = DIRECTION('',(0.,0.,1.));
#9422 = FACE_BOUND('',#9423,.T.);
#9423 = EDGE_LOOP('',(#9424));
#9424 = ORIENTED_EDGE('',*,*,#9425,.F.);
#9425 = EDGE_CURVE('',#9426,#9426,#9428,.T.);
#9426 = VERTEX_POINT('',#9427);
#9427 = CARTESIAN_POINT('',(130.,0.75,18.05));
#9428 = CIRCLE('',#9429,2.05);
#9429 = AXIS2_PLACEMENT_3D('',#9430,#9431,#9432);
#9430 = CARTESIAN_POINT('',(130.,0.75,16.));
#9431 = DIRECTION('',(-0.,1.,0.));
#9432 = DIRECTION('',(0.,0.,1.));
#9433 = PLANE('',#9434);
#9434 = AXIS2_PLACEMENT_3D('',#9435,#9436,#9437);
#9435 = CARTESIAN_POINT('',(114.70654675632,0.75,0.));
#9436 = DIRECTION('',(0.,1.,0.));
#9437 = DIRECTION('',(1.,0.,0.));
#9438 = ADVANCED_FACE('',(#9439),#9450,.F.);
#9439 = FACE_BOUND('',#9440,.T.);
#9440 = EDGE_LOOP('',(#9441,#9442,#9443,#9449));
#9441 = ORIENTED_EDGE('',*,*,#9405,.T.);
#9442 = ORIENTED_EDGE('',*,*,#9000,.T.);
#9443 = ORIENTED_EDGE('',*,*,#9444,.F.);
#9444 = EDGE_CURVE('',#8781,#9001,#9445,.T.);
#9445 = LINE('',#9446,#9447);
#9446 = CARTESIAN_POINT('',(163.32611291698,5.045333846864,0.));
#9447 = VECTOR('',#9448,1.);
#9448 = DIRECTION('',(0.,0.,1.));
#9449 = ORIENTED_EDGE('',*,*,#8780,.F.);
#9450 = CYLINDRICAL_SURFACE('',#9451,40.);
#9451 = AXIS2_PLACEMENT_3D('',#9452,#9453,#9454);
#9452 = CARTESIAN_POINT('',(145.29345324368,40.75,0.));
#9453 = DIRECTION('',(-0.,-0.,-1.));
#9454 = DIRECTION('',(0.,-1.,0.));
#9455 = ADVANCED_FACE('',(#9456),#9467,.T.);
#9456 = FACE_BOUND('',#9457,.T.);
#9457 = EDGE_LOOP('',(#9458,#9459,#9460,#9466));
#9458 = ORIENTED_EDGE('',*,*,#9444,.T.);
#9459 = ORIENTED_EDGE('',*,*,#9009,.T.);
#9460 = ORIENTED_EDGE('',*,*,#9461,.F.);
#9461 = EDGE_CURVE('',#8790,#9010,#9462,.T.);
#9462 = LINE('',#9463,#9464);
#9463 = CARTESIAN_POINT('',(247.75816491832,47.687784352593,0.));
#9464 = VECTOR('',#9465,1.);
#9465 = DIRECTION('',(0.,0.,1.));
#9466 = ORIENTED_EDGE('',*,*,#8789,.F.);
#9467 = PLANE('',#9468);
#9468 = AXIS2_PLACEMENT_3D('',#9469,#9470,#9471);
#9469 = CARTESIAN_POINT('',(163.32611291698,5.045333846864,0.));
#9470 = DIRECTION('',(-0.450816491833,0.892616653828,0.));
#9471 = DIRECTION('',(0.892616653828,0.450816491833,0.));
#9472 = ADVANCED_FACE('',(#9473),#9484,.F.);
#9473 = FACE_BOUND('',#9474,.T.);
#9474 = EDGE_LOOP('',(#9475,#9476,#9477,#9483));
#9475 = ORIENTED_EDGE('',*,*,#9461,.T.);
#9476 = ORIENTED_EDGE('',*,*,#9017,.T.);
#9477 = ORIENTED_EDGE('',*,*,#9478,.F.);
#9478 = EDGE_CURVE('',#8798,#9018,#9479,.T.);
#9479 = LINE('',#9480,#9481);
#9480 = CARTESIAN_POINT('',(253.25,56.613950890877,0.));
#9481 = VECTOR('',#9482,1.);
#9482 = DIRECTION('',(0.,0.,1.));
#9483 = ORIENTED_EDGE('',*,*,#8797,.F.);
#9484 = CYLINDRICAL_SURFACE('',#9485,10.);
#9485 = AXIS2_PLACEMENT_3D('',#9486,#9487,#9488);
#9486 = CARTESIAN_POINT('',(243.25,56.613950890877,0.));
#9487 = DIRECTION('',(-0.,-0.,-1.));
#9488 = DIRECTION('',(0.450816491833,-0.892616653828,0.));
#9489 = ADVANCED_FACE('',(#9490),#9501,.T.);
#9490 = FACE_BOUND('',#9491,.T.);
#9491 = EDGE_LOOP('',(#9492,#9493,#9494,#9500));
#9492 = ORIENTED_EDGE('',*,*,#9478,.T.);
#9493 = ORIENTED_EDGE('',*,*,#9026,.T.);
#9494 = ORIENTED_EDGE('',*,*,#9495,.F.);
#9495 = EDGE_CURVE('',#8807,#9027,#9496,.T.);
#9496 = LINE('',#9497,#9498);
#9497 = CARTESIAN_POINT('',(253.25,97.25,0.));
#9498 = VECTOR('',#9499,1.);
#9499 = DIRECTION('',(0.,0.,1.));
#9500 = ORIENTED_EDGE('',*,*,#8806,.F.);
#9501 = PLANE('',#9502);
#9502 = AXIS2_PLACEMENT_3D('',#9503,#9504,#9505);
#9503 = CARTESIAN_POINT('',(253.25,56.613950890877,0.));
#9504 = DIRECTION('',(-1.,0.,0.));
#9505 = DIRECTION('',(0.,1.,0.));
#9506 = ADVANCED_FACE('',(#9507),#9513,.F.);
#9507 = FACE_BOUND('',#9508,.T.);
#9508 = EDGE_LOOP('',(#9509,#9510,#9511,#9512));
#9509 = ORIENTED_EDGE('',*,*,#9495,.T.);
#9510 = ORIENTED_EDGE('',*,*,#9034,.T.);
#9511 = ORIENTED_EDGE('',*,*,#9058,.F.);
#9512 = ORIENTED_EDGE('',*,*,#8814,.F.);
#9513 = CYLINDRICAL_SURFACE('',#9514,2.);
#9514 = AXIS2_PLACEMENT_3D('',#9515,#9516,#9517);
#9515 = CARTESIAN_POINT('',(251.25,97.25,0.));
#9516 = DIRECTION('',(-0.,-0.,-1.));
#9517 = DIRECTION('',(1.,-1.42108547152E-14,0.));
#9518 = ADVANCED_FACE('',(#9519),#9530,.F.);
#9519 = FACE_BOUND('',#9520,.F.);
#9520 = EDGE_LOOP('',(#9521,#9522,#9528,#9529));
#9521 = ORIENTED_EDGE('',*,*,#9414,.F.);
#9522 = ORIENTED_EDGE('',*,*,#9523,.F.);
#9523 = EDGE_CURVE('',#9155,#9415,#9524,.T.);
#9524 = LINE('',#9525,#9526);
#9525 = CARTESIAN_POINT('',(130.,-3.,1.67805E+03));
#9526 = VECTOR('',#9527,1.);
#9527 = DIRECTION('',(0.,1.,0.));
#9528 = ORIENTED_EDGE('',*,*,#9154,.T.);
#9529 = ORIENTED_EDGE('',*,*,#9523,.T.);
#9530 = CYLINDRICAL_SURFACE('',#9531,2.05);
#9531 = AXIS2_PLACEMENT_3D('',#9532,#9533,#9534);
#9532 = CARTESIAN_POINT('',(130.,-3.,1.676E+03));
#9533 = DIRECTION('',(-0.,1.,0.));
#9534 = DIRECTION('',(0.,0.,1.));
#9535 = ADVANCED_FACE('',(#9536),#9547,.F.);
#9536 = FACE_BOUND('',#9537,.F.);
#9537 = EDGE_LOOP('',(#9538,#9539,#9545,#9546));
#9538 = ORIENTED_EDGE('',*,*,#9425,.F.);
#9539 = ORIENTED_EDGE('',*,*,#9540,.F.);
#9540 = EDGE_CURVE('',#9166,#9426,#9541,.T.);
#9541 = LINE('',#9542,#9543);
#9542 = CARTESIAN_POINT('',(130.,-3.,18.05));
#9543 = VECTOR('',#9544,1.);
#9544 = DIRECTION('',(0.,1.,0.));
#9545 = ORIENTED_EDGE('',*,*,#9165,.T.);
#9546 = ORIENTED_EDGE('',*,*,#9540,.T.);
#9547 = CYLINDRICAL_SURFACE('',#9548,2.05);
#9548 = AXIS2_PLACEMENT_3D('',#9549,#9550,#9551);
#9549 = CARTESIAN_POINT('',(130.,-3.,16.));
#9550 = DIRECTION('',(-0.,1.,0.));
#9551 = DIRECTION('',(0.,0.,1.));
#9552 = ( GEOMETRIC_REPRESENTATION_CONTEXT(3) 
GLOBAL_UNCERTAINTY_ASSIGNED_CONTEXT((#9556)) 
GLOBAL_UNIT_ASSIGNED_CONTEXT((#9553,#9554,#9555)) REPRESENTATION_CONTEXT
('Context #1','3D Context with UNIT and UNCERTAINTY') );
#9553 = ( LENGTH_UNIT() NAMED_UNIT(*) SI_UNIT(.MILLI.,.METRE.) );
#9554 = ( NAMED_UNIT(*) PLANE_ANGLE_UNIT() SI_UNIT($,.RADIAN.) );
#9555 = ( NAMED_UNIT(*) SI_UNIT($,.STERADIAN.) SOLID_ANGLE_UNIT() );
#9556 = UNCERTAINTY_MEASURE_WITH_UNIT(LENGTH_MEASURE(1.E-07),#9553,
  'distance_accuracy_value','confusion accuracy');
#9557 = CONTEXT_DEPENDENT_SHAPE_REPRESENTATION(#9558,#9560);
#9558 = ( REPRESENTATION_RELATIONSHIP('','',#8507,#10) 
REPRESENTATION_RELATIONSHIP_WITH_TRANSFORMATION(#9559) 
SHAPE_REPRESENTATION_RELATIONSHIP() );
#9559 = ITEM_DEFINED_TRANSFORMATION('','',#11,#67);
#9560 = PRODUCT_DEFINITION_SHAPE('Placement','Placement of an item',
  #9561);
#9561 = NEXT_ASSEMBLY_USAGE_OCCURRENCE('166','Polica_4','',#5,#8502,$);
#9562 = PRODUCT_RELATED_PRODUCT_CATEGORY('part',$,(#8504));
#9563 = SHAPE_DEFINITION_REPRESENTATION(#9564,#9570);
#9564 = PRODUCT_DEFINITION_SHAPE('','',#9565);
#9565 = PRODUCT_DEFINITION('design','',#9566,#9569);
#9566 = PRODUCT_DEFINITION_FORMATION('','',#9567);
#9567 = PRODUCT('Nosilec_5_L','Nosilec_5_L','',(#9568));
#9568 = PRODUCT_CONTEXT('',#2,'mechanical');
#9569 = PRODUCT_DEFINITION_CONTEXT('part definition',#2,'design');
#9570 = ADVANCED_BREP_SHAPE_REPRESENTATION('',(#11,#9571),#9974);
#9571 = MANIFOLD_SOLID_BREP('',#9572);
#9572 = CLOSED_SHELL('',(#9573,#9624,#9655,#9713,#9771,#9788,#9813,#9833
    ,#9872,#9889,#9928,#9940,#9957));
#9573 = ADVANCED_FACE('',(#9574,#9608),#9619,.T.);
#9574 = FACE_BOUND('',#9575,.T.);
#9575 = EDGE_LOOP('',(#9576,#9586,#9594,#9602));
#9576 = ORIENTED_EDGE('',*,*,#9577,.T.);
#9577 = EDGE_CURVE('',#9578,#9580,#9582,.T.);
#9578 = VERTEX_POINT('',#9579);
#9579 = CARTESIAN_POINT('',(40.,1.308E+03,0.));
#9580 = VERTEX_POINT('',#9581);
#9581 = CARTESIAN_POINT('',(40.,1.308E+03,180.));
#9582 = LINE('',#9583,#9584);
#9583 = CARTESIAN_POINT('',(40.,1.308E+03,0.));
#9584 = VECTOR('',#9585,1.);
#9585 = DIRECTION('',(0.,0.,1.));
#9586 = ORIENTED_EDGE('',*,*,#9587,.T.);
#9587 = EDGE_CURVE('',#9580,#9588,#9590,.T.);
#9588 = VERTEX_POINT('',#9589);
#9589 = CARTESIAN_POINT('',(4.,1.308E+03,180.));
#9590 = LINE('',#9591,#9592);
#9591 = CARTESIAN_POINT('',(4.,1.308E+03,180.));
#9592 = VECTOR('',#9593,1.);
#9593 = DIRECTION('',(-1.,-0.,-0.));
#9594 = ORIENTED_EDGE('',*,*,#9595,.F.);
#9595 = EDGE_CURVE('',#9596,#9588,#9598,.T.);
#9596 = VERTEX_POINT('',#9597);
#9597 = CARTESIAN_POINT('',(4.,1.308E+03,0.));
#9598 = LINE('',#9599,#9600);
#9599 = CARTESIAN_POINT('',(4.,1.308E+03,0.));
#9600 = VECTOR('',#9601,1.);
#9601 = DIRECTION('',(0.,0.,1.));
#9602 = ORIENTED_EDGE('',*,*,#9603,.F.);
#9603 = EDGE_CURVE('',#9578,#9596,#9604,.T.);
#9604 = LINE('',#9605,#9606);
#9605 = CARTESIAN_POINT('',(4.,1.308E+03,0.));
#9606 = VECTOR('',#9607,1.);
#9607 = DIRECTION('',(-1.,-0.,-0.));
#9608 = FACE_BOUND('',#9609,.T.);
#9609 = EDGE_LOOP('',(#9610));
#9610 = ORIENTED_EDGE('',*,*,#9611,.T.);
#9611 = EDGE_CURVE('',#9612,#9612,#9614,.T.);
#9612 = VERTEX_POINT('',#9613);
#9613 = CARTESIAN_POINT('',(20.,1.308E+03,92.05));
#9614 = CIRCLE('',#9615,2.05);
#9615 = AXIS2_PLACEMENT_3D('',#9616,#9617,#9618);
#9616 = CARTESIAN_POINT('',(20.,1.308E+03,90.));
#9617 = DIRECTION('',(-0.,1.,0.));
#9618 = DIRECTION('',(0.,0.,1.));
#9619 = PLANE('',#9620);
#9620 = AXIS2_PLACEMENT_3D('',#9621,#9622,#9623);
#9621 = CARTESIAN_POINT('',(40.,1.308E+03,0.));
#9622 = DIRECTION('',(0.,-1.,0.));
#9623 = DIRECTION('',(-1.,-0.,0.));
#9624 = ADVANCED_FACE('',(#9625),#9650,.T.);
#9625 = FACE_BOUND('',#9626,.T.);
#9626 = EDGE_LOOP('',(#9627,#9637,#9643,#9644));
#9627 = ORIENTED_EDGE('',*,*,#9628,.T.);
#9628 = EDGE_CURVE('',#9629,#9631,#9633,.T.);
#9629 = VERTEX_POINT('',#9630);
#9630 = CARTESIAN_POINT('',(40.,1.31E+03,0.));
#9631 = VERTEX_POINT('',#9632);
#9632 = CARTESIAN_POINT('',(40.,1.31E+03,180.));
#9633 = LINE('',#9634,#9635);
#9634 = CARTESIAN_POINT('',(40.,1.31E+03,0.));
#9635 = VECTOR('',#9636,1.);
#9636 = DIRECTION('',(0.,0.,1.));
#9637 = ORIENTED_EDGE('',*,*,#9638,.T.);
#9638 = EDGE_CURVE('',#9631,#9580,#9639,.T.);
#9639 = LINE('',#9640,#9641);
#9640 = CARTESIAN_POINT('',(40.,1.31E+03,180.));
#9641 = VECTOR('',#9642,1.);
#9642 = DIRECTION('',(0.,-1.,0.));
#9643 = ORIENTED_EDGE('',*,*,#9577,.F.);
#9644 = ORIENTED_EDGE('',*,*,#9645,.F.);
#9645 = EDGE_CURVE('',#9629,#9578,#9646,.T.);
#9646 = LINE('',#9647,#9648);
#9647 = CARTESIAN_POINT('',(40.,1.31E+03,0.));
#9648 = VECTOR('',#9649,1.);
#9649 = DIRECTION('',(0.,-1.,0.));
#9650 = PLANE('',#9651);
#9651 = AXIS2_PLACEMENT_3D('',#9652,#9653,#9654);
#9652 = CARTESIAN_POINT('',(40.,1.31E+03,0.));
#9653 = DIRECTION('',(1.,0.,-0.));
#9654 = DIRECTION('',(0.,-1.,0.));
#9655 = ADVANCED_FACE('',(#9656),#9708,.T.);
#9656 = FACE_BOUND('',#9657,.T.);
#9657 = EDGE_LOOP('',(#9658,#9659,#9668,#9676,#9684,#9692,#9701,#9707));
#9658 = ORIENTED_EDGE('',*,*,#9603,.T.);
#9659 = ORIENTED_EDGE('',*,*,#9660,.T.);
#9660 = EDGE_CURVE('',#9596,#9661,#9663,.T.);
#9661 = VERTEX_POINT('',#9662);
#9662 = CARTESIAN_POINT('',(2.,1.306E+03,0.));
#9663 = CIRCLE('',#9664,2.);
#9664 = AXIS2_PLACEMENT_3D('',#9665,#9666,#9667);
#9665 = CARTESIAN_POINT('',(4.,1.306E+03,0.));
#9666 = DIRECTION('',(-0.,0.,1.));
#9667 = DIRECTION('',(-1.,-1.136868377216E-13,-0.));
#9668 = ORIENTED_EDGE('',*,*,#9669,.T.);
#9669 = EDGE_CURVE('',#9661,#9670,#9672,.T.);
#9670 = VERTEX_POINT('',#9671);
#9671 = CARTESIAN_POINT('',(2.,1.27E+03,0.));
#9672 = LINE('',#9673,#9674);
#9673 = CARTESIAN_POINT('',(2.,1.27E+03,0.));
#9674 = VECTOR('',#9675,1.);
#9675 = DIRECTION('',(-0.,-1.,-0.));
#9676 = ORIENTED_EDGE('',*,*,#9677,.T.);
#9677 = EDGE_CURVE('',#9670,#9678,#9680,.T.);
#9678 = VERTEX_POINT('',#9679);
#9679 = CARTESIAN_POINT('',(0.,1.27E+03,0.));
#9680 = LINE('',#9681,#9682);
#9681 = CARTESIAN_POINT('',(0.,1.27E+03,0.));
#9682 = VECTOR('',#9683,1.);
#9683 = DIRECTION('',(-1.,-0.,-0.));
#9684 = ORIENTED_EDGE('',*,*,#9685,.T.);
#9685 = EDGE_CURVE('',#9678,#9686,#9688,.T.);
#9686 = VERTEX_POINT('',#9687);
#9687 = CARTESIAN_POINT('',(-1.132427485118E-14,1.306E+03,0.));
#9688 = LINE('',#9689,#9690);
#9689 = CARTESIAN_POINT('',(0.,1.27E+03,0.));
#9690 = VECTOR('',#9691,1.);
#9691 = DIRECTION('',(0.,1.,0.));
#9692 = ORIENTED_EDGE('',*,*,#9693,.T.);
#9693 = EDGE_CURVE('',#9686,#9694,#9696,.T.);
#9694 = VERTEX_POINT('',#9695);
#9695 = CARTESIAN_POINT('',(4.,1.31E+03,0.));
#9696 = CIRCLE('',#9697,4.);
#9697 = AXIS2_PLACEMENT_3D('',#9698,#9699,#9700);
#9698 = CARTESIAN_POINT('',(4.,1.306E+03,0.));
#9699 = DIRECTION('',(0.,0.,-1.));
#9700 = DIRECTION('',(-1.,0.,0.));
#9701 = ORIENTED_EDGE('',*,*,#9702,.T.);
#9702 = EDGE_CURVE('',#9694,#9629,#9703,.T.);
#9703 = LINE('',#9704,#9705);
#9704 = CARTESIAN_POINT('',(4.,1.31E+03,0.));
#9705 = VECTOR('',#9706,1.);
#9706 = DIRECTION('',(1.,0.,0.));
#9707 = ORIENTED_EDGE('',*,*,#9645,.T.);
#9708 = PLANE('',#9709);
#9709 = AXIS2_PLACEMENT_3D('',#9710,#9711,#9712);
#9710 = CARTESIAN_POINT('',(11.161832513452,1.298838167487E+03,0.));
#9711 = DIRECTION('',(-0.,-0.,-1.));
#9712 = DIRECTION('',(-1.,0.,0.));
#9713 = ADVANCED_FACE('',(#9714),#9766,.F.);
#9714 = FACE_BOUND('',#9715,.F.);
#9715 = EDGE_LOOP('',(#9716,#9717,#9726,#9734,#9742,#9750,#9759,#9765));
#9716 = ORIENTED_EDGE('',*,*,#9587,.T.);
#9717 = ORIENTED_EDGE('',*,*,#9718,.T.);
#9718 = EDGE_CURVE('',#9588,#9719,#9721,.T.);
#9719 = VERTEX_POINT('',#9720);
#9720 = CARTESIAN_POINT('',(2.,1.306E+03,180.));
#9721 = CIRCLE('',#9722,2.);
#9722 = AXIS2_PLACEMENT_3D('',#9723,#9724,#9725);
#9723 = CARTESIAN_POINT('',(4.,1.306E+03,180.));
#9724 = DIRECTION('',(-0.,0.,1.));
#9725 = DIRECTION('',(-1.,-1.136868377216E-13,-0.));
#9726 = ORIENTED_EDGE('',*,*,#9727,.T.);
#9727 = EDGE_CURVE('',#9719,#9728,#9730,.T.);
#9728 = VERTEX_POINT('',#9729);
#9729 = CARTESIAN_POINT('',(2.,1.27E+03,180.));
#9730 = LINE('',#9731,#9732);
#9731 = CARTESIAN_POINT('',(2.,1.27E+03,180.));
#9732 = VECTOR('',#9733,1.);
#9733 = DIRECTION('',(-0.,-1.,-0.));
#9734 = ORIENTED_EDGE('',*,*,#9735,.T.);
#9735 = EDGE_CURVE('',#9728,#9736,#9738,.T.);
#9736 = VERTEX_POINT('',#9737);
#9737 = CARTESIAN_POINT('',(0.,1.27E+03,180.));
#9738 = LINE('',#9739,#9740);
#9739 = CARTESIAN_POINT('',(0.,1.27E+03,180.));
#9740 = VECTOR('',#9741,1.);
#9741 = DIRECTION('',(-1.,-0.,-0.));
#9742 = ORIENTED_EDGE('',*,*,#9743,.T.);
#9743 = EDGE_CURVE('',#9736,#9744,#9746,.T.);
#9744 = VERTEX_POINT('',#9745);
#9745 = CARTESIAN_POINT('',(-1.132427485118E-14,1.306E+03,180.));
#9746 = LINE('',#9747,#9748);
#9747 = CARTESIAN_POINT('',(0.,1.27E+03,180.));
#9748 = VECTOR('',#9749,1.);
#9749 = DIRECTION('',(0.,1.,0.));
#9750 = ORIENTED_EDGE('',*,*,#9751,.T.);
#9751 = EDGE_CURVE('',#9744,#9752,#9754,.T.);
#9752 = VERTEX_POINT('',#9753);
#9753 = CARTESIAN_POINT('',(4.,1.31E+03,180.));
#9754 = CIRCLE('',#9755,4.);
#9755 = AXIS2_PLACEMENT_3D('',#9756,#9757,#9758);
#9756 = CARTESIAN_POINT('',(4.,1.306E+03,180.));
#9757 = DIRECTION('',(0.,0.,-1.));
#9758 = DIRECTION('',(-1.,0.,0.));
#9759 = ORIENTED_EDGE('',*,*,#9760,.T.);
#9760 = EDGE_CURVE('',#9752,#9631,#9761,.T.);
#9761 = LINE('',#9762,#9763);
#9762 = CARTESIAN_POINT('',(4.,1.31E+03,180.));
#9763 = VECTOR('',#9764,1.);
#9764 = DIRECTION('',(1.,0.,0.));
#9765 = ORIENTED_EDGE('',*,*,#9638,.T.);
#9766 = PLANE('',#9767);
#9767 = AXIS2_PLACEMENT_3D('',#9768,#9769,#9770);
#9768 = CARTESIAN_POINT('',(11.161832513452,1.298838167487E+03,180.));
#9769 = DIRECTION('',(-0.,-0.,-1.));
#9770 = DIRECTION('',(-1.,0.,0.));
#9771 = ADVANCED_FACE('',(#9772),#9783,.F.);
#9772 = FACE_BOUND('',#9773,.T.);
#9773 = EDGE_LOOP('',(#9774,#9775,#9776,#9782));
#9774 = ORIENTED_EDGE('',*,*,#9595,.T.);
#9775 = ORIENTED_EDGE('',*,*,#9718,.T.);
#9776 = ORIENTED_EDGE('',*,*,#9777,.F.);
#9777 = EDGE_CURVE('',#9661,#9719,#9778,.T.);
#9778 = LINE('',#9779,#9780);
#9779 = CARTESIAN_POINT('',(2.,1.306E+03,0.));
#9780 = VECTOR('',#9781,1.);
#9781 = DIRECTION('',(0.,0.,1.));
#9782 = ORIENTED_EDGE('',*,*,#9660,.F.);
#9783 = CYLINDRICAL_SURFACE('',#9784,2.);
#9784 = AXIS2_PLACEMENT_3D('',#9785,#9786,#9787);
#9785 = CARTESIAN_POINT('',(4.,1.306E+03,0.));
#9786 = DIRECTION('',(0.,-0.,-1.));
#9787 = DIRECTION('',(-1.,-1.136868377216E-13,-0.));
#9788 = ADVANCED_FACE('',(#9789),#9808,.F.);
#9789 = FACE_BOUND('',#9790,.F.);
#9790 = EDGE_LOOP('',(#9791,#9800,#9806,#9807));
#9791 = ORIENTED_EDGE('',*,*,#9792,.F.);
#9792 = EDGE_CURVE('',#9793,#9793,#9795,.T.);
#9793 = VERTEX_POINT('',#9794);
#9794 = CARTESIAN_POINT('',(20.,1.31E+03,92.05));
#9795 = CIRCLE('',#9796,2.05);
#9796 = AXIS2_PLACEMENT_3D('',#9797,#9798,#9799);
#9797 = CARTESIAN_POINT('',(20.,1.31E+03,90.));
#9798 = DIRECTION('',(-0.,1.,0.));
#9799 = DIRECTION('',(0.,0.,1.));
#9800 = ORIENTED_EDGE('',*,*,#9801,.F.);
#9801 = EDGE_CURVE('',#9612,#9793,#9802,.T.);
#9802 = LINE('',#9803,#9804);
#9803 = CARTESIAN_POINT('',(20.,1.305E+03,92.05));
#9804 = VECTOR('',#9805,1.);
#9805 = DIRECTION('',(0.,1.,0.));
#9806 = ORIENTED_EDGE('',*,*,#9611,.T.);
#9807 = ORIENTED_EDGE('',*,*,#9801,.T.);
#9808 = CYLINDRICAL_SURFACE('',#9809,2.05);
#9809 = AXIS2_PLACEMENT_3D('',#9810,#9811,#9812);
#9810 = CARTESIAN_POINT('',(20.,1.305E+03,90.));
#9811 = DIRECTION('',(-0.,1.,0.));
#9812 = DIRECTION('',(0.,0.,1.));
#9813 = ADVANCED_FACE('',(#9814,#9825),#9828,.T.);
#9814 = FACE_BOUND('',#9815,.T.);
#9815 = EDGE_LOOP('',(#9816,#9822,#9823,#9824));
#9816 = ORIENTED_EDGE('',*,*,#9817,.T.);
#9817 = EDGE_CURVE('',#9694,#9752,#9818,.T.);
#9818 = LINE('',#9819,#9820);
#9819 = CARTESIAN_POINT('',(4.,1.31E+03,0.));
#9820 = VECTOR('',#9821,1.);
#9821 = DIRECTION('',(0.,0.,1.));
#9822 = ORIENTED_EDGE('',*,*,#9760,.T.);
#9823 = ORIENTED_EDGE('',*,*,#9628,.F.);
#9824 = ORIENTED_EDGE('',*,*,#9702,.F.);
#9825 = FACE_BOUND('',#9826,.T.);
#9826 = EDGE_LOOP('',(#9827));
#9827 = ORIENTED_EDGE('',*,*,#9792,.F.);
#9828 = PLANE('',#9829);
#9829 = AXIS2_PLACEMENT_3D('',#9830,#9831,#9832);
#9830 = CARTESIAN_POINT('',(4.,1.31E+03,0.));
#9831 = DIRECTION('',(0.,1.,0.));
#9832 = DIRECTION('',(1.,0.,0.));
#9833 = ADVANCED_FACE('',(#9834,#9845,#9856),#9867,.T.);
#9834 = FACE_BOUND('',#9835,.T.);
#9835 = EDGE_LOOP('',(#9836,#9837,#9838,#9844));
#9836 = ORIENTED_EDGE('',*,*,#9777,.T.);
#9837 = ORIENTED_EDGE('',*,*,#9727,.T.);
#9838 = ORIENTED_EDGE('',*,*,#9839,.F.);
#9839 = EDGE_CURVE('',#9670,#9728,#9840,.T.);
#9840 = LINE('',#9841,#9842);
#9841 = CARTESIAN_POINT('',(2.,1.27E+03,0.));
#9842 = VECTOR('',#9843,1.);
#9843 = DIRECTION('',(0.,0.,1.));
#9844 = ORIENTED_EDGE('',*,*,#9669,.F.);
#9845 = FACE_BOUND('',#9846,.T.);
#9846 = EDGE_LOOP('',(#9847));
#9847 = ORIENTED_EDGE('',*,*,#9848,.T.);
#9848 = EDGE_CURVE('',#9849,#9849,#9851,.T.);
#9849 = VERTEX_POINT('',#9850);
#9850 = CARTESIAN_POINT('',(2.,1.29E+03,147.95));
#9851 = CIRCLE('',#9852,2.05);
#9852 = AXIS2_PLACEMENT_3D('',#9853,#9854,#9855);
#9853 = CARTESIAN_POINT('',(2.,1.29E+03,150.));
#9854 = DIRECTION('',(-1.,0.,0.));
#9855 = DIRECTION('',(0.,0.,-1.));
#9856 = FACE_BOUND('',#9857,.T.);
#9857 = EDGE_LOOP('',(#9858));
#9858 = ORIENTED_EDGE('',*,*,#9859,.T.);
#9859 = EDGE_CURVE('',#9860,#9860,#9862,.T.);
#9860 = VERTEX_POINT('',#9861);
#9861 = CARTESIAN_POINT('',(2.,1.29E+03,27.95));
#9862 = CIRCLE('',#9863,2.05);
#9863 = AXIS2_PLACEMENT_3D('',#9864,#9865,#9866);
#9864 = CARTESIAN_POINT('',(2.,1.29E+03,30.));
#9865 = DIRECTION('',(-1.,0.,0.));
#9866 = DIRECTION('',(0.,0.,-1.));
#9867 = PLANE('',#9868);
#9868 = AXIS2_PLACEMENT_3D('',#9869,#9870,#9871);
#9869 = CARTESIAN_POINT('',(2.,1.306E+03,0.));
#9870 = DIRECTION('',(1.,0.,0.));
#9871 = DIRECTION('',(0.,-1.,0.));
#9872 = ADVANCED_FACE('',(#9873),#9884,.T.);
#9873 = FACE_BOUND('',#9874,.T.);
#9874 = EDGE_LOOP('',(#9875,#9876,#9877,#9883));
#9875 = ORIENTED_EDGE('',*,*,#9839,.T.);
#9876 = ORIENTED_EDGE('',*,*,#9735,.T.);
#9877 = ORIENTED_EDGE('',*,*,#9878,.F.);
#9878 = EDGE_CURVE('',#9678,#9736,#9879,.T.);
#9879 = LINE('',#9880,#9881);
#9880 = CARTESIAN_POINT('',(0.,1.27E+03,0.));
#9881 = VECTOR('',#9882,1.);
#9882 = DIRECTION('',(0.,0.,1.));
#9883 = ORIENTED_EDGE('',*,*,#9677,.F.);
#9884 = PLANE('',#9885);
#9885 = AXIS2_PLACEMENT_3D('',#9886,#9887,#9888);
#9886 = CARTESIAN_POINT('',(2.,1.27E+03,0.));
#9887 = DIRECTION('',(0.,-1.,0.));
#9888 = DIRECTION('',(-1.,-0.,0.));
#9889 = ADVANCED_FACE('',(#9890,#9901,#9912),#9923,.T.);
#9890 = FACE_BOUND('',#9891,.T.);
#9891 = EDGE_LOOP('',(#9892,#9893,#9894,#9900));
#9892 = ORIENTED_EDGE('',*,*,#9878,.T.);
#9893 = ORIENTED_EDGE('',*,*,#9743,.T.);
#9894 = ORIENTED_EDGE('',*,*,#9895,.F.);
#9895 = EDGE_CURVE('',#9686,#9744,#9896,.T.);
#9896 = LINE('',#9897,#9898);
#9897 = CARTESIAN_POINT('',(-1.132427485118E-14,1.306E+03,0.));
#9898 = VECTOR('',#9899,1.);
#9899 = DIRECTION('',(0.,0.,1.));
#9900 = ORIENTED_EDGE('',*,*,#9685,.F.);
#9901 = FACE_BOUND('',#9902,.T.);
#9902 = EDGE_LOOP('',(#9903));
#9903 = ORIENTED_EDGE('',*,*,#9904,.F.);
#9904 = EDGE_CURVE('',#9905,#9905,#9907,.T.);
#9905 = VERTEX_POINT('',#9906);
#9906 = CARTESIAN_POINT('',(0.,1.29E+03,147.95));
#9907 = CIRCLE('',#9908,2.05);
#9908 = AXIS2_PLACEMENT_3D('',#9909,#9910,#9911);
#9909 = CARTESIAN_POINT('',(0.,1.29E+03,150.));
#9910 = DIRECTION('',(-1.,0.,0.));
#9911 = DIRECTION('',(0.,0.,-1.));
#9912 = FACE_BOUND('',#9913,.T.);
#9913 = EDGE_LOOP('',(#9914));
#9914 = ORIENTED_EDGE('',*,*,#9915,.F.);
#9915 = EDGE_CURVE('',#9916,#9916,#9918,.T.);
#9916 = VERTEX_POINT('',#9917);
#9917 = CARTESIAN_POINT('',(0.,1.29E+03,27.95));
#9918 = CIRCLE('',#9919,2.05);
#9919 = AXIS2_PLACEMENT_3D('',#9920,#9921,#9922);
#9920 = CARTESIAN_POINT('',(0.,1.29E+03,30.));
#9921 = DIRECTION('',(-1.,0.,0.));
#9922 = DIRECTION('',(0.,0.,-1.));
#9923 = PLANE('',#9924);
#9924 = AXIS2_PLACEMENT_3D('',#9925,#9926,#9927);
#9925 = CARTESIAN_POINT('',(0.,1.27E+03,0.));
#9926 = DIRECTION('',(-1.,0.,0.));
#9927 = DIRECTION('',(0.,1.,0.));
#9928 = ADVANCED_FACE('',(#9929),#9935,.T.);
#9929 = FACE_BOUND('',#9930,.T.);
#9930 = EDGE_LOOP('',(#9931,#9932,#9933,#9934));
#9931 = ORIENTED_EDGE('',*,*,#9895,.T.);
#9932 = ORIENTED_EDGE('',*,*,#9751,.T.);
#9933 = ORIENTED_EDGE('',*,*,#9817,.F.);
#9934 = ORIENTED_EDGE('',*,*,#9693,.F.);
#9935 = CYLINDRICAL_SURFACE('',#9936,4.);
#9936 = AXIS2_PLACEMENT_3D('',#9937,#9938,#9939);
#9937 = CARTESIAN_POINT('',(4.,1.306E+03,0.));
#9938 = DIRECTION('',(0.,0.,-1.));
#9939 = DIRECTION('',(-1.,0.,0.));
#9940 = ADVANCED_FACE('',(#9941),#9952,.F.);
#9941 = FACE_BOUND('',#9942,.F.);
#9942 = EDGE_LOOP('',(#9943,#9944,#9950,#9951));
#9943 = ORIENTED_EDGE('',*,*,#9904,.F.);
#9944 = ORIENTED_EDGE('',*,*,#9945,.F.);
#9945 = EDGE_CURVE('',#9849,#9905,#9946,.T.);
#9946 = LINE('',#9947,#9948);
#9947 = CARTESIAN_POINT('',(5.,1.29E+03,147.95));
#9948 = VECTOR('',#9949,1.);
#9949 = DIRECTION('',(-1.,0.,0.));
#9950 = ORIENTED_EDGE('',*,*,#9848,.T.);
#9951 = ORIENTED_EDGE('',*,*,#9945,.T.);
#9952 = CYLINDRICAL_SURFACE('',#9953,2.05);
#9953 = AXIS2_PLACEMENT_3D('',#9954,#9955,#9956);
#9954 = CARTESIAN_POINT('',(5.,1.29E+03,150.));
#9955 = DIRECTION('',(-1.,0.,0.));
#9956 = DIRECTION('',(0.,0.,-1.));
#9957 = ADVANCED_FACE('',(#9958),#9969,.F.);
#9958 = FACE_BOUND('',#9959,.F.);
#9959 = EDGE_LOOP('',(#9960,#9961,#9967,#9968));
#9960 = ORIENTED_EDGE('',*,*,#9915,.F.);
#9961 = ORIENTED_EDGE('',*,*,#9962,.F.);
#9962 = EDGE_CURVE('',#9860,#9916,#9963,.T.);
#9963 = LINE('',#9964,#9965);
#9964 = CARTESIAN_POINT('',(5.,1.29E+03,27.95));
#9965 = VECTOR('',#9966,1.);
#9966 = DIRECTION('',(-1.,0.,0.));
#9967 = ORIENTED_EDGE('',*,*,#9859,.T.);
#9968 = ORIENTED_EDGE('',*,*,#9962,.T.);
#9969 = CYLINDRICAL_SURFACE('',#9970,2.05);
#9970 = AXIS2_PLACEMENT_3D('',#9971,#9972,#9973);
#9971 = CARTESIAN_POINT('',(5.,1.29E+03,30.));
#9972 = DIRECTION('',(-1.,0.,0.));
#9973 = DIRECTION('',(0.,0.,-1.));
#9974 = ( GEOMETRIC_REPRESENTATION_CONTEXT(3) 
GLOBAL_UNCERTAINTY_ASSIGNED_CONTEXT((#9978)) 
GLOBAL_UNIT_ASSIGNED_CONTEXT((#9975,#9976,#9977)) REPRESENTATION_CONTEXT
('Context #1','3D Context with UNIT and UNCERTAINTY') );
#9975 = ( LENGTH_UNIT() NAMED_UNIT(*) SI_UNIT(.MILLI.,.METRE.) );
#9976 = ( NAMED_UNIT(*) PLANE_ANGLE_UNIT() SI_UNIT($,.RADIAN.) );
#9977 = ( NAMED_UNIT(*) SI_UNIT($,.STERADIAN.) SOLID_ANGLE_UNIT() );
#9978 = UNCERTAINTY_MEASURE_WITH_UNIT(LENGTH_MEASURE(1.E-07),#9975,
  'distance_accuracy_value','confusion accuracy');
#9979 = CONTEXT_DEPENDENT_SHAPE_REPRESENTATION(#9980,#9982);
#9980 = ( REPRESENTATION_RELATIONSHIP('','',#9570,#10) 
REPRESENTATION_RELATIONSHIP_WITH_TRANSFORMATION(#9981) 
SHAPE_REPRESENTATION_RELATIONSHIP() );
#9981 = ITEM_DEFINED_TRANSFORMATION('','',#11,#71);
#9982 = PRODUCT_DEFINITION_SHAPE('Placement','Placement of an item',
  #9983);
#9983 = NEXT_ASSEMBLY_USAGE_OCCURRENCE('167','Nosilec_5_L','',#5,#9565,$
  );
#9984 = PRODUCT_RELATED_PRODUCT_CATEGORY('part',$,(#9567));
#9985 = SHAPE_DEFINITION_REPRESENTATION(#9986,#9992);
#9986 = PRODUCT_DEFINITION_SHAPE('','',#9987);
#9987 = PRODUCT_DEFINITION('design','',#9988,#9991);
#9988 = PRODUCT_DEFINITION_FORMATION('','',#9989);
#9989 = PRODUCT('Nosilec_5_D','Nosilec_5_D','',(#9990));
#9990 = PRODUCT_CONTEXT('',#2,'mechanical');
#9991 = PRODUCT_DEFINITION_CONTEXT('part definition',#2,'design');
#9992 = ADVANCED_BREP_SHAPE_REPRESENTATION('',(#11,#9993),#10396);
#9993 = MANIFOLD_SOLID_BREP('',#9994);
#9994 = CLOSED_SHELL('',(#9995,#10046,#10077,#10135,#10193,#10210,#10235
    ,#10255,#10294,#10311,#10350,#10362,#10379));
#9995 = ADVANCED_FACE('',(#9996,#10030),#10041,.T.);
#9996 = FACE_BOUND('',#9997,.F.);
#9997 = EDGE_LOOP('',(#9998,#10008,#10016,#10024));
#9998 = ORIENTED_EDGE('',*,*,#9999,.T.);
#9999 = EDGE_CURVE('',#10000,#10002,#10004,.T.);
#10000 = VERTEX_POINT('',#10001);
#10001 = CARTESIAN_POINT('',(1.66E+03,1.308E+03,0.));
#10002 = VERTEX_POINT('',#10003);
#10003 = CARTESIAN_POINT('',(1.66E+03,1.308E+03,180.));
#10004 = LINE('',#10005,#10006);
#10005 = CARTESIAN_POINT('',(1.66E+03,1.308E+03,0.));
#10006 = VECTOR('',#10007,1.);
#10007 = DIRECTION('',(-0.,-0.,1.));
#10008 = ORIENTED_EDGE('',*,*,#10009,.T.);
#10009 = EDGE_CURVE('',#10002,#10010,#10012,.T.);
#10010 = VERTEX_POINT('',#10011);
#10011 = CARTESIAN_POINT('',(1.696E+03,1.308E+03,180.));
#10012 = LINE('',#10013,#10014);
#10013 = CARTESIAN_POINT('',(1.696E+03,1.308E+03,180.));
#10014 = VECTOR('',#10015,1.);
#10015 = DIRECTION('',(1.,-0.,-0.));
#10016 = ORIENTED_EDGE('',*,*,#10017,.F.);
#10017 = EDGE_CURVE('',#10018,#10010,#10020,.T.);
#10018 = VERTEX_POINT('',#10019);
#10019 = CARTESIAN_POINT('',(1.696E+03,1.308E+03,0.));
#10020 = LINE('',#10021,#10022);
#10021 = CARTESIAN_POINT('',(1.696E+03,1.308E+03,0.));
#10022 = VECTOR('',#10023,1.);
#10023 = DIRECTION('',(-0.,-0.,1.));
#10024 = ORIENTED_EDGE('',*,*,#10025,.F.);
#10025 = EDGE_CURVE('',#10000,#10018,#10026,.T.);
#10026 = LINE('',#10027,#10028);
#10027 = CARTESIAN_POINT('',(1.696E+03,1.308E+03,0.));
#10028 = VECTOR('',#10029,1.);
#10029 = DIRECTION('',(1.,-0.,-0.));
#10030 = FACE_BOUND('',#10031,.F.);
#10031 = EDGE_LOOP('',(#10032));
#10032 = ORIENTED_EDGE('',*,*,#10033,.T.);
#10033 = EDGE_CURVE('',#10034,#10034,#10036,.T.);
#10034 = VERTEX_POINT('',#10035);
#10035 = CARTESIAN_POINT('',(1.68E+03,1.308E+03,92.05));
#10036 = CIRCLE('',#10037,2.05);
#10037 = AXIS2_PLACEMENT_3D('',#10038,#10039,#10040);
#10038 = CARTESIAN_POINT('',(1.68E+03,1.308E+03,90.));
#10039 = DIRECTION('',(0.,-1.,0.));
#10040 = DIRECTION('',(-0.,-0.,1.));
#10041 = PLANE('',#10042);
#10042 = AXIS2_PLACEMENT_3D('',#10043,#10044,#10045);
#10043 = CARTESIAN_POINT('',(1.66E+03,1.308E+03,0.));
#10044 = DIRECTION('',(-0.,-1.,-0.));
#10045 = DIRECTION('',(-1.,0.,-0.));
#10046 = ADVANCED_FACE('',(#10047),#10072,.T.);
#10047 = FACE_BOUND('',#10048,.F.);
#10048 = EDGE_LOOP('',(#10049,#10059,#10065,#10066));
#10049 = ORIENTED_EDGE('',*,*,#10050,.T.);
#10050 = EDGE_CURVE('',#10051,#10053,#10055,.T.);
#10051 = VERTEX_POINT('',#10052);
#10052 = CARTESIAN_POINT('',(1.66E+03,1.31E+03,0.));
#10053 = VERTEX_POINT('',#10054);
#10054 = CARTESIAN_POINT('',(1.66E+03,1.31E+03,180.));
#10055 = LINE('',#10056,#10057);
#10056 = CARTESIAN_POINT('',(1.66E+03,1.31E+03,0.));
#10057 = VECTOR('',#10058,1.);
#10058 = DIRECTION('',(-0.,-0.,1.));
#10059 = ORIENTED_EDGE('',*,*,#10060,.T.);
#10060 = EDGE_CURVE('',#10053,#10002,#10061,.T.);
#10061 = LINE('',#10062,#10063);
#10062 = CARTESIAN_POINT('',(1.66E+03,1.31E+03,180.));
#10063 = VECTOR('',#10064,1.);
#10064 = DIRECTION('',(-0.,-1.,-0.));
#10065 = ORIENTED_EDGE('',*,*,#9999,.F.);
#10066 = ORIENTED_EDGE('',*,*,#10067,.F.);
#10067 = EDGE_CURVE('',#10051,#10000,#10068,.T.);
#10068 = LINE('',#10069,#10070);
#10069 = CARTESIAN_POINT('',(1.66E+03,1.31E+03,0.));
#10070 = VECTOR('',#10071,1.);
#10071 = DIRECTION('',(-0.,-1.,-0.));
#10072 = PLANE('',#10073);
#10073 = AXIS2_PLACEMENT_3D('',#10074,#10075,#10076);
#10074 = CARTESIAN_POINT('',(1.66E+03,1.31E+03,0.));
#10075 = DIRECTION('',(-1.,-0.,-0.));
#10076 = DIRECTION('',(0.,1.,0.));
#10077 = ADVANCED_FACE('',(#10078),#10130,.T.);
#10078 = FACE_BOUND('',#10079,.F.);
#10079 = EDGE_LOOP('',(#10080,#10081,#10090,#10098,#10106,#10114,#10123,
    #10129));
#10080 = ORIENTED_EDGE('',*,*,#10025,.T.);
#10081 = ORIENTED_EDGE('',*,*,#10082,.T.);
#10082 = EDGE_CURVE('',#10018,#10083,#10085,.T.);
#10083 = VERTEX_POINT('',#10084);
#10084 = CARTESIAN_POINT('',(1.698E+03,1.306E+03,0.));
#10085 = CIRCLE('',#10086,2.);
#10086 = AXIS2_PLACEMENT_3D('',#10087,#10088,#10089);
#10087 = CARTESIAN_POINT('',(1.696E+03,1.306E+03,0.));
#10088 = DIRECTION('',(0.,0.,-1.));
#10089 = DIRECTION('',(1.,-1.136868377216E-13,-0.));
#10090 = ORIENTED_EDGE('',*,*,#10091,.T.);
#10091 = EDGE_CURVE('',#10083,#10092,#10094,.T.);
#10092 = VERTEX_POINT('',#10093);
#10093 = CARTESIAN_POINT('',(1.698E+03,1.27E+03,0.));
#10094 = LINE('',#10095,#10096);
#10095 = CARTESIAN_POINT('',(1.698E+03,1.27E+03,0.));
#10096 = VECTOR('',#10097,1.);
#10097 = DIRECTION('',(0.,-1.,-0.));
#10098 = ORIENTED_EDGE('',*,*,#10099,.T.);
#10099 = EDGE_CURVE('',#10092,#10100,#10102,.T.);
#10100 = VERTEX_POINT('',#10101);
#10101 = CARTESIAN_POINT('',(1.7E+03,1.27E+03,0.));
#10102 = LINE('',#10103,#10104);
#10103 = CARTESIAN_POINT('',(1.7E+03,1.27E+03,0.));
#10104 = VECTOR('',#10105,1.);
#10105 = DIRECTION('',(1.,-0.,-0.));
#10106 = ORIENTED_EDGE('',*,*,#10107,.T.);
#10107 = EDGE_CURVE('',#10100,#10108,#10110,.T.);
#10108 = VERTEX_POINT('',#10109);
#10109 = CARTESIAN_POINT('',(1.7E+03,1.306E+03,0.));
#10110 = LINE('',#10111,#10112);
#10111 = CARTESIAN_POINT('',(1.7E+03,1.27E+03,0.));
#10112 = VECTOR('',#10113,1.);
#10113 = DIRECTION('',(-0.,1.,-0.));
#10114 = ORIENTED_EDGE('',*,*,#10115,.T.);
#10115 = EDGE_CURVE('',#10108,#10116,#10118,.T.);
#10116 = VERTEX_POINT('',#10117);
#10117 = CARTESIAN_POINT('',(1.696E+03,1.31E+03,0.));
#10118 = CIRCLE('',#10119,4.);
#10119 = AXIS2_PLACEMENT_3D('',#10120,#10121,#10122);
#10120 = CARTESIAN_POINT('',(1.696E+03,1.306E+03,0.));
#10121 = DIRECTION('',(0.,0.,1.));
#10122 = DIRECTION('',(1.,-0.,-0.));
#10123 = ORIENTED_EDGE('',*,*,#10124,.T.);
#10124 = EDGE_CURVE('',#10116,#10051,#10125,.T.);
#10125 = LINE('',#10126,#10127);
#10126 = CARTESIAN_POINT('',(1.696E+03,1.31E+03,0.));
#10127 = VECTOR('',#10128,1.);
#10128 = DIRECTION('',(-1.,-0.,-0.));
#10129 = ORIENTED_EDGE('',*,*,#10067,.T.);
#10130 = PLANE('',#10131);
#10131 = AXIS2_PLACEMENT_3D('',#10132,#10133,#10134);
#10132 = CARTESIAN_POINT('',(1.688838167487E+03,1.298838167487E+03,0.));
#10133 = DIRECTION('',(0.,-0.,-1.));
#10134 = DIRECTION('',(-1.,0.,0.));
#10135 = ADVANCED_FACE('',(#10136),#10188,.F.);
#10136 = FACE_BOUND('',#10137,.T.);
#10137 = EDGE_LOOP('',(#10138,#10139,#10148,#10156,#10164,#10172,#10181,
    #10187));
#10138 = ORIENTED_EDGE('',*,*,#10009,.T.);
#10139 = ORIENTED_EDGE('',*,*,#10140,.T.);
#10140 = EDGE_CURVE('',#10010,#10141,#10143,.T.);
#10141 = VERTEX_POINT('',#10142);
#10142 = CARTESIAN_POINT('',(1.698E+03,1.306E+03,180.));
#10143 = CIRCLE('',#10144,2.);
#10144 = AXIS2_PLACEMENT_3D('',#10145,#10146,#10147);
#10145 = CARTESIAN_POINT('',(1.696E+03,1.306E+03,180.));
#10146 = DIRECTION('',(0.,0.,-1.));
#10147 = DIRECTION('',(1.,-1.136868377216E-13,-0.));
#10148 = ORIENTED_EDGE('',*,*,#10149,.T.);
#10149 = EDGE_CURVE('',#10141,#10150,#10152,.T.);
#10150 = VERTEX_POINT('',#10151);
#10151 = CARTESIAN_POINT('',(1.698E+03,1.27E+03,180.));
#10152 = LINE('',#10153,#10154);
#10153 = CARTESIAN_POINT('',(1.698E+03,1.27E+03,180.));
#10154 = VECTOR('',#10155,1.);
#10155 = DIRECTION('',(0.,-1.,-0.));
#10156 = ORIENTED_EDGE('',*,*,#10157,.T.);
#10157 = EDGE_CURVE('',#10150,#10158,#10160,.T.);
#10158 = VERTEX_POINT('',#10159);
#10159 = CARTESIAN_POINT('',(1.7E+03,1.27E+03,180.));
#10160 = LINE('',#10161,#10162);
#10161 = CARTESIAN_POINT('',(1.7E+03,1.27E+03,180.));
#10162 = VECTOR('',#10163,1.);
#10163 = DIRECTION('',(1.,-0.,-0.));
#10164 = ORIENTED_EDGE('',*,*,#10165,.T.);
#10165 = EDGE_CURVE('',#10158,#10166,#10168,.T.);
#10166 = VERTEX_POINT('',#10167);
#10167 = CARTESIAN_POINT('',(1.7E+03,1.306E+03,180.));
#10168 = LINE('',#10169,#10170);
#10169 = CARTESIAN_POINT('',(1.7E+03,1.27E+03,180.));
#10170 = VECTOR('',#10171,1.);
#10171 = DIRECTION('',(-0.,1.,-0.));
#10172 = ORIENTED_EDGE('',*,*,#10173,.T.);
#10173 = EDGE_CURVE('',#10166,#10174,#10176,.T.);
#10174 = VERTEX_POINT('',#10175);
#10175 = CARTESIAN_POINT('',(1.696E+03,1.31E+03,180.));
#10176 = CIRCLE('',#10177,4.);
#10177 = AXIS2_PLACEMENT_3D('',#10178,#10179,#10180);
#10178 = CARTESIAN_POINT('',(1.696E+03,1.306E+03,180.));
#10179 = DIRECTION('',(0.,0.,1.));
#10180 = DIRECTION('',(1.,-0.,-0.));
#10181 = ORIENTED_EDGE('',*,*,#10182,.T.);
#10182 = EDGE_CURVE('',#10174,#10053,#10183,.T.);
#10183 = LINE('',#10184,#10185);
#10184 = CARTESIAN_POINT('',(1.696E+03,1.31E+03,180.));
#10185 = VECTOR('',#10186,1.);
#10186 = DIRECTION('',(-1.,-0.,-0.));
#10187 = ORIENTED_EDGE('',*,*,#10060,.T.);
#10188 = PLANE('',#10189);
#10189 = AXIS2_PLACEMENT_3D('',#10190,#10191,#10192);
#10190 = CARTESIAN_POINT('',(1.688838167487E+03,1.298838167487E+03,180.)
  );
#10191 = DIRECTION('',(0.,-0.,-1.));
#10192 = DIRECTION('',(-1.,0.,0.));
#10193 = ADVANCED_FACE('',(#10194),#10205,.F.);
#10194 = FACE_BOUND('',#10195,.F.);
#10195 = EDGE_LOOP('',(#10196,#10197,#10198,#10204));
#10196 = ORIENTED_EDGE('',*,*,#10017,.T.);
#10197 = ORIENTED_EDGE('',*,*,#10140,.T.);
#10198 = ORIENTED_EDGE('',*,*,#10199,.F.);
#10199 = EDGE_CURVE('',#10083,#10141,#10200,.T.);
#10200 = LINE('',#10201,#10202);
#10201 = CARTESIAN_POINT('',(1.698E+03,1.306E+03,0.));
#10202 = VECTOR('',#10203,1.);
#10203 = DIRECTION('',(-0.,-0.,1.));
#10204 = ORIENTED_EDGE('',*,*,#10082,.F.);
#10205 = CYLINDRICAL_SURFACE('',#10206,2.);
#10206 = AXIS2_PLACEMENT_3D('',#10207,#10208,#10209);
#10207 = CARTESIAN_POINT('',(1.696E+03,1.306E+03,0.));
#10208 = DIRECTION('',(-0.,-0.,-1.));
#10209 = DIRECTION('',(1.,-1.136868377216E-13,-0.));
#10210 = ADVANCED_FACE('',(#10211),#10230,.F.);
#10211 = FACE_BOUND('',#10212,.T.);
#10212 = EDGE_LOOP('',(#10213,#10222,#10228,#10229));
#10213 = ORIENTED_EDGE('',*,*,#10214,.F.);
#10214 = EDGE_CURVE('',#10215,#10215,#10217,.T.);
#10215 = VERTEX_POINT('',#10216);
#10216 = CARTESIAN_POINT('',(1.68E+03,1.31E+03,92.05));
#10217 = CIRCLE('',#10218,2.05);
#10218 = AXIS2_PLACEMENT_3D('',#10219,#10220,#10221);
#10219 = CARTESIAN_POINT('',(1.68E+03,1.31E+03,90.));
#10220 = DIRECTION('',(0.,-1.,0.));
#10221 = DIRECTION('',(-0.,-0.,1.));
#10222 = ORIENTED_EDGE('',*,*,#10223,.F.);
#10223 = EDGE_CURVE('',#10034,#10215,#10224,.T.);
#10224 = LINE('',#10225,#10226);
#10225 = CARTESIAN_POINT('',(1.68E+03,1.305E+03,92.05));
#10226 = VECTOR('',#10227,1.);
#10227 = DIRECTION('',(-0.,1.,-0.));
#10228 = ORIENTED_EDGE('',*,*,#10033,.T.);
#10229 = ORIENTED_EDGE('',*,*,#10223,.T.);
#10230 = CYLINDRICAL_SURFACE('',#10231,2.05);
#10231 = AXIS2_PLACEMENT_3D('',#10232,#10233,#10234);
#10232 = CARTESIAN_POINT('',(1.68E+03,1.305E+03,90.));
#10233 = DIRECTION('',(-0.,1.,-0.));
#10234 = DIRECTION('',(-0.,-0.,1.));
#10235 = ADVANCED_FACE('',(#10236,#10247),#10250,.T.);
#10236 = FACE_BOUND('',#10237,.F.);
#10237 = EDGE_LOOP('',(#10238,#10244,#10245,#10246));
#10238 = ORIENTED_EDGE('',*,*,#10239,.T.);
#10239 = EDGE_CURVE('',#10116,#10174,#10240,.T.);
#10240 = LINE('',#10241,#10242);
#10241 = CARTESIAN_POINT('',(1.696E+03,1.31E+03,0.));
#10242 = VECTOR('',#10243,1.);
#10243 = DIRECTION('',(-0.,-0.,1.));
#10244 = ORIENTED_EDGE('',*,*,#10182,.T.);
#10245 = ORIENTED_EDGE('',*,*,#10050,.F.);
#10246 = ORIENTED_EDGE('',*,*,#10124,.F.);
#10247 = FACE_BOUND('',#10248,.F.);
#10248 = EDGE_LOOP('',(#10249));
#10249 = ORIENTED_EDGE('',*,*,#10214,.F.);
#10250 = PLANE('',#10251);
#10251 = AXIS2_PLACEMENT_3D('',#10252,#10253,#10254);
#10252 = CARTESIAN_POINT('',(1.696E+03,1.31E+03,0.));
#10253 = DIRECTION('',(-0.,1.,-0.));
#10254 = DIRECTION('',(1.,0.,0.));
#10255 = ADVANCED_FACE('',(#10256,#10267,#10278),#10289,.T.);
#10256 = FACE_BOUND('',#10257,.F.);
#10257 = EDGE_LOOP('',(#10258,#10259,#10260,#10266));
#10258 = ORIENTED_EDGE('',*,*,#10199,.T.);
#10259 = ORIENTED_EDGE('',*,*,#10149,.T.);
#10260 = ORIENTED_EDGE('',*,*,#10261,.F.);
#10261 = EDGE_CURVE('',#10092,#10150,#10262,.T.);
#10262 = LINE('',#10263,#10264);
#10263 = CARTESIAN_POINT('',(1.698E+03,1.27E+03,0.));
#10264 = VECTOR('',#10265,1.);
#10265 = DIRECTION('',(-0.,-0.,1.));
#10266 = ORIENTED_EDGE('',*,*,#10091,.F.);
#10267 = FACE_BOUND('',#10268,.F.);
#10268 = EDGE_LOOP('',(#10269));
#10269 = ORIENTED_EDGE('',*,*,#10270,.T.);
#10270 = EDGE_CURVE('',#10271,#10271,#10273,.T.);
#10271 = VERTEX_POINT('',#10272);
#10272 = CARTESIAN_POINT('',(1.698E+03,1.29E+03,147.95));
#10273 = CIRCLE('',#10274,2.05);
#10274 = AXIS2_PLACEMENT_3D('',#10275,#10276,#10277);
#10275 = CARTESIAN_POINT('',(1.698E+03,1.29E+03,150.));
#10276 = DIRECTION('',(-1.,-0.,0.));
#10277 = DIRECTION('',(-0.,-0.,-1.));
#10278 = FACE_BOUND('',#10279,.F.);
#10279 = EDGE_LOOP('',(#10280));
#10280 = ORIENTED_EDGE('',*,*,#10281,.T.);
#10281 = EDGE_CURVE('',#10282,#10282,#10284,.T.);
#10282 = VERTEX_POINT('',#10283);
#10283 = CARTESIAN_POINT('',(1.698E+03,1.29E+03,27.95));
#10284 = CIRCLE('',#10285,2.05);
#10285 = AXIS2_PLACEMENT_3D('',#10286,#10287,#10288);
#10286 = CARTESIAN_POINT('',(1.698E+03,1.29E+03,30.));
#10287 = DIRECTION('',(-1.,-0.,0.));
#10288 = DIRECTION('',(-0.,-0.,-1.));
#10289 = PLANE('',#10290);
#10290 = AXIS2_PLACEMENT_3D('',#10291,#10292,#10293);
#10291 = CARTESIAN_POINT('',(1.698E+03,1.306E+03,0.));
#10292 = DIRECTION('',(-1.,-0.,-0.));
#10293 = DIRECTION('',(0.,1.,0.));
#10294 = ADVANCED_FACE('',(#10295),#10306,.T.);
#10295 = FACE_BOUND('',#10296,.F.);
#10296 = EDGE_LOOP('',(#10297,#10298,#10299,#10305));
#10297 = ORIENTED_EDGE('',*,*,#10261,.T.);
#10298 = ORIENTED_EDGE('',*,*,#10157,.T.);
#10299 = ORIENTED_EDGE('',*,*,#10300,.F.);
#10300 = EDGE_CURVE('',#10100,#10158,#10301,.T.);
#10301 = LINE('',#10302,#10303);
#10302 = CARTESIAN_POINT('',(1.7E+03,1.27E+03,0.));
#10303 = VECTOR('',#10304,1.);
#10304 = DIRECTION('',(-0.,-0.,1.));
#10305 = ORIENTED_EDGE('',*,*,#10099,.F.);
#10306 = PLANE('',#10307);
#10307 = AXIS2_PLACEMENT_3D('',#10308,#10309,#10310);
#10308 = CARTESIAN_POINT('',(1.698E+03,1.27E+03,0.));
#10309 = DIRECTION('',(-0.,-1.,-0.));
#10310 = DIRECTION('',(-1.,0.,-0.));
#10311 = ADVANCED_FACE('',(#10312,#10323,#10334),#10345,.T.);
#10312 = FACE_BOUND('',#10313,.F.);
#10313 = EDGE_LOOP('',(#10314,#10315,#10316,#10322));
#10314 = ORIENTED_EDGE('',*,*,#10300,.T.);
#10315 = ORIENTED_EDGE('',*,*,#10165,.T.);
#10316 = ORIENTED_EDGE('',*,*,#10317,.F.);
#10317 = EDGE_CURVE('',#10108,#10166,#10318,.T.);
#10318 = LINE('',#10319,#10320);
#10319 = CARTESIAN_POINT('',(1.7E+03,1.306E+03,0.));
#10320 = VECTOR('',#10321,1.);
#10321 = DIRECTION('',(-0.,-0.,1.));
#10322 = ORIENTED_EDGE('',*,*,#10107,.F.);
#10323 = FACE_BOUND('',#10324,.F.);
#10324 = EDGE_LOOP('',(#10325));
#10325 = ORIENTED_EDGE('',*,*,#10326,.F.);
#10326 = EDGE_CURVE('',#10327,#10327,#10329,.T.);
#10327 = VERTEX_POINT('',#10328);
#10328 = CARTESIAN_POINT('',(1.7E+03,1.29E+03,147.95));
#10329 = CIRCLE('',#10330,2.05);
#10330 = AXIS2_PLACEMENT_3D('',#10331,#10332,#10333);
#10331 = CARTESIAN_POINT('',(1.7E+03,1.29E+03,150.));
#10332 = DIRECTION('',(-1.,-0.,0.));
#10333 = DIRECTION('',(-0.,-0.,-1.));
#10334 = FACE_BOUND('',#10335,.F.);
#10335 = EDGE_LOOP('',(#10336));
#10336 = ORIENTED_EDGE('',*,*,#10337,.F.);
#10337 = EDGE_CURVE('',#10338,#10338,#10340,.T.);
#10338 = VERTEX_POINT('',#10339);
#10339 = CARTESIAN_POINT('',(1.7E+03,1.29E+03,27.95));
#10340 = CIRCLE('',#10341,2.05);
#10341 = AXIS2_PLACEMENT_3D('',#10342,#10343,#10344);
#10342 = CARTESIAN_POINT('',(1.7E+03,1.29E+03,30.));
#10343 = DIRECTION('',(-1.,-0.,0.));
#10344 = DIRECTION('',(-0.,-0.,-1.));
#10345 = PLANE('',#10346);
#10346 = AXIS2_PLACEMENT_3D('',#10347,#10348,#10349);
#10347 = CARTESIAN_POINT('',(1.7E+03,1.27E+03,0.));
#10348 = DIRECTION('',(1.,-0.,-0.));
#10349 = DIRECTION('',(0.,-1.,0.));
#10350 = ADVANCED_FACE('',(#10351),#10357,.T.);
#10351 = FACE_BOUND('',#10352,.F.);
#10352 = EDGE_LOOP('',(#10353,#10354,#10355,#10356));
#10353 = ORIENTED_EDGE('',*,*,#10317,.T.);
#10354 = ORIENTED_EDGE('',*,*,#10173,.T.);
#10355 = ORIENTED_EDGE('',*,*,#10239,.F.);
#10356 = ORIENTED_EDGE('',*,*,#10115,.F.);
#10357 = CYLINDRICAL_SURFACE('',#10358,4.);
#10358 = AXIS2_PLACEMENT_3D('',#10359,#10360,#10361);
#10359 = CARTESIAN_POINT('',(1.696E+03,1.306E+03,0.));
#10360 = DIRECTION('',(-0.,-0.,-1.));
#10361 = DIRECTION('',(1.,-0.,-0.));
#10362 = ADVANCED_FACE('',(#10363),#10374,.F.);
#10363 = FACE_BOUND('',#10364,.T.);
#10364 = EDGE_LOOP('',(#10365,#10366,#10372,#10373));
#10365 = ORIENTED_EDGE('',*,*,#10326,.F.);
#10366 = ORIENTED_EDGE('',*,*,#10367,.F.);
#10367 = EDGE_CURVE('',#10271,#10327,#10368,.T.);
#10368 = LINE('',#10369,#10370);
#10369 = CARTESIAN_POINT('',(1.695E+03,1.29E+03,147.95));
#10370 = VECTOR('',#10371,1.);
#10371 = DIRECTION('',(1.,-0.,-0.));
#10372 = ORIENTED_EDGE('',*,*,#10270,.T.);
#10373 = ORIENTED_EDGE('',*,*,#10367,.T.);
#10374 = CYLINDRICAL_SURFACE('',#10375,2.05);
#10375 = AXIS2_PLACEMENT_3D('',#10376,#10377,#10378);
#10376 = CARTESIAN_POINT('',(1.695E+03,1.29E+03,150.));
#10377 = DIRECTION('',(1.,-0.,-0.));
#10378 = DIRECTION('',(-0.,-0.,-1.));
#10379 = ADVANCED_FACE('',(#10380),#10391,.F.);
#10380 = FACE_BOUND('',#10381,.T.);
#10381 = EDGE_LOOP('',(#10382,#10383,#10389,#10390));
#10382 = ORIENTED_EDGE('',*,*,#10337,.F.);
#10383 = ORIENTED_EDGE('',*,*,#10384,.F.);
#10384 = EDGE_CURVE('',#10282,#10338,#10385,.T.);
#10385 = LINE('',#10386,#10387);
#10386 = CARTESIAN_POINT('',(1.695E+03,1.29E+03,27.95));
#10387 = VECTOR('',#10388,1.);
#10388 = DIRECTION('',(1.,-0.,-0.));
#10389 = ORIENTED_EDGE('',*,*,#10281,.T.);
#10390 = ORIENTED_EDGE('',*,*,#10384,.T.);
#10391 = CYLINDRICAL_SURFACE('',#10392,2.05);
#10392 = AXIS2_PLACEMENT_3D('',#10393,#10394,#10395);
#10393 = CARTESIAN_POINT('',(1.695E+03,1.29E+03,30.));
#10394 = DIRECTION('',(1.,-0.,-0.));
#10395 = DIRECTION('',(-0.,-0.,-1.));
#10396 = ( GEOMETRIC_REPRESENTATION_CONTEXT(3) 
GLOBAL_UNCERTAINTY_ASSIGNED_CONTEXT((#10400)) 
GLOBAL_UNIT_ASSIGNED_CONTEXT((#10397,#10398,#10399)) 
REPRESENTATION_CONTEXT('Context #1',
  '3D Context with UNIT and UNCERTAINTY') );
#10397 = ( LENGTH_UNIT() NAMED_UNIT(*) SI_UNIT(.MILLI.,.METRE.) );
#10398 = ( NAMED_UNIT(*) PLANE_ANGLE_UNIT() SI_UNIT($,.RADIAN.) );
#10399 = ( NAMED_UNIT(*) SI_UNIT($,.STERADIAN.) SOLID_ANGLE_UNIT() );
#10400 = UNCERTAINTY_MEASURE_WITH_UNIT(LENGTH_MEASURE(1.E-07),#10397,
  'distance_accuracy_value','confusion accuracy');
#10401 = CONTEXT_DEPENDENT_SHAPE_REPRESENTATION(#10402,#10404);
#10402 = ( REPRESENTATION_RELATIONSHIP('','',#9992,#10) 
REPRESENTATION_RELATIONSHIP_WITH_TRANSFORMATION(#10403) 
SHAPE_REPRESENTATION_RELATIONSHIP() );
#10403 = ITEM_DEFINED_TRANSFORMATION('','',#11,#75);
#10404 = PRODUCT_DEFINITION_SHAPE('Placement','Placement of an item',
  #10405);
#10405 = NEXT_ASSEMBLY_USAGE_OCCURRENCE('168','Nosilec_5_D','',#5,#9987,
  $);
#10406 = PRODUCT_RELATED_PRODUCT_CATEGORY('part',$,(#9989));
#10407 = SHAPE_DEFINITION_REPRESENTATION(#10408,#10414);
#10408 = PRODUCT_DEFINITION_SHAPE('','',#10409);
#10409 = PRODUCT_DEFINITION('design','',#10410,#10413);
#10410 = PRODUCT_DEFINITION_FORMATION('','',#10411);
#10411 = PRODUCT('Polica_5','Polica_5','',(#10412));
#10412 = PRODUCT_CONTEXT('',#2,'mechanical');
#10413 = PRODUCT_DEFINITION_CONTEXT('part definition',#2,'design');
#10414 = ADVANCED_BREP_SHAPE_REPRESENTATION('',(#11,#10415),#11459);
#10415 = MANIFOLD_SOLID_BREP('',#10416);
#10416 = CLOSED_SHELL('',(#10417,#10457,#10488,#10521,#10741,#10961,
    #10978,#10995,#11012,#11029,#11046,#11085,#11102,#11119,#11136,
    #11153,#11170,#11187,#11204,#11221,#11238,#11255,#11272,#11289,
    #11306,#11345,#11362,#11379,#11396,#11413,#11425,#11442));
#10417 = ADVANCED_FACE('',(#10418),#10452,.T.);
#10418 = FACE_BOUND('',#10419,.T.);
#10419 = EDGE_LOOP('',(#10420,#10430,#10438,#10446));
#10420 = ORIENTED_EDGE('',*,*,#10421,.T.);
#10421 = EDGE_CURVE('',#10422,#10424,#10426,.T.);
#10422 = VERTEX_POINT('',#10423);
#10423 = CARTESIAN_POINT('',(240.,100.75,0.));
#10424 = VERTEX_POINT('',#10425);
#10425 = CARTESIAN_POINT('',(240.,100.75,1.692E+03));
#10426 = LINE('',#10427,#10428);
#10427 = CARTESIAN_POINT('',(240.,100.75,0.));
#10428 = VECTOR('',#10429,1.);
#10429 = DIRECTION('',(0.,0.,1.));
#10430 = ORIENTED_EDGE('',*,*,#10431,.T.);
#10431 = EDGE_CURVE('',#10424,#10432,#10434,.T.);
#10432 = VERTEX_POINT('',#10433);
#10433 = CARTESIAN_POINT('',(251.25,100.75,1.692E+03));
#10434 = LINE('',#10435,#10436);
#10435 = CARTESIAN_POINT('',(251.25,100.75,1.692E+03));
#10436 = VECTOR('',#10437,1.);
#10437 = DIRECTION('',(1.,-0.,-0.));
#10438 = ORIENTED_EDGE('',*,*,#10439,.F.);
#10439 = EDGE_CURVE('',#10440,#10432,#10442,.T.);
#10440 = VERTEX_POINT('',#10441);
#10441 = CARTESIAN_POINT('',(251.25,100.75,0.));
#10442 = LINE('',#10443,#10444);
#10443 = CARTESIAN_POINT('',(251.25,100.75,0.));
#10444 = VECTOR('',#10445,1.);
#10445 = DIRECTION('',(0.,0.,1.));
#10446 = ORIENTED_EDGE('',*,*,#10447,.F.);
#10447 = EDGE_CURVE('',#10422,#10440,#10448,.T.);
#10448 = LINE('',#10449,#10450);
#10449 = CARTESIAN_POINT('',(251.25,100.75,0.));
#10450 = VECTOR('',#10451,1.);
#10451 = DIRECTION('',(1.,-0.,-0.));
#10452 = PLANE('',#10453);
#10453 = AXIS2_PLACEMENT_3D('',#10454,#10455,#10456);
#10454 = CARTESIAN_POINT('',(240.,100.75,0.));
#10455 = DIRECTION('',(0.,1.,-0.));
#10456 = DIRECTION('',(1.,-0.,0.));
#10457 = ADVANCED_FACE('',(#10458),#10483,.T.);
#10458 = FACE_BOUND('',#10459,.T.);
#10459 = EDGE_LOOP('',(#10460,#10470,#10476,#10477));
#10460 = ORIENTED_EDGE('',*,*,#10461,.T.);
#10461 = EDGE_CURVE('',#10462,#10464,#10466,.T.);
#10462 = VERTEX_POINT('',#10463);
#10463 = CARTESIAN_POINT('',(240.,99.25,0.));
#10464 = VERTEX_POINT('',#10465);
#10465 = CARTESIAN_POINT('',(240.,99.25,1.692E+03));
#10466 = LINE('',#10467,#10468);
#10467 = CARTESIAN_POINT('',(240.,99.25,0.));
#10468 = VECTOR('',#10469,1.);
#10469 = DIRECTION('',(0.,0.,1.));
#10470 = ORIENTED_EDGE('',*,*,#10471,.T.);
#10471 = EDGE_CURVE('',#10464,#10424,#10472,.T.);
#10472 = LINE('',#10473,#10474);
#10473 = CARTESIAN_POINT('',(240.,99.25,1.692E+03));
#10474 = VECTOR('',#10475,1.);
#10475 = DIRECTION('',(0.,1.,0.));
#10476 = ORIENTED_EDGE('',*,*,#10421,.F.);
#10477 = ORIENTED_EDGE('',*,*,#10478,.F.);
#10478 = EDGE_CURVE('',#10462,#10422,#10479,.T.);
#10479 = LINE('',#10480,#10481);
#10480 = CARTESIAN_POINT('',(240.,99.25,0.));
#10481 = VECTOR('',#10482,1.);
#10482 = DIRECTION('',(0.,1.,0.));
#10483 = PLANE('',#10484);
#10484 = AXIS2_PLACEMENT_3D('',#10485,#10486,#10487);
#10485 = CARTESIAN_POINT('',(240.,99.25,0.));
#10486 = DIRECTION('',(-1.,0.,0.));
#10487 = DIRECTION('',(0.,1.,0.));
#10488 = ADVANCED_FACE('',(#10489),#10516,.T.);
#10489 = FACE_BOUND('',#10490,.T.);
#10490 = EDGE_LOOP('',(#10491,#10492,#10501,#10509));
#10491 = ORIENTED_EDGE('',*,*,#10439,.T.);
#10492 = ORIENTED_EDGE('',*,*,#10493,.T.);
#10493 = EDGE_CURVE('',#10432,#10494,#10496,.T.);
#10494 = VERTEX_POINT('',#10495);
#10495 = CARTESIAN_POINT('',(254.75,97.25,1.692E+03));
#10496 = CIRCLE('',#10497,3.5);
#10497 = AXIS2_PLACEMENT_3D('',#10498,#10499,#10500);
#10498 = CARTESIAN_POINT('',(251.25,97.25,1.692E+03));
#10499 = DIRECTION('',(0.,-0.,-1.));
#10500 = DIRECTION('',(1.,0.,-0.));
#10501 = ORIENTED_EDGE('',*,*,#10502,.F.);
#10502 = EDGE_CURVE('',#10503,#10494,#10505,.T.);
#10503 = VERTEX_POINT('',#10504);
#10504 = CARTESIAN_POINT('',(254.75,97.25,0.));
#10505 = LINE('',#10506,#10507);
#10506 = CARTESIAN_POINT('',(254.75,97.25,0.));
#10507 = VECTOR('',#10508,1.);
#10508 = DIRECTION('',(0.,0.,1.));
#10509 = ORIENTED_EDGE('',*,*,#10510,.F.);
#10510 = EDGE_CURVE('',#10440,#10503,#10511,.T.);
#10511 = CIRCLE('',#10512,3.5);
#10512 = AXIS2_PLACEMENT_3D('',#10513,#10514,#10515);
#10513 = CARTESIAN_POINT('',(251.25,97.25,0.));
#10514 = DIRECTION('',(0.,-0.,-1.));
#10515 = DIRECTION('',(1.,0.,-0.));
#10516 = CYLINDRICAL_SURFACE('',#10517,3.5);
#10517 = AXIS2_PLACEMENT_3D('',#10518,#10519,#10520);
#10518 = CARTESIAN_POINT('',(251.25,97.25,0.));
#10519 = DIRECTION('',(0.,-0.,-1.));
#10520 = DIRECTION('',(1.,0.,-0.));
#10521 = ADVANCED_FACE('',(#10522),#10736,.T.);
#10522 = FACE_BOUND('',#10523,.T.);
#10523 = EDGE_LOOP('',(#10524,#10525,#10526,#10534,#10543,#10551,#10560,
    #10568,#10577,#10585,#10594,#10602,#10611,#10619,#10627,#10635,
    #10644,#10652,#10661,#10669,#10678,#10686,#10695,#10703,#10712,
    #10720,#10729,#10735));
#10524 = ORIENTED_EDGE('',*,*,#10447,.T.);
#10525 = ORIENTED_EDGE('',*,*,#10510,.T.);
#10526 = ORIENTED_EDGE('',*,*,#10527,.T.);
#10527 = EDGE_CURVE('',#10503,#10528,#10530,.T.);
#10528 = VERTEX_POINT('',#10529);
#10529 = CARTESIAN_POINT('',(254.75,56.613950890877,0.));
#10530 = LINE('',#10531,#10532);
#10531 = CARTESIAN_POINT('',(254.75,56.613950890877,0.));
#10532 = VECTOR('',#10533,1.);
#10533 = DIRECTION('',(-0.,-1.,-0.));
#10534 = ORIENTED_EDGE('',*,*,#10535,.T.);
#10535 = EDGE_CURVE('',#10528,#10536,#10538,.T.);
#10536 = VERTEX_POINT('',#10537);
#10537 = CARTESIAN_POINT('',(248.43438965607,46.348859371851,0.));
#10538 = CIRCLE('',#10539,11.5);
#10539 = AXIS2_PLACEMENT_3D('',#10540,#10541,#10542);
#10540 = CARTESIAN_POINT('',(243.25,56.613950890877,0.));
#10541 = DIRECTION('',(0.,-0.,-1.));
#10542 = DIRECTION('',(0.450816491833,-0.892616653828,0.));
#10543 = ORIENTED_EDGE('',*,*,#10544,.T.);
#10544 = EDGE_CURVE('',#10536,#10545,#10547,.T.);
#10545 = VERTEX_POINT('',#10546);
#10546 = CARTESIAN_POINT('',(164.00233765473,3.706408866121,0.));
#10547 = LINE('',#10548,#10549);
#10548 = CARTESIAN_POINT('',(164.00233765473,3.706408866121,0.));
#10549 = VECTOR('',#10550,1.);
#10550 = DIRECTION('',(-0.892616653828,-0.450816491833,-0.));
#10551 = ORIENTED_EDGE('',*,*,#10552,.T.);
#10552 = EDGE_CURVE('',#10545,#10553,#10555,.T.);
#10553 = VERTEX_POINT('',#10554);
#10554 = CARTESIAN_POINT('',(145.29345324368,-0.75,0.));
#10555 = CIRCLE('',#10556,41.5);
#10556 = AXIS2_PLACEMENT_3D('',#10557,#10558,#10559);
#10557 = CARTESIAN_POINT('',(145.29345324368,40.75,0.));
#10558 = DIRECTION('',(-0.,0.,-1.));
#10559 = DIRECTION('',(-1.369720936405E-15,-1.,0.));
#10560 = ORIENTED_EDGE('',*,*,#10561,.T.);
#10561 = EDGE_CURVE('',#10553,#10562,#10564,.T.);
#10562 = VERTEX_POINT('',#10563);
#10563 = CARTESIAN_POINT('',(114.70654675632,-0.75,0.));
#10564 = LINE('',#10565,#10566);
#10565 = CARTESIAN_POINT('',(114.70654675632,-0.75,0.));
#10566 = VECTOR('',#10567,1.);
#10567 = DIRECTION('',(-1.,-0.,-0.));
#10568 = ORIENTED_EDGE('',*,*,#10569,.T.);
#10569 = EDGE_CURVE('',#10562,#10570,#10572,.T.);
#10570 = VERTEX_POINT('',#10571);
#10571 = CARTESIAN_POINT('',(95.99766234527,3.706408866121,0.));
#10572 = CIRCLE('',#10573,41.5);
#10573 = AXIS2_PLACEMENT_3D('',#10574,#10575,#10576);
#10574 = CARTESIAN_POINT('',(114.70654675632,40.75,0.));
#10575 = DIRECTION('',(-0.,0.,-1.));
#10576 = DIRECTION('',(-0.450816491833,-0.892616653828,0.));
#10577 = ORIENTED_EDGE('',*,*,#10578,.T.);
#10578 = EDGE_CURVE('',#10570,#10579,#10581,.T.);
#10579 = VERTEX_POINT('',#10580);
#10580 = CARTESIAN_POINT('',(11.565610343926,46.348859371851,0.));
#10581 = LINE('',#10582,#10583);
#10582 = CARTESIAN_POINT('',(11.565610343926,46.348859371851,0.));
#10583 = VECTOR('',#10584,1.);
#10584 = DIRECTION('',(-0.892616653828,0.450816491833,-0.));
#10585 = ORIENTED_EDGE('',*,*,#10586,.T.);
#10586 = EDGE_CURVE('',#10579,#10587,#10589,.T.);
#10587 = VERTEX_POINT('',#10588);
#10588 = CARTESIAN_POINT('',(5.25,56.613950890877,0.));
#10589 = CIRCLE('',#10590,11.5);
#10590 = AXIS2_PLACEMENT_3D('',#10591,#10592,#10593);
#10591 = CARTESIAN_POINT('',(16.75,56.613950890877,0.));
#10592 = DIRECTION('',(-0.,0.,-1.));
#10593 = DIRECTION('',(-1.,0.,0.));
#10594 = ORIENTED_EDGE('',*,*,#10595,.T.);
#10595 = EDGE_CURVE('',#10587,#10596,#10598,.T.);
#10596 = VERTEX_POINT('',#10597);
#10597 = CARTESIAN_POINT('',(5.25,57.25,0.));
#10598 = LINE('',#10599,#10600);
#10599 = CARTESIAN_POINT('',(5.25,57.25,0.));
#10600 = VECTOR('',#10601,1.);
#10601 = DIRECTION('',(-0.,1.,-0.));
#10602 = ORIENTED_EDGE('',*,*,#10603,.T.);
#10603 = EDGE_CURVE('',#10596,#10604,#10606,.T.);
#10604 = VERTEX_POINT('',#10605);
#10605 = CARTESIAN_POINT('',(8.75,60.75,0.));
#10606 = CIRCLE('',#10607,3.5);
#10607 = AXIS2_PLACEMENT_3D('',#10608,#10609,#10610);
#10608 = CARTESIAN_POINT('',(8.75,57.25,0.));
#10609 = DIRECTION('',(-0.,0.,-1.));
#10610 = DIRECTION('',(-5.075305255429E-16,1.,0.));
#10611 = ORIENTED_EDGE('',*,*,#10612,.T.);
#10612 = EDGE_CURVE('',#10604,#10613,#10615,.T.);
#10613 = VERTEX_POINT('',#10614);
#10614 = CARTESIAN_POINT('',(20.,60.75,0.));
#10615 = LINE('',#10616,#10617);
#10616 = CARTESIAN_POINT('',(20.,60.75,0.));
#10617 = VECTOR('',#10618,1.);
#10618 = DIRECTION('',(1.,-0.,-0.));
#10619 = ORIENTED_EDGE('',*,*,#10620,.T.);
#10620 = EDGE_CURVE('',#10613,#10621,#10623,.T.);
#10621 = VERTEX_POINT('',#10622);
#10622 = CARTESIAN_POINT('',(20.,59.25,0.));
#10623 = LINE('',#10624,#10625);
#10624 = CARTESIAN_POINT('',(20.,59.25,0.));
#10625 = VECTOR('',#10626,1.);
#10626 = DIRECTION('',(-0.,-1.,-0.));
#10627 = ORIENTED_EDGE('',*,*,#10628,.T.);
#10628 = EDGE_CURVE('',#10621,#10629,#10631,.T.);
#10629 = VERTEX_POINT('',#10630);
#10630 = CARTESIAN_POINT('',(8.75,59.25,0.));
#10631 = LINE('',#10632,#10633);
#10632 = CARTESIAN_POINT('',(20.,59.25,0.));
#10633 = VECTOR('',#10634,1.);
#10634 = DIRECTION('',(-1.,0.,0.));
#10635 = ORIENTED_EDGE('',*,*,#10636,.T.);
#10636 = EDGE_CURVE('',#10629,#10637,#10639,.T.);
#10637 = VERTEX_POINT('',#10638);
#10638 = CARTESIAN_POINT('',(6.75,57.25,0.));
#10639 = CIRCLE('',#10640,2.);
#10640 = AXIS2_PLACEMENT_3D('',#10641,#10642,#10643);
#10641 = CARTESIAN_POINT('',(8.75,57.25,0.));
#10642 = DIRECTION('',(0.,0.,1.));
#10643 = DIRECTION('',(-1.7763568394E-15,1.,0.));
#10644 = ORIENTED_EDGE('',*,*,#10645,.T.);
#10645 = EDGE_CURVE('',#10637,#10646,#10648,.T.);
#10646 = VERTEX_POINT('',#10647);
#10647 = CARTESIAN_POINT('',(6.75,56.613950890877,0.));
#10648 = LINE('',#10649,#10650);
#10649 = CARTESIAN_POINT('',(6.75,57.25,0.));
#10650 = VECTOR('',#10651,1.);
#10651 = DIRECTION('',(0.,-1.,0.));
#10652 = ORIENTED_EDGE('',*,*,#10653,.T.);
#10653 = EDGE_CURVE('',#10646,#10654,#10656,.T.);
#10654 = VERTEX_POINT('',#10655);
#10655 = CARTESIAN_POINT('',(12.241835081675,47.687784352593,0.));
#10656 = CIRCLE('',#10657,10.);
#10657 = AXIS2_PLACEMENT_3D('',#10658,#10659,#10660);
#10658 = CARTESIAN_POINT('',(16.75,56.613950890877,0.));
#10659 = DIRECTION('',(0.,0.,1.));
#10660 = DIRECTION('',(-1.,0.,0.));
#10661 = ORIENTED_EDGE('',*,*,#10662,.T.);
#10662 = EDGE_CURVE('',#10654,#10663,#10665,.T.);
#10663 = VERTEX_POINT('',#10664);
#10664 = CARTESIAN_POINT('',(96.673887083019,5.045333846864,0.));
#10665 = LINE('',#10666,#10667);
#10666 = CARTESIAN_POINT('',(12.241835081675,47.687784352593,0.));
#10667 = VECTOR('',#10668,1.);
#10668 = DIRECTION('',(0.892616653828,-0.450816491833,0.));
#10669 = ORIENTED_EDGE('',*,*,#10670,.T.);
#10670 = EDGE_CURVE('',#10663,#10671,#10673,.T.);
#10671 = VERTEX_POINT('',#10672);
#10672 = CARTESIAN_POINT('',(114.70654675632,0.75,0.));
#10673 = CIRCLE('',#10674,40.);
#10674 = AXIS2_PLACEMENT_3D('',#10675,#10676,#10677);
#10675 = CARTESIAN_POINT('',(114.70654675632,40.75,0.));
#10676 = DIRECTION('',(0.,0.,1.));
#10677 = DIRECTION('',(-0.450816491833,-0.892616653828,0.));
#10678 = ORIENTED_EDGE('',*,*,#10679,.T.);
#10679 = EDGE_CURVE('',#10671,#10680,#10682,.T.);
#10680 = VERTEX_POINT('',#10681);
#10681 = CARTESIAN_POINT('',(145.29345324368,0.75,0.));
#10682 = LINE('',#10683,#10684);
#10683 = CARTESIAN_POINT('',(114.70654675632,0.75,0.));
#10684 = VECTOR('',#10685,1.);
#10685 = DIRECTION('',(1.,0.,0.));
#10686 = ORIENTED_EDGE('',*,*,#10687,.T.);
#10687 = EDGE_CURVE('',#10680,#10688,#10690,.T.);
#10688 = VERTEX_POINT('',#10689);
#10689 = CARTESIAN_POINT('',(163.32611291698,5.045333846864,0.));
#10690 = CIRCLE('',#10691,40.);
#10691 = AXIS2_PLACEMENT_3D('',#10692,#10693,#10694);
#10692 = CARTESIAN_POINT('',(145.29345324368,40.75,0.));
#10693 = DIRECTION('',(0.,0.,1.));
#10694 = DIRECTION('',(0.,-1.,0.));
#10695 = ORIENTED_EDGE('',*,*,#10696,.T.);
#10696 = EDGE_CURVE('',#10688,#10697,#10699,.T.);
#10697 = VERTEX_POINT('',#10698);
#10698 = CARTESIAN_POINT('',(247.75816491832,47.687784352593,0.));
#10699 = LINE('',#10700,#10701);
#10700 = CARTESIAN_POINT('',(163.32611291698,5.045333846864,0.));
#10701 = VECTOR('',#10702,1.);
#10702 = DIRECTION('',(0.892616653828,0.450816491833,0.));
#10703 = ORIENTED_EDGE('',*,*,#10704,.T.);
#10704 = EDGE_CURVE('',#10697,#10705,#10707,.T.);
#10705 = VERTEX_POINT('',#10706);
#10706 = CARTESIAN_POINT('',(253.25,56.613950890877,0.));
#10707 = CIRCLE('',#10708,10.);
#10708 = AXIS2_PLACEMENT_3D('',#10709,#10710,#10711);
#10709 = CARTESIAN_POINT('',(243.25,56.613950890877,0.));
#10710 = DIRECTION('',(0.,0.,1.));
#10711 = DIRECTION('',(0.450816491833,-0.892616653828,0.));
#10712 = ORIENTED_EDGE('',*,*,#10713,.T.);
#10713 = EDGE_CURVE('',#10705,#10714,#10716,.T.);
#10714 = VERTEX_POINT('',#10715);
#10715 = CARTESIAN_POINT('',(253.25,97.25,0.));
#10716 = LINE('',#10717,#10718);
#10717 = CARTESIAN_POINT('',(253.25,56.613950890877,0.));
#10718 = VECTOR('',#10719,1.);
#10719 = DIRECTION('',(0.,1.,0.));
#10720 = ORIENTED_EDGE('',*,*,#10721,.T.);
#10721 = EDGE_CURVE('',#10714,#10722,#10724,.T.);
#10722 = VERTEX_POINT('',#10723);
#10723 = CARTESIAN_POINT('',(251.25,99.25,0.));
#10724 = CIRCLE('',#10725,2.);
#10725 = AXIS2_PLACEMENT_3D('',#10726,#10727,#10728);
#10726 = CARTESIAN_POINT('',(251.25,97.25,0.));
#10727 = DIRECTION('',(0.,0.,1.));
#10728 = DIRECTION('',(1.,-1.42108547152E-14,0.));
#10729 = ORIENTED_EDGE('',*,*,#10730,.T.);
#10730 = EDGE_CURVE('',#10722,#10462,#10731,.T.);
#10731 = LINE('',#10732,#10733);
#10732 = CARTESIAN_POINT('',(251.25,99.25,0.));
#10733 = VECTOR('',#10734,1.);
#10734 = DIRECTION('',(-1.,0.,0.));
#10735 = ORIENTED_EDGE('',*,*,#10478,.T.);
#10736 = PLANE('',#10737);
#10737 = AXIS2_PLACEMENT_3D('',#10738,#10739,#10740);
#10738 = CARTESIAN_POINT('',(143.96240247301,33.463305132465,0.));
#10739 = DIRECTION('',(-0.,-0.,-1.));
#10740 = DIRECTION('',(-1.,0.,0.));
#10741 = ADVANCED_FACE('',(#10742),#10956,.F.);
#10742 = FACE_BOUND('',#10743,.F.);
#10743 = EDGE_LOOP('',(#10744,#10745,#10746,#10754,#10763,#10771,#10780,
    #10788,#10797,#10805,#10814,#10822,#10831,#10839,#10847,#10855,
    #10864,#10872,#10881,#10889,#10898,#10906,#10915,#10923,#10932,
    #10940,#10949,#10955));
#10744 = ORIENTED_EDGE('',*,*,#10431,.T.);
#10745 = ORIENTED_EDGE('',*,*,#10493,.T.);
#10746 = ORIENTED_EDGE('',*,*,#10747,.T.);
#10747 = EDGE_CURVE('',#10494,#10748,#10750,.T.);
#10748 = VERTEX_POINT('',#10749);
#10749 = CARTESIAN_POINT('',(254.75,56.613950890877,1.692E+03));
#10750 = LINE('',#10751,#10752);
#10751 = CARTESIAN_POINT('',(254.75,56.613950890877,1.692E+03));
#10752 = VECTOR('',#10753,1.);
#10753 = DIRECTION('',(-0.,-1.,-0.));
#10754 = ORIENTED_EDGE('',*,*,#10755,.T.);
#10755 = EDGE_CURVE('',#10748,#10756,#10758,.T.);
#10756 = VERTEX_POINT('',#10757);
#10757 = CARTESIAN_POINT('',(248.43438965607,46.348859371851,1.692E+03)
  );
#10758 = CIRCLE('',#10759,11.5);
#10759 = AXIS2_PLACEMENT_3D('',#10760,#10761,#10762);
#10760 = CARTESIAN_POINT('',(243.25,56.613950890877,1.692E+03));
#10761 = DIRECTION('',(0.,-0.,-1.));
#10762 = DIRECTION('',(0.450816491833,-0.892616653828,0.));
#10763 = ORIENTED_EDGE('',*,*,#10764,.T.);
#10764 = EDGE_CURVE('',#10756,#10765,#10767,.T.);
#10765 = VERTEX_POINT('',#10766);
#10766 = CARTESIAN_POINT('',(164.00233765473,3.706408866121,1.692E+03));
#10767 = LINE('',#10768,#10769);
#10768 = CARTESIAN_POINT('',(164.00233765473,3.706408866121,1.692E+03));
#10769 = VECTOR('',#10770,1.);
#10770 = DIRECTION('',(-0.892616653828,-0.450816491833,-0.));
#10771 = ORIENTED_EDGE('',*,*,#10772,.T.);
#10772 = EDGE_CURVE('',#10765,#10773,#10775,.T.);
#10773 = VERTEX_POINT('',#10774);
#10774 = CARTESIAN_POINT('',(145.29345324368,-0.75,1.692E+03));
#10775 = CIRCLE('',#10776,41.5);
#10776 = AXIS2_PLACEMENT_3D('',#10777,#10778,#10779);
#10777 = CARTESIAN_POINT('',(145.29345324368,40.75,1.692E+03));
#10778 = DIRECTION('',(-0.,0.,-1.));
#10779 = DIRECTION('',(-1.369720936405E-15,-1.,0.));
#10780 = ORIENTED_EDGE('',*,*,#10781,.T.);
#10781 = EDGE_CURVE('',#10773,#10782,#10784,.T.);
#10782 = VERTEX_POINT('',#10783);
#10783 = CARTESIAN_POINT('',(114.70654675632,-0.75,1.692E+03));
#10784 = LINE('',#10785,#10786);
#10785 = CARTESIAN_POINT('',(114.70654675632,-0.75,1.692E+03));
#10786 = VECTOR('',#10787,1.);
#10787 = DIRECTION('',(-1.,-0.,-0.));
#10788 = ORIENTED_EDGE('',*,*,#10789,.T.);
#10789 = EDGE_CURVE('',#10782,#10790,#10792,.T.);
#10790 = VERTEX_POINT('',#10791);
#10791 = CARTESIAN_POINT('',(95.99766234527,3.706408866121,1.692E+03));
#10792 = CIRCLE('',#10793,41.5);
#10793 = AXIS2_PLACEMENT_3D('',#10794,#10795,#10796);
#10794 = CARTESIAN_POINT('',(114.70654675632,40.75,1.692E+03));
#10795 = DIRECTION('',(-0.,0.,-1.));
#10796 = DIRECTION('',(-0.450816491833,-0.892616653828,0.));
#10797 = ORIENTED_EDGE('',*,*,#10798,.T.);
#10798 = EDGE_CURVE('',#10790,#10799,#10801,.T.);
#10799 = VERTEX_POINT('',#10800);
#10800 = CARTESIAN_POINT('',(11.565610343926,46.348859371851,1.692E+03)
  );
#10801 = LINE('',#10802,#10803);
#10802 = CARTESIAN_POINT('',(11.565610343926,46.348859371851,1.692E+03)
  );
#10803 = VECTOR('',#10804,1.);
#10804 = DIRECTION('',(-0.892616653828,0.450816491833,-0.));
#10805 = ORIENTED_EDGE('',*,*,#10806,.T.);
#10806 = EDGE_CURVE('',#10799,#10807,#10809,.T.);
#10807 = VERTEX_POINT('',#10808);
#10808 = CARTESIAN_POINT('',(5.25,56.613950890877,1.692E+03));
#10809 = CIRCLE('',#10810,11.5);
#10810 = AXIS2_PLACEMENT_3D('',#10811,#10812,#10813);
#10811 = CARTESIAN_POINT('',(16.75,56.613950890877,1.692E+03));
#10812 = DIRECTION('',(-0.,0.,-1.));
#10813 = DIRECTION('',(-1.,0.,0.));
#10814 = ORIENTED_EDGE('',*,*,#10815,.T.);
#10815 = EDGE_CURVE('',#10807,#10816,#10818,.T.);
#10816 = VERTEX_POINT('',#10817);
#10817 = CARTESIAN_POINT('',(5.25,57.25,1.692E+03));
#10818 = LINE('',#10819,#10820);
#10819 = CARTESIAN_POINT('',(5.25,57.25,1.692E+03));
#10820 = VECTOR('',#10821,1.);
#10821 = DIRECTION('',(-0.,1.,-0.));
#10822 = ORIENTED_EDGE('',*,*,#10823,.T.);
#10823 = EDGE_CURVE('',#10816,#10824,#10826,.T.);
#10824 = VERTEX_POINT('',#10825);
#10825 = CARTESIAN_POINT('',(8.75,60.75,1.692E+03));
#10826 = CIRCLE('',#10827,3.5);
#10827 = AXIS2_PLACEMENT_3D('',#10828,#10829,#10830);
#10828 = CARTESIAN_POINT('',(8.75,57.25,1.692E+03));
#10829 = DIRECTION('',(-0.,0.,-1.));
#10830 = DIRECTION('',(-5.075305255429E-16,1.,0.));
#10831 = ORIENTED_EDGE('',*,*,#10832,.T.);
#10832 = EDGE_CURVE('',#10824,#10833,#10835,.T.);
#10833 = VERTEX_POINT('',#10834);
#10834 = CARTESIAN_POINT('',(20.,60.75,1.692E+03));
#10835 = LINE('',#10836,#10837);
#10836 = CARTESIAN_POINT('',(20.,60.75,1.692E+03));
#10837 = VECTOR('',#10838,1.);
#10838 = DIRECTION('',(1.,-0.,-0.));
#10839 = ORIENTED_EDGE('',*,*,#10840,.T.);
#10840 = EDGE_CURVE('',#10833,#10841,#10843,.T.);
#10841 = VERTEX_POINT('',#10842);
#10842 = CARTESIAN_POINT('',(20.,59.25,1.692E+03));
#10843 = LINE('',#10844,#10845);
#10844 = CARTESIAN_POINT('',(20.,59.25,1.692E+03));
#10845 = VECTOR('',#10846,1.);
#10846 = DIRECTION('',(-0.,-1.,-0.));
#10847 = ORIENTED_EDGE('',*,*,#10848,.T.);
#10848 = EDGE_CURVE('',#10841,#10849,#10851,.T.);
#10849 = VERTEX_POINT('',#10850);
#10850 = CARTESIAN_POINT('',(8.75,59.25,1.692E+03));
#10851 = LINE('',#10852,#10853);
#10852 = CARTESIAN_POINT('',(20.,59.25,1.692E+03));
#10853 = VECTOR('',#10854,1.);
#10854 = DIRECTION('',(-1.,0.,0.));
#10855 = ORIENTED_EDGE('',*,*,#10856,.T.);
#10856 = EDGE_CURVE('',#10849,#10857,#10859,.T.);
#10857 = VERTEX_POINT('',#10858);
#10858 = CARTESIAN_POINT('',(6.75,57.25,1.692E+03));
#10859 = CIRCLE('',#10860,2.);
#10860 = AXIS2_PLACEMENT_3D('',#10861,#10862,#10863);
#10861 = CARTESIAN_POINT('',(8.75,57.25,1.692E+03));
#10862 = DIRECTION('',(0.,0.,1.));
#10863 = DIRECTION('',(-1.7763568394E-15,1.,0.));
#10864 = ORIENTED_EDGE('',*,*,#10865,.T.);
#10865 = EDGE_CURVE('',#10857,#10866,#10868,.T.);
#10866 = VERTEX_POINT('',#10867);
#10867 = CARTESIAN_POINT('',(6.75,56.613950890877,1.692E+03));
#10868 = LINE('',#10869,#10870);
#10869 = CARTESIAN_POINT('',(6.75,57.25,1.692E+03));
#10870 = VECTOR('',#10871,1.);
#10871 = DIRECTION('',(0.,-1.,0.));
#10872 = ORIENTED_EDGE('',*,*,#10873,.T.);
#10873 = EDGE_CURVE('',#10866,#10874,#10876,.T.);
#10874 = VERTEX_POINT('',#10875);
#10875 = CARTESIAN_POINT('',(12.241835081675,47.687784352593,1.692E+03)
  );
#10876 = CIRCLE('',#10877,10.);
#10877 = AXIS2_PLACEMENT_3D('',#10878,#10879,#10880);
#10878 = CARTESIAN_POINT('',(16.75,56.613950890877,1.692E+03));
#10879 = DIRECTION('',(0.,0.,1.));
#10880 = DIRECTION('',(-1.,0.,0.));
#10881 = ORIENTED_EDGE('',*,*,#10882,.T.);
#10882 = EDGE_CURVE('',#10874,#10883,#10885,.T.);
#10883 = VERTEX_POINT('',#10884);
#10884 = CARTESIAN_POINT('',(96.673887083019,5.045333846864,1.692E+03));
#10885 = LINE('',#10886,#10887);
#10886 = CARTESIAN_POINT('',(12.241835081675,47.687784352593,1.692E+03)
  );
#10887 = VECTOR('',#10888,1.);
#10888 = DIRECTION('',(0.892616653828,-0.450816491833,0.));
#10889 = ORIENTED_EDGE('',*,*,#10890,.T.);
#10890 = EDGE_CURVE('',#10883,#10891,#10893,.T.);
#10891 = VERTEX_POINT('',#10892);
#10892 = CARTESIAN_POINT('',(114.70654675632,0.75,1.692E+03));
#10893 = CIRCLE('',#10894,40.);
#10894 = AXIS2_PLACEMENT_3D('',#10895,#10896,#10897);
#10895 = CARTESIAN_POINT('',(114.70654675632,40.75,1.692E+03));
#10896 = DIRECTION('',(0.,0.,1.));
#10897 = DIRECTION('',(-0.450816491833,-0.892616653828,0.));
#10898 = ORIENTED_EDGE('',*,*,#10899,.T.);
#10899 = EDGE_CURVE('',#10891,#10900,#10902,.T.);
#10900 = VERTEX_POINT('',#10901);
#10901 = CARTESIAN_POINT('',(145.29345324368,0.75,1.692E+03));
#10902 = LINE('',#10903,#10904);
#10903 = CARTESIAN_POINT('',(114.70654675632,0.75,1.692E+03));
#10904 = VECTOR('',#10905,1.);
#10905 = DIRECTION('',(1.,0.,0.));
#10906 = ORIENTED_EDGE('',*,*,#10907,.T.);
#10907 = EDGE_CURVE('',#10900,#10908,#10910,.T.);
#10908 = VERTEX_POINT('',#10909);
#10909 = CARTESIAN_POINT('',(163.32611291698,5.045333846864,1.692E+03));
#10910 = CIRCLE('',#10911,40.);
#10911 = AXIS2_PLACEMENT_3D('',#10912,#10913,#10914);
#10912 = CARTESIAN_POINT('',(145.29345324368,40.75,1.692E+03));
#10913 = DIRECTION('',(0.,0.,1.));
#10914 = DIRECTION('',(0.,-1.,0.));
#10915 = ORIENTED_EDGE('',*,*,#10916,.T.);
#10916 = EDGE_CURVE('',#10908,#10917,#10919,.T.);
#10917 = VERTEX_POINT('',#10918);
#10918 = CARTESIAN_POINT('',(247.75816491832,47.687784352593,1.692E+03)
  );
#10919 = LINE('',#10920,#10921);
#10920 = CARTESIAN_POINT('',(163.32611291698,5.045333846864,1.692E+03));
#10921 = VECTOR('',#10922,1.);
#10922 = DIRECTION('',(0.892616653828,0.450816491833,0.));
#10923 = ORIENTED_EDGE('',*,*,#10924,.T.);
#10924 = EDGE_CURVE('',#10917,#10925,#10927,.T.);
#10925 = VERTEX_POINT('',#10926);
#10926 = CARTESIAN_POINT('',(253.25,56.613950890877,1.692E+03));
#10927 = CIRCLE('',#10928,10.);
#10928 = AXIS2_PLACEMENT_3D('',#10929,#10930,#10931);
#10929 = CARTESIAN_POINT('',(243.25,56.613950890877,1.692E+03));
#10930 = DIRECTION('',(0.,0.,1.));
#10931 = DIRECTION('',(0.450816491833,-0.892616653828,0.));
#10932 = ORIENTED_EDGE('',*,*,#10933,.T.);
#10933 = EDGE_CURVE('',#10925,#10934,#10936,.T.);
#10934 = VERTEX_POINT('',#10935);
#10935 = CARTESIAN_POINT('',(253.25,97.25,1.692E+03));
#10936 = LINE('',#10937,#10938);
#10937 = CARTESIAN_POINT('',(253.25,56.613950890877,1.692E+03));
#10938 = VECTOR('',#10939,1.);
#10939 = DIRECTION('',(0.,1.,0.));
#10940 = ORIENTED_EDGE('',*,*,#10941,.T.);
#10941 = EDGE_CURVE('',#10934,#10942,#10944,.T.);
#10942 = VERTEX_POINT('',#10943);
#10943 = CARTESIAN_POINT('',(251.25,99.25,1.692E+03));
#10944 = CIRCLE('',#10945,2.);
#10945 = AXIS2_PLACEMENT_3D('',#10946,#10947,#10948);
#10946 = CARTESIAN_POINT('',(251.25,97.25,1.692E+03));
#10947 = DIRECTION('',(0.,0.,1.));
#10948 = DIRECTION('',(1.,-1.42108547152E-14,0.));
#10949 = ORIENTED_EDGE('',*,*,#10950,.T.);
#10950 = EDGE_CURVE('',#10942,#10464,#10951,.T.);
#10951 = LINE('',#10952,#10953);
#10952 = CARTESIAN_POINT('',(251.25,99.25,1.692E+03));
#10953 = VECTOR('',#10954,1.);
#10954 = DIRECTION('',(-1.,0.,0.));
#10955 = ORIENTED_EDGE('',*,*,#10471,.T.);
#10956 = PLANE('',#10957);
#10957 = AXIS2_PLACEMENT_3D('',#10958,#10959,#10960);
#10958 = CARTESIAN_POINT('',(143.96240247301,33.463305132465,1.692E+03)
  );
#10959 = DIRECTION('',(-0.,-0.,-1.));
#10960 = DIRECTION('',(-1.,0.,0.));
#10961 = ADVANCED_FACE('',(#10962),#10973,.T.);
#10962 = FACE_BOUND('',#10963,.T.);
#10963 = EDGE_LOOP('',(#10964,#10970,#10971,#10972));
#10964 = ORIENTED_EDGE('',*,*,#10965,.T.);
#10965 = EDGE_CURVE('',#10722,#10942,#10966,.T.);
#10966 = LINE('',#10967,#10968);
#10967 = CARTESIAN_POINT('',(251.25,99.25,0.));
#10968 = VECTOR('',#10969,1.);
#10969 = DIRECTION('',(0.,0.,1.));
#10970 = ORIENTED_EDGE('',*,*,#10950,.T.);
#10971 = ORIENTED_EDGE('',*,*,#10461,.F.);
#10972 = ORIENTED_EDGE('',*,*,#10730,.F.);
#10973 = PLANE('',#10974);
#10974 = AXIS2_PLACEMENT_3D('',#10975,#10976,#10977);
#10975 = CARTESIAN_POINT('',(251.25,99.25,0.));
#10976 = DIRECTION('',(0.,-1.,0.));
#10977 = DIRECTION('',(-1.,0.,0.));
#10978 = ADVANCED_FACE('',(#10979),#10990,.T.);
#10979 = FACE_BOUND('',#10980,.T.);
#10980 = EDGE_LOOP('',(#10981,#10982,#10983,#10989));
#10981 = ORIENTED_EDGE('',*,*,#10502,.T.);
#10982 = ORIENTED_EDGE('',*,*,#10747,.T.);
#10983 = ORIENTED_EDGE('',*,*,#10984,.F.);
#10984 = EDGE_CURVE('',#10528,#10748,#10985,.T.);
#10985 = LINE('',#10986,#10987);
#10986 = CARTESIAN_POINT('',(254.75,56.613950890877,0.));
#10987 = VECTOR('',#10988,1.);
#10988 = DIRECTION('',(0.,0.,1.));
#10989 = ORIENTED_EDGE('',*,*,#10527,.F.);
#10990 = PLANE('',#10991);
#10991 = AXIS2_PLACEMENT_3D('',#10992,#10993,#10994);
#10992 = CARTESIAN_POINT('',(254.75,97.25,0.));
#10993 = DIRECTION('',(1.,0.,0.));
#10994 = DIRECTION('',(0.,-1.,0.));
#10995 = ADVANCED_FACE('',(#10996),#11007,.T.);
#10996 = FACE_BOUND('',#10997,.T.);
#10997 = EDGE_LOOP('',(#10998,#10999,#11000,#11006));
#10998 = ORIENTED_EDGE('',*,*,#10984,.T.);
#10999 = ORIENTED_EDGE('',*,*,#10755,.T.);
#11000 = ORIENTED_EDGE('',*,*,#11001,.F.);
#11001 = EDGE_CURVE('',#10536,#10756,#11002,.T.);
#11002 = LINE('',#11003,#11004);
#11003 = CARTESIAN_POINT('',(248.43438965607,46.348859371851,0.));
#11004 = VECTOR('',#11005,1.);
#11005 = DIRECTION('',(0.,0.,1.));
#11006 = ORIENTED_EDGE('',*,*,#10535,.F.);
#11007 = CYLINDRICAL_SURFACE('',#11008,11.5);
#11008 = AXIS2_PLACEMENT_3D('',#11009,#11010,#11011);
#11009 = CARTESIAN_POINT('',(243.25,56.613950890877,0.));
#11010 = DIRECTION('',(0.,-0.,-1.));
#11011 = DIRECTION('',(0.450816491833,-0.892616653828,0.));
#11012 = ADVANCED_FACE('',(#11013),#11024,.T.);
#11013 = FACE_BOUND('',#11014,.T.);
#11014 = EDGE_LOOP('',(#11015,#11016,#11017,#11023));
#11015 = ORIENTED_EDGE('',*,*,#11001,.T.);
#11016 = ORIENTED_EDGE('',*,*,#10764,.T.);
#11017 = ORIENTED_EDGE('',*,*,#11018,.F.);
#11018 = EDGE_CURVE('',#10545,#10765,#11019,.T.);
#11019 = LINE('',#11020,#11021);
#11020 = CARTESIAN_POINT('',(164.00233765473,3.706408866121,0.));
#11021 = VECTOR('',#11022,1.);
#11022 = DIRECTION('',(0.,0.,1.));
#11023 = ORIENTED_EDGE('',*,*,#10544,.F.);
#11024 = PLANE('',#11025);
#11025 = AXIS2_PLACEMENT_3D('',#11026,#11027,#11028);
#11026 = CARTESIAN_POINT('',(248.43438965607,46.348859371851,0.));
#11027 = DIRECTION('',(0.450816491833,-0.892616653828,0.));
#11028 = DIRECTION('',(-0.892616653828,-0.450816491833,0.));
#11029 = ADVANCED_FACE('',(#11030),#11041,.T.);
#11030 = FACE_BOUND('',#11031,.T.);
#11031 = EDGE_LOOP('',(#11032,#11033,#11034,#11040));
#11032 = ORIENTED_EDGE('',*,*,#11018,.T.);
#11033 = ORIENTED_EDGE('',*,*,#10772,.T.);
#11034 = ORIENTED_EDGE('',*,*,#11035,.F.);
#11035 = EDGE_CURVE('',#10553,#10773,#11036,.T.);
#11036 = LINE('',#11037,#11038);
#11037 = CARTESIAN_POINT('',(145.29345324368,-0.75,0.));
#11038 = VECTOR('',#11039,1.);
#11039 = DIRECTION('',(0.,0.,1.));
#11040 = ORIENTED_EDGE('',*,*,#10552,.F.);
#11041 = CYLINDRICAL_SURFACE('',#11042,41.5);
#11042 = AXIS2_PLACEMENT_3D('',#11043,#11044,#11045);
#11043 = CARTESIAN_POINT('',(145.29345324368,40.75,0.));
#11044 = DIRECTION('',(-0.,0.,-1.));
#11045 = DIRECTION('',(-1.369720936405E-15,-1.,0.));
#11046 = ADVANCED_FACE('',(#11047,#11058,#11069),#11080,.T.);
#11047 = FACE_BOUND('',#11048,.T.);
#11048 = EDGE_LOOP('',(#11049,#11050,#11051,#11057));
#11049 = ORIENTED_EDGE('',*,*,#11035,.T.);
#11050 = ORIENTED_EDGE('',*,*,#10781,.T.);
#11051 = ORIENTED_EDGE('',*,*,#11052,.F.);
#11052 = EDGE_CURVE('',#10562,#10782,#11053,.T.);
#11053 = LINE('',#11054,#11055);
#11054 = CARTESIAN_POINT('',(114.70654675632,-0.75,0.));
#11055 = VECTOR('',#11056,1.);
#11056 = DIRECTION('',(0.,0.,1.));
#11057 = ORIENTED_EDGE('',*,*,#10561,.F.);
#11058 = FACE_BOUND('',#11059,.T.);
#11059 = EDGE_LOOP('',(#11060));
#11060 = ORIENTED_EDGE('',*,*,#11061,.T.);
#11061 = EDGE_CURVE('',#11062,#11062,#11064,.T.);
#11062 = VERTEX_POINT('',#11063);
#11063 = CARTESIAN_POINT('',(130.,-0.75,1.67805E+03));
#11064 = CIRCLE('',#11065,2.05);
#11065 = AXIS2_PLACEMENT_3D('',#11066,#11067,#11068);
#11066 = CARTESIAN_POINT('',(130.,-0.75,1.676E+03));
#11067 = DIRECTION('',(-0.,1.,0.));
#11068 = DIRECTION('',(0.,0.,1.));
#11069 = FACE_BOUND('',#11070,.T.);
#11070 = EDGE_LOOP('',(#11071));
#11071 = ORIENTED_EDGE('',*,*,#11072,.T.);
#11072 = EDGE_CURVE('',#11073,#11073,#11075,.T.);
#11073 = VERTEX_POINT('',#11074);
#11074 = CARTESIAN_POINT('',(130.,-0.75,18.05));
#11075 = CIRCLE('',#11076,2.05);
#11076 = AXIS2_PLACEMENT_3D('',#11077,#11078,#11079);
#11077 = CARTESIAN_POINT('',(130.,-0.75,16.));
#11078 = DIRECTION('',(-0.,1.,0.));
#11079 = DIRECTION('',(0.,0.,1.));
#11080 = PLANE('',#11081);
#11081 = AXIS2_PLACEMENT_3D('',#11082,#11083,#11084);
#11082 = CARTESIAN_POINT('',(145.29345324368,-0.75,0.));
#11083 = DIRECTION('',(0.,-1.,0.));
#11084 = DIRECTION('',(-1.,-0.,0.));
#11085 = ADVANCED_FACE('',(#11086),#11097,.T.);
#11086 = FACE_BOUND('',#11087,.T.);
#11087 = EDGE_LOOP('',(#11088,#11089,#11090,#11096));
#11088 = ORIENTED_EDGE('',*,*,#11052,.T.);
#11089 = ORIENTED_EDGE('',*,*,#10789,.T.);
#11090 = ORIENTED_EDGE('',*,*,#11091,.F.);
#11091 = EDGE_CURVE('',#10570,#10790,#11092,.T.);
#11092 = LINE('',#11093,#11094);
#11093 = CARTESIAN_POINT('',(95.99766234527,3.706408866121,0.));
#11094 = VECTOR('',#11095,1.);
#11095 = DIRECTION('',(0.,0.,1.));
#11096 = ORIENTED_EDGE('',*,*,#10569,.F.);
#11097 = CYLINDRICAL_SURFACE('',#11098,41.5);
#11098 = AXIS2_PLACEMENT_3D('',#11099,#11100,#11101);
#11099 = CARTESIAN_POINT('',(114.70654675632,40.75,0.));
#11100 = DIRECTION('',(-0.,0.,-1.));
#11101 = DIRECTION('',(-0.450816491833,-0.892616653828,0.));
#11102 = ADVANCED_FACE('',(#11103),#11114,.T.);
#11103 = FACE_BOUND('',#11104,.T.);
#11104 = EDGE_LOOP('',(#11105,#11106,#11107,#11113));
#11105 = ORIENTED_EDGE('',*,*,#11091,.T.);
#11106 = ORIENTED_EDGE('',*,*,#10798,.T.);
#11107 = ORIENTED_EDGE('',*,*,#11108,.F.);
#11108 = EDGE_CURVE('',#10579,#10799,#11109,.T.);
#11109 = LINE('',#11110,#11111);
#11110 = CARTESIAN_POINT('',(11.565610343926,46.348859371851,0.));
#11111 = VECTOR('',#11112,1.);
#11112 = DIRECTION('',(0.,0.,1.));
#11113 = ORIENTED_EDGE('',*,*,#10578,.F.);
#11114 = PLANE('',#11115);
#11115 = AXIS2_PLACEMENT_3D('',#11116,#11117,#11118);
#11116 = CARTESIAN_POINT('',(95.99766234527,3.706408866121,0.));
#11117 = DIRECTION('',(-0.450816491833,-0.892616653828,0.));
#11118 = DIRECTION('',(-0.892616653828,0.450816491833,0.));
#11119 = ADVANCED_FACE('',(#11120),#11131,.T.);
#11120 = FACE_BOUND('',#11121,.T.);
#11121 = EDGE_LOOP('',(#11122,#11123,#11124,#11130));
#11122 = ORIENTED_EDGE('',*,*,#11108,.T.);
#11123 = ORIENTED_EDGE('',*,*,#10806,.T.);
#11124 = ORIENTED_EDGE('',*,*,#11125,.F.);
#11125 = EDGE_CURVE('',#10587,#10807,#11126,.T.);
#11126 = LINE('',#11127,#11128);
#11127 = CARTESIAN_POINT('',(5.25,56.613950890877,0.));
#11128 = VECTOR('',#11129,1.);
#11129 = DIRECTION('',(0.,0.,1.));
#11130 = ORIENTED_EDGE('',*,*,#10586,.F.);
#11131 = CYLINDRICAL_SURFACE('',#11132,11.5);
#11132 = AXIS2_PLACEMENT_3D('',#11133,#11134,#11135);
#11133 = CARTESIAN_POINT('',(16.75,56.613950890877,0.));
#11134 = DIRECTION('',(-0.,0.,-1.));
#11135 = DIRECTION('',(-1.,0.,0.));
#11136 = ADVANCED_FACE('',(#11137),#11148,.T.);
#11137 = FACE_BOUND('',#11138,.T.);
#11138 = EDGE_LOOP('',(#11139,#11140,#11141,#11147));
#11139 = ORIENTED_EDGE('',*,*,#11125,.T.);
#11140 = ORIENTED_EDGE('',*,*,#10815,.T.);
#11141 = ORIENTED_EDGE('',*,*,#11142,.F.);
#11142 = EDGE_CURVE('',#10596,#10816,#11143,.T.);
#11143 = LINE('',#11144,#11145);
#11144 = CARTESIAN_POINT('',(5.25,57.25,0.));
#11145 = VECTOR('',#11146,1.);
#11146 = DIRECTION('',(0.,0.,1.));
#11147 = ORIENTED_EDGE('',*,*,#10595,.F.);
#11148 = PLANE('',#11149);
#11149 = AXIS2_PLACEMENT_3D('',#11150,#11151,#11152);
#11150 = CARTESIAN_POINT('',(5.25,56.613950890877,0.));
#11151 = DIRECTION('',(-1.,0.,0.));
#11152 = DIRECTION('',(0.,1.,-0.));
#11153 = ADVANCED_FACE('',(#11154),#11165,.T.);
#11154 = FACE_BOUND('',#11155,.T.);
#11155 = EDGE_LOOP('',(#11156,#11157,#11158,#11164));
#11156 = ORIENTED_EDGE('',*,*,#11142,.T.);
#11157 = ORIENTED_EDGE('',*,*,#10823,.T.);
#11158 = ORIENTED_EDGE('',*,*,#11159,.F.);
#11159 = EDGE_CURVE('',#10604,#10824,#11160,.T.);
#11160 = LINE('',#11161,#11162);
#11161 = CARTESIAN_POINT('',(8.75,60.75,0.));
#11162 = VECTOR('',#11163,1.);
#11163 = DIRECTION('',(0.,0.,1.));
#11164 = ORIENTED_EDGE('',*,*,#10603,.F.);
#11165 = CYLINDRICAL_SURFACE('',#11166,3.5);
#11166 = AXIS2_PLACEMENT_3D('',#11167,#11168,#11169);
#11167 = CARTESIAN_POINT('',(8.75,57.25,0.));
#11168 = DIRECTION('',(-0.,0.,-1.));
#11169 = DIRECTION('',(-5.075305255429E-16,1.,0.));
#11170 = ADVANCED_FACE('',(#11171),#11182,.T.);
#11171 = FACE_BOUND('',#11172,.T.);
#11172 = EDGE_LOOP('',(#11173,#11174,#11175,#11181));
#11173 = ORIENTED_EDGE('',*,*,#11159,.T.);
#11174 = ORIENTED_EDGE('',*,*,#10832,.T.);
#11175 = ORIENTED_EDGE('',*,*,#11176,.F.);
#11176 = EDGE_CURVE('',#10613,#10833,#11177,.T.);
#11177 = LINE('',#11178,#11179);
#11178 = CARTESIAN_POINT('',(20.,60.75,0.));
#11179 = VECTOR('',#11180,1.);
#11180 = DIRECTION('',(0.,0.,1.));
#11181 = ORIENTED_EDGE('',*,*,#10612,.F.);
#11182 = PLANE('',#11183);
#11183 = AXIS2_PLACEMENT_3D('',#11184,#11185,#11186);
#11184 = CARTESIAN_POINT('',(8.75,60.75,0.));
#11185 = DIRECTION('',(0.,1.,-0.));
#11186 = DIRECTION('',(1.,-0.,0.));
#11187 = ADVANCED_FACE('',(#11188),#11199,.T.);
#11188 = FACE_BOUND('',#11189,.T.);
#11189 = EDGE_LOOP('',(#11190,#11191,#11192,#11198));
#11190 = ORIENTED_EDGE('',*,*,#11176,.T.);
#11191 = ORIENTED_EDGE('',*,*,#10840,.T.);
#11192 = ORIENTED_EDGE('',*,*,#11193,.F.);
#11193 = EDGE_CURVE('',#10621,#10841,#11194,.T.);
#11194 = LINE('',#11195,#11196);
#11195 = CARTESIAN_POINT('',(20.,59.25,0.));
#11196 = VECTOR('',#11197,1.);
#11197 = DIRECTION('',(0.,0.,1.));
#11198 = ORIENTED_EDGE('',*,*,#10620,.F.);
#11199 = PLANE('',#11200);
#11200 = AXIS2_PLACEMENT_3D('',#11201,#11202,#11203);
#11201 = CARTESIAN_POINT('',(20.,60.75,0.));
#11202 = DIRECTION('',(1.,0.,0.));
#11203 = DIRECTION('',(0.,-1.,0.));
#11204 = ADVANCED_FACE('',(#11205),#11216,.T.);
#11205 = FACE_BOUND('',#11206,.T.);
#11206 = EDGE_LOOP('',(#11207,#11208,#11209,#11215));
#11207 = ORIENTED_EDGE('',*,*,#11193,.T.);
#11208 = ORIENTED_EDGE('',*,*,#10848,.T.);
#11209 = ORIENTED_EDGE('',*,*,#11210,.F.);
#11210 = EDGE_CURVE('',#10629,#10849,#11211,.T.);
#11211 = LINE('',#11212,#11213);
#11212 = CARTESIAN_POINT('',(8.75,59.25,0.));
#11213 = VECTOR('',#11214,1.);
#11214 = DIRECTION('',(0.,0.,1.));
#11215 = ORIENTED_EDGE('',*,*,#10628,.F.);
#11216 = PLANE('',#11217);
#11217 = AXIS2_PLACEMENT_3D('',#11218,#11219,#11220);
#11218 = CARTESIAN_POINT('',(20.,59.25,0.));
#11219 = DIRECTION('',(0.,-1.,0.));
#11220 = DIRECTION('',(-1.,0.,0.));
#11221 = ADVANCED_FACE('',(#11222),#11233,.F.);
#11222 = FACE_BOUND('',#11223,.T.);
#11223 = EDGE_LOOP('',(#11224,#11225,#11226,#11232));
#11224 = ORIENTED_EDGE('',*,*,#11210,.T.);
#11225 = ORIENTED_EDGE('',*,*,#10856,.T.);
#11226 = ORIENTED_EDGE('',*,*,#11227,.F.);
#11227 = EDGE_CURVE('',#10637,#10857,#11228,.T.);
#11228 = LINE('',#11229,#11230);
#11229 = CARTESIAN_POINT('',(6.75,57.25,0.));
#11230 = VECTOR('',#11231,1.);
#11231 = DIRECTION('',(0.,0.,1.));
#11232 = ORIENTED_EDGE('',*,*,#10636,.F.);
#11233 = CYLINDRICAL_SURFACE('',#11234,2.);
#11234 = AXIS2_PLACEMENT_3D('',#11235,#11236,#11237);
#11235 = CARTESIAN_POINT('',(8.75,57.25,0.));
#11236 = DIRECTION('',(-0.,-0.,-1.));
#11237 = DIRECTION('',(-1.7763568394E-15,1.,0.));
#11238 = ADVANCED_FACE('',(#11239),#11250,.T.);
#11239 = FACE_BOUND('',#11240,.T.);
#11240 = EDGE_LOOP('',(#11241,#11242,#11243,#11249));
#11241 = ORIENTED_EDGE('',*,*,#11227,.T.);
#11242 = ORIENTED_EDGE('',*,*,#10865,.T.);
#11243 = ORIENTED_EDGE('',*,*,#11244,.F.);
#11244 = EDGE_CURVE('',#10646,#10866,#11245,.T.);
#11245 = LINE('',#11246,#11247);
#11246 = CARTESIAN_POINT('',(6.75,56.613950890877,0.));
#11247 = VECTOR('',#11248,1.);
#11248 = DIRECTION('',(0.,0.,1.));
#11249 = ORIENTED_EDGE('',*,*,#10645,.F.);
#11250 = PLANE('',#11251);
#11251 = AXIS2_PLACEMENT_3D('',#11252,#11253,#11254);
#11252 = CARTESIAN_POINT('',(6.75,57.25,0.));
#11253 = DIRECTION('',(1.,0.,-0.));
#11254 = DIRECTION('',(0.,-1.,0.));
#11255 = ADVANCED_FACE('',(#11256),#11267,.F.);
#11256 = FACE_BOUND('',#11257,.T.);
#11257 = EDGE_LOOP('',(#11258,#11259,#11260,#11266));
#11258 = ORIENTED_EDGE('',*,*,#11244,.T.);
#11259 = ORIENTED_EDGE('',*,*,#10873,.T.);
#11260 = ORIENTED_EDGE('',*,*,#11261,.F.);
#11261 = EDGE_CURVE('',#10654,#10874,#11262,.T.);
#11262 = LINE('',#11263,#11264);
#11263 = CARTESIAN_POINT('',(12.241835081675,47.687784352593,0.));
#11264 = VECTOR('',#11265,1.);
#11265 = DIRECTION('',(0.,0.,1.));
#11266 = ORIENTED_EDGE('',*,*,#10653,.F.);
#11267 = CYLINDRICAL_SURFACE('',#11268,10.);
#11268 = AXIS2_PLACEMENT_3D('',#11269,#11270,#11271);
#11269 = CARTESIAN_POINT('',(16.75,56.613950890877,0.));
#11270 = DIRECTION('',(-0.,-0.,-1.));
#11271 = DIRECTION('',(-1.,0.,0.));
#11272 = ADVANCED_FACE('',(#11273),#11284,.T.);
#11273 = FACE_BOUND('',#11274,.T.);
#11274 = EDGE_LOOP('',(#11275,#11276,#11277,#11283));
#11275 = ORIENTED_EDGE('',*,*,#11261,.T.);
#11276 = ORIENTED_EDGE('',*,*,#10882,.T.);
#11277 = ORIENTED_EDGE('',*,*,#11278,.F.);
#11278 = EDGE_CURVE('',#10663,#10883,#11279,.T.);
#11279 = LINE('',#11280,#11281);
#11280 = CARTESIAN_POINT('',(96.673887083019,5.045333846864,0.));
#11281 = VECTOR('',#11282,1.);
#11282 = DIRECTION('',(0.,0.,1.));
#11283 = ORIENTED_EDGE('',*,*,#10662,.F.);
#11284 = PLANE('',#11285);
#11285 = AXIS2_PLACEMENT_3D('',#11286,#11287,#11288);
#11286 = CARTESIAN_POINT('',(12.241835081675,47.687784352593,0.));
#11287 = DIRECTION('',(0.450816491833,0.892616653828,-0.));
#11288 = DIRECTION('',(0.892616653828,-0.450816491833,0.));
#11289 = ADVANCED_FACE('',(#11290),#11301,.F.);
#11290 = FACE_BOUND('',#11291,.T.);
#11291 = EDGE_LOOP('',(#11292,#11293,#11294,#11300));
#11292 = ORIENTED_EDGE('',*,*,#11278,.T.);
#11293 = ORIENTED_EDGE('',*,*,#10890,.T.);
#11294 = ORIENTED_EDGE('',*,*,#11295,.F.);
#11295 = EDGE_CURVE('',#10671,#10891,#11296,.T.);
#11296 = LINE('',#11297,#11298);
#11297 = CARTESIAN_POINT('',(114.70654675632,0.75,0.));
#11298 = VECTOR('',#11299,1.);
#11299 = DIRECTION('',(0.,0.,1.));
#11300 = ORIENTED_EDGE('',*,*,#10670,.F.);
#11301 = CYLINDRICAL_SURFACE('',#11302,40.);
#11302 = AXIS2_PLACEMENT_3D('',#11303,#11304,#11305);
#11303 = CARTESIAN_POINT('',(114.70654675632,40.75,0.));
#11304 = DIRECTION('',(-0.,-0.,-1.));
#11305 = DIRECTION('',(-0.450816491833,-0.892616653828,0.));
#11306 = ADVANCED_FACE('',(#11307,#11318,#11329),#11340,.T.);
#11307 = FACE_BOUND('',#11308,.T.);
#11308 = EDGE_LOOP('',(#11309,#11310,#11311,#11317));
#11309 = ORIENTED_EDGE('',*,*,#11295,.T.);
#11310 = ORIENTED_EDGE('',*,*,#10899,.T.);
#11311 = ORIENTED_EDGE('',*,*,#11312,.F.);
#11312 = EDGE_CURVE('',#10680,#10900,#11313,.T.);
#11313 = LINE('',#11314,#11315);
#11314 = CARTESIAN_POINT('',(145.29345324368,0.75,0.));
#11315 = VECTOR('',#11316,1.);
#11316 = DIRECTION('',(0.,0.,1.));
#11317 = ORIENTED_EDGE('',*,*,#10679,.F.);
#11318 = FACE_BOUND('',#11319,.T.);
#11319 = EDGE_LOOP('',(#11320));
#11320 = ORIENTED_EDGE('',*,*,#11321,.F.);
#11321 = EDGE_CURVE('',#11322,#11322,#11324,.T.);
#11322 = VERTEX_POINT('',#11323);
#11323 = CARTESIAN_POINT('',(130.,0.75,1.67805E+03));
#11324 = CIRCLE('',#11325,2.05);
#11325 = AXIS2_PLACEMENT_3D('',#11326,#11327,#11328);
#11326 = CARTESIAN_POINT('',(130.,0.75,1.676E+03));
#11327 = DIRECTION('',(-0.,1.,0.));
#11328 = DIRECTION('',(0.,0.,1.));
#11329 = FACE_BOUND('',#11330,.T.);
#11330 = EDGE_LOOP('',(#11331));
#11331 = ORIENTED_EDGE('',*,*,#11332,.F.);
#11332 = EDGE_CURVE('',#11333,#11333,#11335,.T.);
#11333 = VERTEX_POINT('',#11334);
#11334 = CARTESIAN_POINT('',(130.,0.75,18.05));
#11335 = CIRCLE('',#11336,2.05);
#11336 = AXIS2_PLACEMENT_3D('',#11337,#11338,#11339);
#11337 = CARTESIAN_POINT('',(130.,0.75,16.));
#11338 = DIRECTION('',(-0.,1.,0.));
#11339 = DIRECTION('',(0.,0.,1.));
#11340 = PLANE('',#11341);
#11341 = AXIS2_PLACEMENT_3D('',#11342,#11343,#11344);
#11342 = CARTESIAN_POINT('',(114.70654675632,0.75,0.));
#11343 = DIRECTION('',(0.,1.,0.));
#11344 = DIRECTION('',(1.,0.,0.));
#11345 = ADVANCED_FACE('',(#11346),#11357,.F.);
#11346 = FACE_BOUND('',#11347,.T.);
#11347 = EDGE_LOOP('',(#11348,#11349,#11350,#11356));
#11348 = ORIENTED_EDGE('',*,*,#11312,.T.);
#11349 = ORIENTED_EDGE('',*,*,#10907,.T.);
#11350 = ORIENTED_EDGE('',*,*,#11351,.F.);
#11351 = EDGE_CURVE('',#10688,#10908,#11352,.T.);
#11352 = LINE('',#11353,#11354);
#11353 = CARTESIAN_POINT('',(163.32611291698,5.045333846864,0.));
#11354 = VECTOR('',#11355,1.);
#11355 = DIRECTION('',(0.,0.,1.));
#11356 = ORIENTED_EDGE('',*,*,#10687,.F.);
#11357 = CYLINDRICAL_SURFACE('',#11358,40.);
#11358 = AXIS2_PLACEMENT_3D('',#11359,#11360,#11361);
#11359 = CARTESIAN_POINT('',(145.29345324368,40.75,0.));
#11360 = DIRECTION('',(-0.,-0.,-1.));
#11361 = DIRECTION('',(0.,-1.,0.));
#11362 = ADVANCED_FACE('',(#11363),#11374,.T.);
#11363 = FACE_BOUND('',#11364,.T.);
#11364 = EDGE_LOOP('',(#11365,#11366,#11367,#11373));
#11365 = ORIENTED_EDGE('',*,*,#11351,.T.);
#11366 = ORIENTED_EDGE('',*,*,#10916,.T.);
#11367 = ORIENTED_EDGE('',*,*,#11368,.F.);
#11368 = EDGE_CURVE('',#10697,#10917,#11369,.T.);
#11369 = LINE('',#11370,#11371);
#11370 = CARTESIAN_POINT('',(247.75816491832,47.687784352593,0.));
#11371 = VECTOR('',#11372,1.);
#11372 = DIRECTION('',(0.,0.,1.));
#11373 = ORIENTED_EDGE('',*,*,#10696,.F.);
#11374 = PLANE('',#11375);
#11375 = AXIS2_PLACEMENT_3D('',#11376,#11377,#11378);
#11376 = CARTESIAN_POINT('',(163.32611291698,5.045333846864,0.));
#11377 = DIRECTION('',(-0.450816491833,0.892616653828,0.));
#11378 = DIRECTION('',(0.892616653828,0.450816491833,0.));
#11379 = ADVANCED_FACE('',(#11380),#11391,.F.);
#11380 = FACE_BOUND('',#11381,.T.);
#11381 = EDGE_LOOP('',(#11382,#11383,#11384,#11390));
#11382 = ORIENTED_EDGE('',*,*,#11368,.T.);
#11383 = ORIENTED_EDGE('',*,*,#10924,.T.);
#11384 = ORIENTED_EDGE('',*,*,#11385,.F.);
#11385 = EDGE_CURVE('',#10705,#10925,#11386,.T.);
#11386 = LINE('',#11387,#11388);
#11387 = CARTESIAN_POINT('',(253.25,56.613950890877,0.));
#11388 = VECTOR('',#11389,1.);
#11389 = DIRECTION('',(0.,0.,1.));
#11390 = ORIENTED_EDGE('',*,*,#10704,.F.);
#11391 = CYLINDRICAL_SURFACE('',#11392,10.);
#11392 = AXIS2_PLACEMENT_3D('',#11393,#11394,#11395);
#11393 = CARTESIAN_POINT('',(243.25,56.613950890877,0.));
#11394 = DIRECTION('',(-0.,-0.,-1.));
#11395 = DIRECTION('',(0.450816491833,-0.892616653828,0.));
#11396 = ADVANCED_FACE('',(#11397),#11408,.T.);
#11397 = FACE_BOUND('',#11398,.T.);
#11398 = EDGE_LOOP('',(#11399,#11400,#11401,#11407));
#11399 = ORIENTED_EDGE('',*,*,#11385,.T.);
#11400 = ORIENTED_EDGE('',*,*,#10933,.T.);
#11401 = ORIENTED_EDGE('',*,*,#11402,.F.);
#11402 = EDGE_CURVE('',#10714,#10934,#11403,.T.);
#11403 = LINE('',#11404,#11405);
#11404 = CARTESIAN_POINT('',(253.25,97.25,0.));
#11405 = VECTOR('',#11406,1.);
#11406 = DIRECTION('',(0.,0.,1.));
#11407 = ORIENTED_EDGE('',*,*,#10713,.F.);
#11408 = PLANE('',#11409);
#11409 = AXIS2_PLACEMENT_3D('',#11410,#11411,#11412);
#11410 = CARTESIAN_POINT('',(253.25,56.613950890877,0.));
#11411 = DIRECTION('',(-1.,0.,0.));
#11412 = DIRECTION('',(0.,1.,0.));
#11413 = ADVANCED_FACE('',(#11414),#11420,.F.);
#11414 = FACE_BOUND('',#11415,.T.);
#11415 = EDGE_LOOP('',(#11416,#11417,#11418,#11419));
#11416 = ORIENTED_EDGE('',*,*,#11402,.T.);
#11417 = ORIENTED_EDGE('',*,*,#10941,.T.);
#11418 = ORIENTED_EDGE('',*,*,#10965,.F.);
#11419 = ORIENTED_EDGE('',*,*,#10721,.F.);
#11420 = CYLINDRICAL_SURFACE('',#11421,2.);
#11421 = AXIS2_PLACEMENT_3D('',#11422,#11423,#11424);
#11422 = CARTESIAN_POINT('',(251.25,97.25,0.));
#11423 = DIRECTION('',(-0.,-0.,-1.));
#11424 = DIRECTION('',(1.,-1.42108547152E-14,0.));
#11425 = ADVANCED_FACE('',(#11426),#11437,.F.);
#11426 = FACE_BOUND('',#11427,.F.);
#11427 = EDGE_LOOP('',(#11428,#11429,#11435,#11436));
#11428 = ORIENTED_EDGE('',*,*,#11321,.F.);
#11429 = ORIENTED_EDGE('',*,*,#11430,.F.);
#11430 = EDGE_CURVE('',#11062,#11322,#11431,.T.);
#11431 = LINE('',#11432,#11433);
#11432 = CARTESIAN_POINT('',(130.,-3.,1.67805E+03));
#11433 = VECTOR('',#11434,1.);
#11434 = DIRECTION('',(0.,1.,0.));
#11435 = ORIENTED_EDGE('',*,*,#11061,.T.);
#11436 = ORIENTED_EDGE('',*,*,#11430,.T.);
#11437 = CYLINDRICAL_SURFACE('',#11438,2.05);
#11438 = AXIS2_PLACEMENT_3D('',#11439,#11440,#11441);
#11439 = CARTESIAN_POINT('',(130.,-3.,1.676E+03));
#11440 = DIRECTION('',(-0.,1.,0.));
#11441 = DIRECTION('',(0.,0.,1.));
#11442 = ADVANCED_FACE('',(#11443),#11454,.F.);
#11443 = FACE_BOUND('',#11444,.F.);
#11444 = EDGE_LOOP('',(#11445,#11446,#11452,#11453));
#11445 = ORIENTED_EDGE('',*,*,#11332,.F.);
#11446 = ORIENTED_EDGE('',*,*,#11447,.F.);
#11447 = EDGE_CURVE('',#11073,#11333,#11448,.T.);
#11448 = LINE('',#11449,#11450);
#11449 = CARTESIAN_POINT('',(130.,-3.,18.05));
#11450 = VECTOR('',#11451,1.);
#11451 = DIRECTION('',(0.,1.,0.));
#11452 = ORIENTED_EDGE('',*,*,#11072,.T.);
#11453 = ORIENTED_EDGE('',*,*,#11447,.T.);
#11454 = CYLINDRICAL_SURFACE('',#11455,2.05);
#11455 = AXIS2_PLACEMENT_3D('',#11456,#11457,#11458);
#11456 = CARTESIAN_POINT('',(130.,-3.,16.));
#11457 = DIRECTION('',(-0.,1.,0.));
#11458 = DIRECTION('',(0.,0.,1.));
#11459 = ( GEOMETRIC_REPRESENTATION_CONTEXT(3) 
GLOBAL_UNCERTAINTY_ASSIGNED_CONTEXT((#11463)) 
GLOBAL_UNIT_ASSIGNED_CONTEXT((#11460,#11461,#11462)) 
REPRESENTATION_CONTEXT('Context #1',
  '3D Context with UNIT and UNCERTAINTY') );
#11460 = ( LENGTH_UNIT() NAMED_UNIT(*) SI_UNIT(.MILLI.,.METRE.) );
#11461 = ( NAMED_UNIT(*) PLANE_ANGLE_UNIT() SI_UNIT($,.RADIAN.) );
#11462 = ( NAMED_UNIT(*) SI_UNIT($,.STERADIAN.) SOLID_ANGLE_UNIT() );
#11463 = UNCERTAINTY_MEASURE_WITH_UNIT(LENGTH_MEASURE(1.E-07),#11460,
  'distance_accuracy_value','confusion accuracy');
#11464 = CONTEXT_DEPENDENT_SHAPE_REPRESENTATION(#11465,#11467);
#11465 = ( REPRESENTATION_RELATIONSHIP('','',#10414,#10) 
REPRESENTATION_RELATIONSHIP_WITH_TRANSFORMATION(#11466) 
SHAPE_REPRESENTATION_RELATIONSHIP() );
#11466 = ITEM_DEFINED_TRANSFORMATION('','',#11,#79);
#11467 = PRODUCT_DEFINITION_SHAPE('Placement','Placement of an item',
  #11468);
#11468 = NEXT_ASSEMBLY_USAGE_OCCURRENCE('169','Polica_5','',#5,#10409,$
  );
#11469 = PRODUCT_RELATED_PRODUCT_CATEGORY('part',$,(#10411));
#11470 = SHAPE_DEFINITION_REPRESENTATION(#11471,#11477);
#11471 = PRODUCT_DEFINITION_SHAPE('','',#11472);
#11472 = PRODUCT_DEFINITION('design','',#11473,#11476);
#11473 = PRODUCT_DEFINITION_FORMATION('','',#11474);
#11474 = PRODUCT('Kovice Ø4 (30)','Kovice Ø4 (30)','',(#11475));
#11475 = PRODUCT_CONTEXT('',#2,'mechanical');
#11476 = PRODUCT_DEFINITION_CONTEXT('part definition',#2,'design');
#11477 = SHAPE_REPRESENTATION('',(#11,#11478,#11596,#11714,#11842,#11996
    ,#12150,#12278,#12396,#12514,#12642,#12796,#12950,#13078,#13196,
    #13314,#13442,#13596,#13750,#13878,#13996,#14114,#14242,#14396,
    #14550,#14678,#14796,#14914,#15042,#15196,#15350),#15478);
#11478 = MANIFOLD_SOLID_BREP('',#11479);
#11479 = CLOSED_SHELL('',(#11480,#11497,#11517,#11542,#11562,#11587));
#11480 = ADVANCED_FACE('',(#11481),#11492,.T.);
#11481 = FACE_BOUND('',#11482,.T.);
#11482 = EDGE_LOOP('',(#11483));
#11483 = ORIENTED_EDGE('',*,*,#11484,.T.);
#11484 = EDGE_CURVE('',#11485,#11485,#11487,.T.);
#11485 = VERTEX_POINT('',#11486);
#11486 = CARTESIAN_POINT('',(-3.,70.,326.));
#11487 = CIRCLE('',#11488,4.);
#11488 = AXIS2_PLACEMENT_3D('',#11489,#11490,#11491);
#11489 = CARTESIAN_POINT('',(-3.,70.,330.));
#11490 = DIRECTION('',(-1.,0.,0.));
#11491 = DIRECTION('',(0.,0.,-1.));
#11492 = SPHERICAL_SURFACE('',#11493,7.266666666667);
#11493 = AXIS2_PLACEMENT_3D('',#11494,#11495,#11496);
#11494 = CARTESIAN_POINT('',(3.066666666667,70.,330.));
#11495 = DIRECTION('',(0.,0.,1.));
#11496 = DIRECTION('',(1.,0.,-0.));
#11497 = ADVANCED_FACE('',(#11498,#11501),#11512,.F.);
#11498 = FACE_BOUND('',#11499,.F.);
#11499 = EDGE_LOOP('',(#11500));
#11500 = ORIENTED_EDGE('',*,*,#11484,.T.);
#11501 = FACE_BOUND('',#11502,.F.);
#11502 = EDGE_LOOP('',(#11503));
#11503 = ORIENTED_EDGE('',*,*,#11504,.T.);
#11504 = EDGE_CURVE('',#11505,#11505,#11507,.T.);
#11505 = VERTEX_POINT('',#11506);
#11506 = CARTESIAN_POINT('',(-3.,70.,332.));
#11507 = CIRCLE('',#11508,2.);
#11508 = AXIS2_PLACEMENT_3D('',#11509,#11510,#11511);
#11509 = CARTESIAN_POINT('',(-3.,70.,330.));
#11510 = DIRECTION('',(1.,0.,-0.));
#11511 = DIRECTION('',(0.,0.,1.));
#11512 = PLANE('',#11513);
#11513 = AXIS2_PLACEMENT_3D('',#11514,#11515,#11516);
#11514 = CARTESIAN_POINT('',(-3.,70.,330.));
#11515 = DIRECTION('',(-1.,0.,0.));
#11516 = DIRECTION('',(0.,0.,-1.));
#11517 = ADVANCED_FACE('',(#11518),#11537,.T.);
#11518 = FACE_BOUND('',#11519,.T.);
#11519 = EDGE_LOOP('',(#11520,#11529,#11535,#11536));
#11520 = ORIENTED_EDGE('',*,*,#11521,.F.);
#11521 = EDGE_CURVE('',#11522,#11522,#11524,.T.);
#11522 = VERTEX_POINT('',#11523);
#11523 = CARTESIAN_POINT('',(2.,70.,332.));
#11524 = CIRCLE('',#11525,2.);
#11525 = AXIS2_PLACEMENT_3D('',#11526,#11527,#11528);
#11526 = CARTESIAN_POINT('',(2.,70.,330.));
#11527 = DIRECTION('',(1.,0.,-0.));
#11528 = DIRECTION('',(0.,0.,1.));
#11529 = ORIENTED_EDGE('',*,*,#11530,.F.);
#11530 = EDGE_CURVE('',#11505,#11522,#11531,.T.);
#11531 = LINE('',#11532,#11533);
#11532 = CARTESIAN_POINT('',(-3.,70.,332.));
#11533 = VECTOR('',#11534,1.);
#11534 = DIRECTION('',(1.,0.,0.));
#11535 = ORIENTED_EDGE('',*,*,#11504,.T.);
#11536 = ORIENTED_EDGE('',*,*,#11530,.T.);
#11537 = CYLINDRICAL_SURFACE('',#11538,2.);
#11538 = AXIS2_PLACEMENT_3D('',#11539,#11540,#11541);
#11539 = CARTESIAN_POINT('',(-3.,70.,330.));
#11540 = DIRECTION('',(1.,-0.,-0.));
#11541 = DIRECTION('',(0.,0.,1.));
#11542 = ADVANCED_FACE('',(#11543,#11554),#11557,.F.);
#11543 = FACE_BOUND('',#11544,.F.);
#11544 = EDGE_LOOP('',(#11545));
#11545 = ORIENTED_EDGE('',*,*,#11546,.T.);
#11546 = EDGE_CURVE('',#11547,#11547,#11549,.T.);
#11547 = VERTEX_POINT('',#11548);
#11548 = CARTESIAN_POINT('',(2.,70.,332.8));
#11549 = CIRCLE('',#11550,2.8);
#11550 = AXIS2_PLACEMENT_3D('',#11551,#11552,#11553);
#11551 = CARTESIAN_POINT('',(2.,70.,330.));
#11552 = DIRECTION('',(1.,0.,-0.));
#11553 = DIRECTION('',(0.,0.,1.));
#11554 = FACE_BOUND('',#11555,.F.);
#11555 = EDGE_LOOP('',(#11556));
#11556 = ORIENTED_EDGE('',*,*,#11521,.F.);
#11557 = PLANE('',#11558);
#11558 = AXIS2_PLACEMENT_3D('',#11559,#11560,#11561);
#11559 = CARTESIAN_POINT('',(2.,70.,330.));
#11560 = DIRECTION('',(1.,-0.,-0.));
#11561 = DIRECTION('',(0.,0.,1.));
#11562 = ADVANCED_FACE('',(#11563),#11582,.T.);
#11563 = FACE_BOUND('',#11564,.T.);
#11564 = EDGE_LOOP('',(#11565,#11574,#11580,#11581));
#11565 = ORIENTED_EDGE('',*,*,#11566,.F.);
#11566 = EDGE_CURVE('',#11567,#11567,#11569,.T.);
#11567 = VERTEX_POINT('',#11568);
#11568 = CARTESIAN_POINT('',(4.5,70.,332.8));
#11569 = CIRCLE('',#11570,2.8);
#11570 = AXIS2_PLACEMENT_3D('',#11571,#11572,#11573);
#11571 = CARTESIAN_POINT('',(4.5,70.,330.));
#11572 = DIRECTION('',(1.,0.,-0.));
#11573 = DIRECTION('',(0.,0.,1.));
#11574 = ORIENTED_EDGE('',*,*,#11575,.F.);
#11575 = EDGE_CURVE('',#11547,#11567,#11576,.T.);
#11576 = LINE('',#11577,#11578);
#11577 = CARTESIAN_POINT('',(2.,70.,332.8));
#11578 = VECTOR('',#11579,1.);
#11579 = DIRECTION('',(1.,0.,0.));
#11580 = ORIENTED_EDGE('',*,*,#11546,.T.);
#11581 = ORIENTED_EDGE('',*,*,#11575,.T.);
#11582 = CYLINDRICAL_SURFACE('',#11583,2.8);
#11583 = AXIS2_PLACEMENT_3D('',#11584,#11585,#11586);
#11584 = CARTESIAN_POINT('',(2.,70.,330.));
#11585 = DIRECTION('',(1.,-0.,-0.));
#11586 = DIRECTION('',(0.,0.,1.));
#11587 = ADVANCED_FACE('',(#11588),#11591,.T.);
#11588 = FACE_BOUND('',#11589,.T.);
#11589 = EDGE_LOOP('',(#11590));
#11590 = ORIENTED_EDGE('',*,*,#11566,.T.);
#11591 = PLANE('',#11592);
#11592 = AXIS2_PLACEMENT_3D('',#11593,#11594,#11595);
#11593 = CARTESIAN_POINT('',(4.5,70.,330.));
#11594 = DIRECTION('',(1.,-0.,-0.));
#11595 = DIRECTION('',(0.,0.,1.));
#11596 = MANIFOLD_SOLID_BREP('',#11597);
#11597 = CLOSED_SHELL('',(#11598,#11615,#11635,#11660,#11680,#11705));
#11598 = ADVANCED_FACE('',(#11599),#11610,.T.);
#11599 = FACE_BOUND('',#11600,.T.);
#11600 = EDGE_LOOP('',(#11601));
#11601 = ORIENTED_EDGE('',*,*,#11602,.T.);
#11602 = EDGE_CURVE('',#11603,#11603,#11605,.T.);
#11603 = VERTEX_POINT('',#11604);
#11604 = CARTESIAN_POINT('',(-3.,190.,326.));
#11605 = CIRCLE('',#11606,4.);
#11606 = AXIS2_PLACEMENT_3D('',#11607,#11608,#11609);
#11607 = CARTESIAN_POINT('',(-3.,190.,330.));
#11608 = DIRECTION('',(-1.,0.,0.));
#11609 = DIRECTION('',(0.,0.,-1.));
#11610 = SPHERICAL_SURFACE('',#11611,7.266666666667);
#11611 = AXIS2_PLACEMENT_3D('',#11612,#11613,#11614);
#11612 = CARTESIAN_POINT('',(3.066666666667,190.,330.));
#11613 = DIRECTION('',(0.,0.,1.));
#11614 = DIRECTION('',(1.,0.,-0.));
#11615 = ADVANCED_FACE('',(#11616,#11619),#11630,.F.);
#11616 = FACE_BOUND('',#11617,.F.);
#11617 = EDGE_LOOP('',(#11618));
#11618 = ORIENTED_EDGE('',*,*,#11602,.T.);
#11619 = FACE_BOUND('',#11620,.F.);
#11620 = EDGE_LOOP('',(#11621));
#11621 = ORIENTED_EDGE('',*,*,#11622,.T.);
#11622 = EDGE_CURVE('',#11623,#11623,#11625,.T.);
#11623 = VERTEX_POINT('',#11624);
#11624 = CARTESIAN_POINT('',(-3.,190.,332.));
#11625 = CIRCLE('',#11626,2.);
#11626 = AXIS2_PLACEMENT_3D('',#11627,#11628,#11629);
#11627 = CARTESIAN_POINT('',(-3.,190.,330.));
#11628 = DIRECTION('',(1.,0.,-0.));
#11629 = DIRECTION('',(0.,0.,1.));
#11630 = PLANE('',#11631);
#11631 = AXIS2_PLACEMENT_3D('',#11632,#11633,#11634);
#11632 = CARTESIAN_POINT('',(-3.,190.,330.));
#11633 = DIRECTION('',(-1.,0.,0.));
#11634 = DIRECTION('',(0.,0.,-1.));
#11635 = ADVANCED_FACE('',(#11636),#11655,.T.);
#11636 = FACE_BOUND('',#11637,.T.);
#11637 = EDGE_LOOP('',(#11638,#11647,#11653,#11654));
#11638 = ORIENTED_EDGE('',*,*,#11639,.F.);
#11639 = EDGE_CURVE('',#11640,#11640,#11642,.T.);
#11640 = VERTEX_POINT('',#11641);
#11641 = CARTESIAN_POINT('',(2.,190.,332.));
#11642 = CIRCLE('',#11643,2.);
#11643 = AXIS2_PLACEMENT_3D('',#11644,#11645,#11646);
#11644 = CARTESIAN_POINT('',(2.,190.,330.));
#11645 = DIRECTION('',(1.,0.,-0.));
#11646 = DIRECTION('',(0.,0.,1.));
#11647 = ORIENTED_EDGE('',*,*,#11648,.F.);
#11648 = EDGE_CURVE('',#11623,#11640,#11649,.T.);
#11649 = LINE('',#11650,#11651);
#11650 = CARTESIAN_POINT('',(-3.,190.,332.));
#11651 = VECTOR('',#11652,1.);
#11652 = DIRECTION('',(1.,0.,0.));
#11653 = ORIENTED_EDGE('',*,*,#11622,.T.);
#11654 = ORIENTED_EDGE('',*,*,#11648,.T.);
#11655 = CYLINDRICAL_SURFACE('',#11656,2.);
#11656 = AXIS2_PLACEMENT_3D('',#11657,#11658,#11659);
#11657 = CARTESIAN_POINT('',(-3.,190.,330.));
#11658 = DIRECTION('',(1.,-0.,-0.));
#11659 = DIRECTION('',(0.,0.,1.));
#11660 = ADVANCED_FACE('',(#11661,#11672),#11675,.F.);
#11661 = FACE_BOUND('',#11662,.F.);
#11662 = EDGE_LOOP('',(#11663));
#11663 = ORIENTED_EDGE('',*,*,#11664,.T.);
#11664 = EDGE_CURVE('',#11665,#11665,#11667,.T.);
#11665 = VERTEX_POINT('',#11666);
#11666 = CARTESIAN_POINT('',(2.,190.,332.8));
#11667 = CIRCLE('',#11668,2.8);
#11668 = AXIS2_PLACEMENT_3D('',#11669,#11670,#11671);
#11669 = CARTESIAN_POINT('',(2.,190.,330.));
#11670 = DIRECTION('',(1.,0.,-0.));
#11671 = DIRECTION('',(0.,0.,1.));
#11672 = FACE_BOUND('',#11673,.F.);
#11673 = EDGE_LOOP('',(#11674));
#11674 = ORIENTED_EDGE('',*,*,#11639,.F.);
#11675 = PLANE('',#11676);
#11676 = AXIS2_PLACEMENT_3D('',#11677,#11678,#11679);
#11677 = CARTESIAN_POINT('',(2.,190.,330.));
#11678 = DIRECTION('',(1.,-0.,-0.));
#11679 = DIRECTION('',(0.,0.,1.));
#11680 = ADVANCED_FACE('',(#11681),#11700,.T.);
#11681 = FACE_BOUND('',#11682,.T.);
#11682 = EDGE_LOOP('',(#11683,#11692,#11698,#11699));
#11683 = ORIENTED_EDGE('',*,*,#11684,.F.);
#11684 = EDGE_CURVE('',#11685,#11685,#11687,.T.);
#11685 = VERTEX_POINT('',#11686);
#11686 = CARTESIAN_POINT('',(4.5,190.,332.8));
#11687 = CIRCLE('',#11688,2.8);
#11688 = AXIS2_PLACEMENT_3D('',#11689,#11690,#11691);
#11689 = CARTESIAN_POINT('',(4.5,190.,330.));
#11690 = DIRECTION('',(1.,0.,-0.));
#11691 = DIRECTION('',(0.,0.,1.));
#11692 = ORIENTED_EDGE('',*,*,#11693,.F.);
#11693 = EDGE_CURVE('',#11665,#11685,#11694,.T.);
#11694 = LINE('',#11695,#11696);
#11695 = CARTESIAN_POINT('',(2.,190.,332.8));
#11696 = VECTOR('',#11697,1.);
#11697 = DIRECTION('',(1.,0.,0.));
#11698 = ORIENTED_EDGE('',*,*,#11664,.T.);
#11699 = ORIENTED_EDGE('',*,*,#11693,.T.);
#11700 = CYLINDRICAL_SURFACE('',#11701,2.8);
#11701 = AXIS2_PLACEMENT_3D('',#11702,#11703,#11704);
#11702 = CARTESIAN_POINT('',(2.,190.,330.));
#11703 = DIRECTION('',(1.,-0.,-0.));
#11704 = DIRECTION('',(0.,0.,1.));
#11705 = ADVANCED_FACE('',(#11706),#11709,.T.);
#11706 = FACE_BOUND('',#11707,.T.);
#11707 = EDGE_LOOP('',(#11708));
#11708 = ORIENTED_EDGE('',*,*,#11684,.T.);
#11709 = PLANE('',#11710);
#11710 = AXIS2_PLACEMENT_3D('',#11711,#11712,#11713);
#11711 = CARTESIAN_POINT('',(4.5,190.,330.));
#11712 = DIRECTION('',(1.,-0.,-0.));
#11713 = DIRECTION('',(0.,0.,1.));
#11714 = MANIFOLD_SOLID_BREP('',#11715);
#11715 = CLOSED_SHELL('',(#11716,#11743,#11763,#11788,#11808,#11833));
#11716 = ADVANCED_FACE('',(#11717),#11738,.T.);
#11717 = FACE_BOUND('',#11718,.T.);
#11718 = EDGE_LOOP('',(#11719,#11730,#11731));
#11719 = ORIENTED_EDGE('',*,*,#11720,.T.);
#11720 = EDGE_CURVE('',#11721,#11723,#11725,.T.);
#11721 = VERTEX_POINT('',#11722);
#11722 = CARTESIAN_POINT('',(24.,130.,351.5));
#11723 = VERTEX_POINT('',#11724);
#11724 = CARTESIAN_POINT('',(20.,130.,352.7));
#11725 = CIRCLE('',#11726,7.266666666667);
#11726 = AXIS2_PLACEMENT_3D('',#11727,#11728,#11729);
#11727 = CARTESIAN_POINT('',(20.,130.,345.43333333333));
#11728 = DIRECTION('',(-2.449293598295E-16,-1.,0.));
#11729 = DIRECTION('',(1.,-2.449293598295E-16,0.));
#11730 = ORIENTED_EDGE('',*,*,#11720,.F.);
#11731 = ORIENTED_EDGE('',*,*,#11732,.T.);
#11732 = EDGE_CURVE('',#11721,#11721,#11733,.T.);
#11733 = CIRCLE('',#11734,4.);
#11734 = AXIS2_PLACEMENT_3D('',#11735,#11736,#11737);
#11735 = CARTESIAN_POINT('',(20.,130.,351.5));
#11736 = DIRECTION('',(0.,0.,1.));
#11737 = DIRECTION('',(1.,0.,-0.));
#11738 = SPHERICAL_SURFACE('',#11739,7.266666666667);
#11739 = AXIS2_PLACEMENT_3D('',#11740,#11741,#11742);
#11740 = CARTESIAN_POINT('',(20.,130.,345.43333333333));
#11741 = DIRECTION('',(0.,0.,1.));
#11742 = DIRECTION('',(1.,0.,-0.));
#11743 = ADVANCED_FACE('',(#11744,#11747),#11758,.F.);
#11744 = FACE_BOUND('',#11745,.F.);
#11745 = EDGE_LOOP('',(#11746));
#11746 = ORIENTED_EDGE('',*,*,#11732,.T.);
#11747 = FACE_BOUND('',#11748,.F.);
#11748 = EDGE_LOOP('',(#11749));
#11749 = ORIENTED_EDGE('',*,*,#11750,.T.);
#11750 = EDGE_CURVE('',#11751,#11751,#11753,.T.);
#11751 = VERTEX_POINT('',#11752);
#11752 = CARTESIAN_POINT('',(18.,130.,351.5));
#11753 = CIRCLE('',#11754,2.);
#11754 = AXIS2_PLACEMENT_3D('',#11755,#11756,#11757);
#11755 = CARTESIAN_POINT('',(20.,130.,351.5));
#11756 = DIRECTION('',(-0.,0.,-1.));
#11757 = DIRECTION('',(-1.,0.,0.));
#11758 = PLANE('',#11759);
#11759 = AXIS2_PLACEMENT_3D('',#11760,#11761,#11762);
#11760 = CARTESIAN_POINT('',(20.,130.,351.5));
#11761 = DIRECTION('',(0.,0.,1.));
#11762 = DIRECTION('',(1.,0.,-0.));
#11763 = ADVANCED_FACE('',(#11764),#11783,.T.);
#11764 = FACE_BOUND('',#11765,.T.);
#11765 = EDGE_LOOP('',(#11766,#11775,#11781,#11782));
#11766 = ORIENTED_EDGE('',*,*,#11767,.F.);
#11767 = EDGE_CURVE('',#11768,#11768,#11770,.T.);
#11768 = VERTEX_POINT('',#11769);
#11769 = CARTESIAN_POINT('',(18.,130.,348.));
#11770 = CIRCLE('',#11771,2.);
#11771 = AXIS2_PLACEMENT_3D('',#11772,#11773,#11774);
#11772 = CARTESIAN_POINT('',(20.,130.,348.));
#11773 = DIRECTION('',(-0.,0.,-1.));
#11774 = DIRECTION('',(-1.,0.,0.));
#11775 = ORIENTED_EDGE('',*,*,#11776,.F.);
#11776 = EDGE_CURVE('',#11751,#11768,#11777,.T.);
#11777 = LINE('',#11778,#11779);
#11778 = CARTESIAN_POINT('',(18.,130.,351.5));
#11779 = VECTOR('',#11780,1.);
#11780 = DIRECTION('',(0.,-0.,-1.));
#11781 = ORIENTED_EDGE('',*,*,#11750,.T.);
#11782 = ORIENTED_EDGE('',*,*,#11776,.T.);
#11783 = CYLINDRICAL_SURFACE('',#11784,2.);
#11784 = AXIS2_PLACEMENT_3D('',#11785,#11786,#11787);
#11785 = CARTESIAN_POINT('',(20.,130.,351.5));
#11786 = DIRECTION('',(-0.,-0.,-1.));
#11787 = DIRECTION('',(-1.,0.,0.));
#11788 = ADVANCED_FACE('',(#11789,#11800),#11803,.F.);
#11789 = FACE_BOUND('',#11790,.F.);
#11790 = EDGE_LOOP('',(#11791));
#11791 = ORIENTED_EDGE('',*,*,#11792,.T.);
#11792 = EDGE_CURVE('',#11793,#11793,#11795,.T.);
#11793 = VERTEX_POINT('',#11794);
#11794 = CARTESIAN_POINT('',(17.2,130.,348.));
#11795 = CIRCLE('',#11796,2.8);
#11796 = AXIS2_PLACEMENT_3D('',#11797,#11798,#11799);
#11797 = CARTESIAN_POINT('',(20.,130.,348.));
#11798 = DIRECTION('',(-0.,0.,-1.));
#11799 = DIRECTION('',(-1.,0.,0.));
#11800 = FACE_BOUND('',#11801,.F.);
#11801 = EDGE_LOOP('',(#11802));
#11802 = ORIENTED_EDGE('',*,*,#11767,.F.);
#11803 = PLANE('',#11804);
#11804 = AXIS2_PLACEMENT_3D('',#11805,#11806,#11807);
#11805 = CARTESIAN_POINT('',(20.,130.,348.));
#11806 = DIRECTION('',(-0.,-0.,-1.));
#11807 = DIRECTION('',(-1.,0.,0.));
#11808 = ADVANCED_FACE('',(#11809),#11828,.T.);
#11809 = FACE_BOUND('',#11810,.T.);
#11810 = EDGE_LOOP('',(#11811,#11820,#11826,#11827));
#11811 = ORIENTED_EDGE('',*,*,#11812,.F.);
#11812 = EDGE_CURVE('',#11813,#11813,#11815,.T.);
#11813 = VERTEX_POINT('',#11814);
#11814 = CARTESIAN_POINT('',(17.2,130.,345.5));
#11815 = CIRCLE('',#11816,2.8);
#11816 = AXIS2_PLACEMENT_3D('',#11817,#11818,#11819);
#11817 = CARTESIAN_POINT('',(20.,130.,345.5));
#11818 = DIRECTION('',(-0.,0.,-1.));
#11819 = DIRECTION('',(-1.,0.,0.));
#11820 = ORIENTED_EDGE('',*,*,#11821,.F.);
#11821 = EDGE_CURVE('',#11793,#11813,#11822,.T.);
#11822 = LINE('',#11823,#11824);
#11823 = CARTESIAN_POINT('',(17.2,130.,348.));
#11824 = VECTOR('',#11825,1.);
#11825 = DIRECTION('',(0.,-0.,-1.));
#11826 = ORIENTED_EDGE('',*,*,#11792,.T.);
#11827 = ORIENTED_EDGE('',*,*,#11821,.T.);
#11828 = CYLINDRICAL_SURFACE('',#11829,2.8);
#11829 = AXIS2_PLACEMENT_3D('',#11830,#11831,#11832);
#11830 = CARTESIAN_POINT('',(20.,130.,348.));
#11831 = DIRECTION('',(-0.,-0.,-1.));
#11832 = DIRECTION('',(-1.,0.,0.));
#11833 = ADVANCED_FACE('',(#11834),#11837,.T.);
#11834 = FACE_BOUND('',#11835,.T.);
#11835 = EDGE_LOOP('',(#11836));
#11836 = ORIENTED_EDGE('',*,*,#11812,.T.);
#11837 = PLANE('',#11838);
#11838 = AXIS2_PLACEMENT_3D('',#11839,#11840,#11841);
#11839 = CARTESIAN_POINT('',(20.,130.,345.5));
#11840 = DIRECTION('',(-0.,-0.,-1.));
#11841 = DIRECTION('',(-1.,0.,0.));
#11842 = MANIFOLD_SOLID_BREP('',#11843);
#11843 = CLOSED_SHELL('',(#11844,#11879,#11896,#11917,#11942,#11962,
    #11987));
#11844 = ADVANCED_FACE('',(#11845),#11874,.T.);
#11845 = FACE_BOUND('',#11846,.T.);
#11846 = EDGE_LOOP('',(#11847,#11858,#11867));
#11847 = ORIENTED_EDGE('',*,*,#11848,.T.);
#11848 = EDGE_CURVE('',#11849,#11851,#11853,.T.);
#11849 = VERTEX_POINT('',#11850);
#11850 = CARTESIAN_POINT('',(1.7042E+03,70.,330.));
#11851 = VERTEX_POINT('',#11852);
#11852 = CARTESIAN_POINT('',(1.703E+03,70.,334.));
#11853 = CIRCLE('',#11854,7.266666666667);
#11854 = AXIS2_PLACEMENT_3D('',#11855,#11856,#11857);
#11855 = CARTESIAN_POINT('',(1.696933333333E+03,70.,330.));
#11856 = DIRECTION('',(-2.449293598295E-16,-1.,0.));
#11857 = DIRECTION('',(1.,-2.449293598295E-16,0.));
#11858 = ORIENTED_EDGE('',*,*,#11859,.T.);
#11859 = EDGE_CURVE('',#11851,#11860,#11862,.T.);
#11860 = VERTEX_POINT('',#11861);
#11861 = CARTESIAN_POINT('',(1.703E+03,70.,326.));
#11862 = CIRCLE('',#11863,4.);
#11863 = AXIS2_PLACEMENT_3D('',#11864,#11865,#11866);
#11864 = CARTESIAN_POINT('',(1.703E+03,70.,330.));
#11865 = DIRECTION('',(1.,0.,0.));
#11866 = DIRECTION('',(-0.,0.,1.));
#11867 = ORIENTED_EDGE('',*,*,#11868,.T.);
#11868 = EDGE_CURVE('',#11860,#11849,#11869,.T.);
#11869 = CIRCLE('',#11870,7.266666666667);
#11870 = AXIS2_PLACEMENT_3D('',#11871,#11872,#11873);
#11871 = CARTESIAN_POINT('',(1.696933333333E+03,70.,330.));
#11872 = DIRECTION('',(-2.449293598295E-16,-1.,0.));
#11873 = DIRECTION('',(1.,-2.449293598295E-16,0.));
#11874 = SPHERICAL_SURFACE('',#11875,7.266666666667);
#11875 = AXIS2_PLACEMENT_3D('',#11876,#11877,#11878);
#11876 = CARTESIAN_POINT('',(1.696933333333E+03,70.,330.));
#11877 = DIRECTION('',(0.,0.,1.));
#11878 = DIRECTION('',(1.,0.,-0.));
#11879 = ADVANCED_FACE('',(#11880),#11891,.T.);
#11880 = FACE_BOUND('',#11881,.T.);
#11881 = EDGE_LOOP('',(#11882,#11889,#11890));
#11882 = ORIENTED_EDGE('',*,*,#11883,.T.);
#11883 = EDGE_CURVE('',#11860,#11851,#11884,.T.);
#11884 = CIRCLE('',#11885,4.);
#11885 = AXIS2_PLACEMENT_3D('',#11886,#11887,#11888);
#11886 = CARTESIAN_POINT('',(1.703E+03,70.,330.));
#11887 = DIRECTION('',(1.,0.,0.));
#11888 = DIRECTION('',(-0.,0.,1.));
#11889 = ORIENTED_EDGE('',*,*,#11848,.F.);
#11890 = ORIENTED_EDGE('',*,*,#11868,.F.);
#11891 = SPHERICAL_SURFACE('',#11892,7.266666666667);
#11892 = AXIS2_PLACEMENT_3D('',#11893,#11894,#11895);
#11893 = CARTESIAN_POINT('',(1.696933333333E+03,70.,330.));
#11894 = DIRECTION('',(0.,0.,1.));
#11895 = DIRECTION('',(1.,0.,-0.));
#11896 = ADVANCED_FACE('',(#11897,#11901),#11912,.F.);
#11897 = FACE_BOUND('',#11898,.F.);
#11898 = EDGE_LOOP('',(#11899,#11900));
#11899 = ORIENTED_EDGE('',*,*,#11859,.T.);
#11900 = ORIENTED_EDGE('',*,*,#11883,.T.);
#11901 = FACE_BOUND('',#11902,.F.);
#11902 = EDGE_LOOP('',(#11903));
#11903 = ORIENTED_EDGE('',*,*,#11904,.T.);
#11904 = EDGE_CURVE('',#11905,#11905,#11907,.T.);
#11905 = VERTEX_POINT('',#11906);
#11906 = CARTESIAN_POINT('',(1.703E+03,70.,328.));
#11907 = CIRCLE('',#11908,2.);
#11908 = AXIS2_PLACEMENT_3D('',#11909,#11910,#11911);
#11909 = CARTESIAN_POINT('',(1.703E+03,70.,330.));
#11910 = DIRECTION('',(-1.,-0.,-0.));
#11911 = DIRECTION('',(0.,0.,-1.));
#11912 = PLANE('',#11913);
#11913 = AXIS2_PLACEMENT_3D('',#11914,#11915,#11916);
#11914 = CARTESIAN_POINT('',(1.703E+03,70.,330.));
#11915 = DIRECTION('',(1.,0.,0.));
#11916 = DIRECTION('',(-0.,0.,1.));
#11917 = ADVANCED_FACE('',(#11918),#11937,.T.);
#11918 = FACE_BOUND('',#11919,.T.);
#11919 = EDGE_LOOP('',(#11920,#11929,#11935,#11936));
#11920 = ORIENTED_EDGE('',*,*,#11921,.F.);
#11921 = EDGE_CURVE('',#11922,#11922,#11924,.T.);
#11922 = VERTEX_POINT('',#11923);
#11923 = CARTESIAN_POINT('',(1.698E+03,70.,328.));
#11924 = CIRCLE('',#11925,2.);
#11925 = AXIS2_PLACEMENT_3D('',#11926,#11927,#11928);
#11926 = CARTESIAN_POINT('',(1.698E+03,70.,330.));
#11927 = DIRECTION('',(-1.,-0.,-0.));
#11928 = DIRECTION('',(0.,0.,-1.));
#11929 = ORIENTED_EDGE('',*,*,#11930,.F.);
#11930 = EDGE_CURVE('',#11905,#11922,#11931,.T.);
#11931 = LINE('',#11932,#11933);
#11932 = CARTESIAN_POINT('',(1.703E+03,70.,328.));
#11933 = VECTOR('',#11934,1.);
#11934 = DIRECTION('',(-1.,0.,-0.));
#11935 = ORIENTED_EDGE('',*,*,#11904,.T.);
#11936 = ORIENTED_EDGE('',*,*,#11930,.T.);
#11937 = CYLINDRICAL_SURFACE('',#11938,2.);
#11938 = AXIS2_PLACEMENT_3D('',#11939,#11940,#11941);
#11939 = CARTESIAN_POINT('',(1.703E+03,70.,330.));
#11940 = DIRECTION('',(-1.,-0.,-0.));
#11941 = DIRECTION('',(0.,0.,-1.));
#11942 = ADVANCED_FACE('',(#11943,#11954),#11957,.F.);
#11943 = FACE_BOUND('',#11944,.F.);
#11944 = EDGE_LOOP('',(#11945));
#11945 = ORIENTED_EDGE('',*,*,#11946,.T.);
#11946 = EDGE_CURVE('',#11947,#11947,#11949,.T.);
#11947 = VERTEX_POINT('',#11948);
#11948 = CARTESIAN_POINT('',(1.698E+03,70.,327.2));
#11949 = CIRCLE('',#11950,2.8);
#11950 = AXIS2_PLACEMENT_3D('',#11951,#11952,#11953);
#11951 = CARTESIAN_POINT('',(1.698E+03,70.,330.));
#11952 = DIRECTION('',(-1.,-0.,-0.));
#11953 = DIRECTION('',(0.,0.,-1.));
#11954 = FACE_BOUND('',#11955,.F.);
#11955 = EDGE_LOOP('',(#11956));
#11956 = ORIENTED_EDGE('',*,*,#11921,.F.);
#11957 = PLANE('',#11958);
#11958 = AXIS2_PLACEMENT_3D('',#11959,#11960,#11961);
#11959 = CARTESIAN_POINT('',(1.698E+03,70.,330.));
#11960 = DIRECTION('',(-1.,-0.,-0.));
#11961 = DIRECTION('',(0.,0.,-1.));
#11962 = ADVANCED_FACE('',(#11963),#11982,.T.);
#11963 = FACE_BOUND('',#11964,.T.);
#11964 = EDGE_LOOP('',(#11965,#11974,#11980,#11981));
#11965 = ORIENTED_EDGE('',*,*,#11966,.F.);
#11966 = EDGE_CURVE('',#11967,#11967,#11969,.T.);
#11967 = VERTEX_POINT('',#11968);
#11968 = CARTESIAN_POINT('',(1.6955E+03,70.,327.2));
#11969 = CIRCLE('',#11970,2.8);
#11970 = AXIS2_PLACEMENT_3D('',#11971,#11972,#11973);
#11971 = CARTESIAN_POINT('',(1.6955E+03,70.,330.));
#11972 = DIRECTION('',(-1.,-0.,-0.));
#11973 = DIRECTION('',(0.,0.,-1.));
#11974 = ORIENTED_EDGE('',*,*,#11975,.F.);
#11975 = EDGE_CURVE('',#11947,#11967,#11976,.T.);
#11976 = LINE('',#11977,#11978);
#11977 = CARTESIAN_POINT('',(1.698E+03,70.,327.2));
#11978 = VECTOR('',#11979,1.);
#11979 = DIRECTION('',(-1.,0.,-0.));
#11980 = ORIENTED_EDGE('',*,*,#11946,.T.);
#11981 = ORIENTED_EDGE('',*,*,#11975,.T.);
#11982 = CYLINDRICAL_SURFACE('',#11983,2.8);
#11983 = AXIS2_PLACEMENT_3D('',#11984,#11985,#11986);
#11984 = CARTESIAN_POINT('',(1.698E+03,70.,330.));
#11985 = DIRECTION('',(-1.,-0.,-0.));
#11986 = DIRECTION('',(0.,0.,-1.));
#11987 = ADVANCED_FACE('',(#11988),#11991,.T.);
#11988 = FACE_BOUND('',#11989,.T.);
#11989 = EDGE_LOOP('',(#11990));
#11990 = ORIENTED_EDGE('',*,*,#11966,.T.);
#11991 = PLANE('',#11992);
#11992 = AXIS2_PLACEMENT_3D('',#11993,#11994,#11995);
#11993 = CARTESIAN_POINT('',(1.6955E+03,70.,330.));
#11994 = DIRECTION('',(-1.,-0.,-0.));
#11995 = DIRECTION('',(0.,0.,-1.));
#11996 = MANIFOLD_SOLID_BREP('',#11997);
#11997 = CLOSED_SHELL('',(#11998,#12033,#12050,#12071,#12096,#12116,
    #12141));
#11998 = ADVANCED_FACE('',(#11999),#12028,.T.);
#11999 = FACE_BOUND('',#12000,.T.);
#12000 = EDGE_LOOP('',(#12001,#12012,#12021));
#12001 = ORIENTED_EDGE('',*,*,#12002,.T.);
#12002 = EDGE_CURVE('',#12003,#12005,#12007,.T.);
#12003 = VERTEX_POINT('',#12004);
#12004 = CARTESIAN_POINT('',(1.7042E+03,190.,330.));
#12005 = VERTEX_POINT('',#12006);
#12006 = CARTESIAN_POINT('',(1.703E+03,190.,334.));
#12007 = CIRCLE('',#12008,7.266666666667);
#12008 = AXIS2_PLACEMENT_3D('',#12009,#12010,#12011);
#12009 = CARTESIAN_POINT('',(1.696933333333E+03,190.,330.));
#12010 = DIRECTION('',(-2.449293598295E-16,-1.,0.));
#12011 = DIRECTION('',(1.,-2.449293598295E-16,0.));
#12012 = ORIENTED_EDGE('',*,*,#12013,.T.);
#12013 = EDGE_CURVE('',#12005,#12014,#12016,.T.);
#12014 = VERTEX_POINT('',#12015);
#12015 = CARTESIAN_POINT('',(1.703E+03,190.,326.));
#12016 = CIRCLE('',#12017,4.);
#12017 = AXIS2_PLACEMENT_3D('',#12018,#12019,#12020);
#12018 = CARTESIAN_POINT('',(1.703E+03,190.,330.));
#12019 = DIRECTION('',(1.,0.,0.));
#12020 = DIRECTION('',(-0.,0.,1.));
#12021 = ORIENTED_EDGE('',*,*,#12022,.T.);
#12022 = EDGE_CURVE('',#12014,#12003,#12023,.T.);
#12023 = CIRCLE('',#12024,7.266666666667);
#12024 = AXIS2_PLACEMENT_3D('',#12025,#12026,#12027);
#12025 = CARTESIAN_POINT('',(1.696933333333E+03,190.,330.));
#12026 = DIRECTION('',(-2.449293598295E-16,-1.,0.));
#12027 = DIRECTION('',(1.,-2.449293598295E-16,0.));
#12028 = SPHERICAL_SURFACE('',#12029,7.266666666667);
#12029 = AXIS2_PLACEMENT_3D('',#12030,#12031,#12032);
#12030 = CARTESIAN_POINT('',(1.696933333333E+03,190.,330.));
#12031 = DIRECTION('',(0.,0.,1.));
#12032 = DIRECTION('',(1.,0.,-0.));
#12033 = ADVANCED_FACE('',(#12034),#12045,.T.);
#12034 = FACE_BOUND('',#12035,.T.);
#12035 = EDGE_LOOP('',(#12036,#12043,#12044));
#12036 = ORIENTED_EDGE('',*,*,#12037,.T.);
#12037 = EDGE_CURVE('',#12014,#12005,#12038,.T.);
#12038 = CIRCLE('',#12039,4.);
#12039 = AXIS2_PLACEMENT_3D('',#12040,#12041,#12042);
#12040 = CARTESIAN_POINT('',(1.703E+03,190.,330.));
#12041 = DIRECTION('',(1.,0.,0.));
#12042 = DIRECTION('',(-0.,0.,1.));
#12043 = ORIENTED_EDGE('',*,*,#12002,.F.);
#12044 = ORIENTED_EDGE('',*,*,#12022,.F.);
#12045 = SPHERICAL_SURFACE('',#12046,7.266666666667);
#12046 = AXIS2_PLACEMENT_3D('',#12047,#12048,#12049);
#12047 = CARTESIAN_POINT('',(1.696933333333E+03,190.,330.));
#12048 = DIRECTION('',(0.,0.,1.));
#12049 = DIRECTION('',(1.,0.,-0.));
#12050 = ADVANCED_FACE('',(#12051,#12055),#12066,.F.);
#12051 = FACE_BOUND('',#12052,.F.);
#12052 = EDGE_LOOP('',(#12053,#12054));
#12053 = ORIENTED_EDGE('',*,*,#12013,.T.);
#12054 = ORIENTED_EDGE('',*,*,#12037,.T.);
#12055 = FACE_BOUND('',#12056,.F.);
#12056 = EDGE_LOOP('',(#12057));
#12057 = ORIENTED_EDGE('',*,*,#12058,.T.);
#12058 = EDGE_CURVE('',#12059,#12059,#12061,.T.);
#12059 = VERTEX_POINT('',#12060);
#12060 = CARTESIAN_POINT('',(1.703E+03,190.,328.));
#12061 = CIRCLE('',#12062,2.);
#12062 = AXIS2_PLACEMENT_3D('',#12063,#12064,#12065);
#12063 = CARTESIAN_POINT('',(1.703E+03,190.,330.));
#12064 = DIRECTION('',(-1.,-0.,-0.));
#12065 = DIRECTION('',(0.,0.,-1.));
#12066 = PLANE('',#12067);
#12067 = AXIS2_PLACEMENT_3D('',#12068,#12069,#12070);
#12068 = CARTESIAN_POINT('',(1.703E+03,190.,330.));
#12069 = DIRECTION('',(1.,0.,0.));
#12070 = DIRECTION('',(-0.,0.,1.));
#12071 = ADVANCED_FACE('',(#12072),#12091,.T.);
#12072 = FACE_BOUND('',#12073,.T.);
#12073 = EDGE_LOOP('',(#12074,#12083,#12089,#12090));
#12074 = ORIENTED_EDGE('',*,*,#12075,.F.);
#12075 = EDGE_CURVE('',#12076,#12076,#12078,.T.);
#12076 = VERTEX_POINT('',#12077);
#12077 = CARTESIAN_POINT('',(1.698E+03,190.,328.));
#12078 = CIRCLE('',#12079,2.);
#12079 = AXIS2_PLACEMENT_3D('',#12080,#12081,#12082);
#12080 = CARTESIAN_POINT('',(1.698E+03,190.,330.));
#12081 = DIRECTION('',(-1.,-0.,-0.));
#12082 = DIRECTION('',(0.,0.,-1.));
#12083 = ORIENTED_EDGE('',*,*,#12084,.F.);
#12084 = EDGE_CURVE('',#12059,#12076,#12085,.T.);
#12085 = LINE('',#12086,#12087);
#12086 = CARTESIAN_POINT('',(1.703E+03,190.,328.));
#12087 = VECTOR('',#12088,1.);
#12088 = DIRECTION('',(-1.,0.,-0.));
#12089 = ORIENTED_EDGE('',*,*,#12058,.T.);
#12090 = ORIENTED_EDGE('',*,*,#12084,.T.);
#12091 = CYLINDRICAL_SURFACE('',#12092,2.);
#12092 = AXIS2_PLACEMENT_3D('',#12093,#12094,#12095);
#12093 = CARTESIAN_POINT('',(1.703E+03,190.,330.));
#12094 = DIRECTION('',(-1.,-0.,-0.));
#12095 = DIRECTION('',(0.,0.,-1.));
#12096 = ADVANCED_FACE('',(#12097,#12108),#12111,.F.);
#12097 = FACE_BOUND('',#12098,.F.);
#12098 = EDGE_LOOP('',(#12099));
#12099 = ORIENTED_EDGE('',*,*,#12100,.T.);
#12100 = EDGE_CURVE('',#12101,#12101,#12103,.T.);
#12101 = VERTEX_POINT('',#12102);
#12102 = CARTESIAN_POINT('',(1.698E+03,190.,327.2));
#12103 = CIRCLE('',#12104,2.8);
#12104 = AXIS2_PLACEMENT_3D('',#12105,#12106,#12107);
#12105 = CARTESIAN_POINT('',(1.698E+03,190.,330.));
#12106 = DIRECTION('',(-1.,-0.,-0.));
#12107 = DIRECTION('',(0.,0.,-1.));
#12108 = FACE_BOUND('',#12109,.F.);
#12109 = EDGE_LOOP('',(#12110));
#12110 = ORIENTED_EDGE('',*,*,#12075,.F.);
#12111 = PLANE('',#12112);
#12112 = AXIS2_PLACEMENT_3D('',#12113,#12114,#12115);
#12113 = CARTESIAN_POINT('',(1.698E+03,190.,330.));
#12114 = DIRECTION('',(-1.,-0.,-0.));
#12115 = DIRECTION('',(0.,0.,-1.));
#12116 = ADVANCED_FACE('',(#12117),#12136,.T.);
#12117 = FACE_BOUND('',#12118,.T.);
#12118 = EDGE_LOOP('',(#12119,#12128,#12134,#12135));
#12119 = ORIENTED_EDGE('',*,*,#12120,.F.);
#12120 = EDGE_CURVE('',#12121,#12121,#12123,.T.);
#12121 = VERTEX_POINT('',#12122);
#12122 = CARTESIAN_POINT('',(1.6955E+03,190.,327.2));
#12123 = CIRCLE('',#12124,2.8);
#12124 = AXIS2_PLACEMENT_3D('',#12125,#12126,#12127);
#12125 = CARTESIAN_POINT('',(1.6955E+03,190.,330.));
#12126 = DIRECTION('',(-1.,-0.,-0.));
#12127 = DIRECTION('',(0.,0.,-1.));
#12128 = ORIENTED_EDGE('',*,*,#12129,.F.);
#12129 = EDGE_CURVE('',#12101,#12121,#12130,.T.);
#12130 = LINE('',#12131,#12132);
#12131 = CARTESIAN_POINT('',(1.698E+03,190.,327.2));
#12132 = VECTOR('',#12133,1.);
#12133 = DIRECTION('',(-1.,0.,-0.));
#12134 = ORIENTED_EDGE('',*,*,#12100,.T.);
#12135 = ORIENTED_EDGE('',*,*,#12129,.T.);
#12136 = CYLINDRICAL_SURFACE('',#12137,2.8);
#12137 = AXIS2_PLACEMENT_3D('',#12138,#12139,#12140);
#12138 = CARTESIAN_POINT('',(1.698E+03,190.,330.));
#12139 = DIRECTION('',(-1.,-0.,-0.));
#12140 = DIRECTION('',(0.,0.,-1.));
#12141 = ADVANCED_FACE('',(#12142),#12145,.T.);
#12142 = FACE_BOUND('',#12143,.T.);
#12143 = EDGE_LOOP('',(#12144));
#12144 = ORIENTED_EDGE('',*,*,#12120,.T.);
#12145 = PLANE('',#12146);
#12146 = AXIS2_PLACEMENT_3D('',#12147,#12148,#12149);
#12147 = CARTESIAN_POINT('',(1.6955E+03,190.,330.));
#12148 = DIRECTION('',(-1.,-0.,-0.));
#12149 = DIRECTION('',(0.,0.,-1.));
#12150 = MANIFOLD_SOLID_BREP('',#12151);
#12151 = CLOSED_SHELL('',(#12152,#12179,#12199,#12224,#12244,#12269));
#12152 = ADVANCED_FACE('',(#12153),#12174,.T.);
#12153 = FACE_BOUND('',#12154,.T.);
#12154 = EDGE_LOOP('',(#12155,#12166,#12167));
#12155 = ORIENTED_EDGE('',*,*,#12156,.T.);
#12156 = EDGE_CURVE('',#12157,#12159,#12161,.T.);
#12157 = VERTEX_POINT('',#12158);
#12158 = CARTESIAN_POINT('',(1.684E+03,130.,351.5));
#12159 = VERTEX_POINT('',#12160);
#12160 = CARTESIAN_POINT('',(1.68E+03,130.,352.7));
#12161 = CIRCLE('',#12162,7.266666666667);
#12162 = AXIS2_PLACEMENT_3D('',#12163,#12164,#12165);
#12163 = CARTESIAN_POINT('',(1.68E+03,130.,345.43333333333));
#12164 = DIRECTION('',(-2.449293598295E-16,-1.,0.));
#12165 = DIRECTION('',(1.,-2.449293598295E-16,0.));
#12166 = ORIENTED_EDGE('',*,*,#12156,.F.);
#12167 = ORIENTED_EDGE('',*,*,#12168,.T.);
#12168 = EDGE_CURVE('',#12157,#12157,#12169,.T.);
#12169 = CIRCLE('',#12170,4.);
#12170 = AXIS2_PLACEMENT_3D('',#12171,#12172,#12173);
#12171 = CARTESIAN_POINT('',(1.68E+03,130.,351.5));
#12172 = DIRECTION('',(0.,0.,1.));
#12173 = DIRECTION('',(1.,0.,-0.));
#12174 = SPHERICAL_SURFACE('',#12175,7.266666666667);
#12175 = AXIS2_PLACEMENT_3D('',#12176,#12177,#12178);
#12176 = CARTESIAN_POINT('',(1.68E+03,130.,345.43333333333));
#12177 = DIRECTION('',(0.,0.,1.));
#12178 = DIRECTION('',(1.,0.,-0.));
#12179 = ADVANCED_FACE('',(#12180,#12183),#12194,.F.);
#12180 = FACE_BOUND('',#12181,.F.);
#12181 = EDGE_LOOP('',(#12182));
#12182 = ORIENTED_EDGE('',*,*,#12168,.T.);
#12183 = FACE_BOUND('',#12184,.F.);
#12184 = EDGE_LOOP('',(#12185));
#12185 = ORIENTED_EDGE('',*,*,#12186,.T.);
#12186 = EDGE_CURVE('',#12187,#12187,#12189,.T.);
#12187 = VERTEX_POINT('',#12188);
#12188 = CARTESIAN_POINT('',(1.678E+03,130.,351.5));
#12189 = CIRCLE('',#12190,2.);
#12190 = AXIS2_PLACEMENT_3D('',#12191,#12192,#12193);
#12191 = CARTESIAN_POINT('',(1.68E+03,130.,351.5));
#12192 = DIRECTION('',(-0.,0.,-1.));
#12193 = DIRECTION('',(-1.,0.,0.));
#12194 = PLANE('',#12195);
#12195 = AXIS2_PLACEMENT_3D('',#12196,#12197,#12198);
#12196 = CARTESIAN_POINT('',(1.68E+03,130.,351.5));
#12197 = DIRECTION('',(0.,0.,1.));
#12198 = DIRECTION('',(1.,0.,-0.));
#12199 = ADVANCED_FACE('',(#12200),#12219,.T.);
#12200 = FACE_BOUND('',#12201,.T.);
#12201 = EDGE_LOOP('',(#12202,#12211,#12217,#12218));
#12202 = ORIENTED_EDGE('',*,*,#12203,.F.);
#12203 = EDGE_CURVE('',#12204,#12204,#12206,.T.);
#12204 = VERTEX_POINT('',#12205);
#12205 = CARTESIAN_POINT('',(1.678E+03,130.,348.));
#12206 = CIRCLE('',#12207,2.);
#12207 = AXIS2_PLACEMENT_3D('',#12208,#12209,#12210);
#12208 = CARTESIAN_POINT('',(1.68E+03,130.,348.));
#12209 = DIRECTION('',(-0.,0.,-1.));
#12210 = DIRECTION('',(-1.,0.,0.));
#12211 = ORIENTED_EDGE('',*,*,#12212,.F.);
#12212 = EDGE_CURVE('',#12187,#12204,#12213,.T.);
#12213 = LINE('',#12214,#12215);
#12214 = CARTESIAN_POINT('',(1.678E+03,130.,351.5));
#12215 = VECTOR('',#12216,1.);
#12216 = DIRECTION('',(0.,-0.,-1.));
#12217 = ORIENTED_EDGE('',*,*,#12186,.T.);
#12218 = ORIENTED_EDGE('',*,*,#12212,.T.);
#12219 = CYLINDRICAL_SURFACE('',#12220,2.);
#12220 = AXIS2_PLACEMENT_3D('',#12221,#12222,#12223);
#12221 = CARTESIAN_POINT('',(1.68E+03,130.,351.5));
#12222 = DIRECTION('',(-0.,-0.,-1.));
#12223 = DIRECTION('',(-1.,0.,0.));
#12224 = ADVANCED_FACE('',(#12225,#12236),#12239,.F.);
#12225 = FACE_BOUND('',#12226,.F.);
#12226 = EDGE_LOOP('',(#12227));
#12227 = ORIENTED_EDGE('',*,*,#12228,.T.);
#12228 = EDGE_CURVE('',#12229,#12229,#12231,.T.);
#12229 = VERTEX_POINT('',#12230);
#12230 = CARTESIAN_POINT('',(1.6772E+03,130.,348.));
#12231 = CIRCLE('',#12232,2.8);
#12232 = AXIS2_PLACEMENT_3D('',#12233,#12234,#12235);
#12233 = CARTESIAN_POINT('',(1.68E+03,130.,348.));
#12234 = DIRECTION('',(-0.,0.,-1.));
#12235 = DIRECTION('',(-1.,0.,0.));
#12236 = FACE_BOUND('',#12237,.F.);
#12237 = EDGE_LOOP('',(#12238));
#12238 = ORIENTED_EDGE('',*,*,#12203,.F.);
#12239 = PLANE('',#12240);
#12240 = AXIS2_PLACEMENT_3D('',#12241,#12242,#12243);
#12241 = CARTESIAN_POINT('',(1.68E+03,130.,348.));
#12242 = DIRECTION('',(-0.,-0.,-1.));
#12243 = DIRECTION('',(-1.,0.,0.));
#12244 = ADVANCED_FACE('',(#12245),#12264,.T.);
#12245 = FACE_BOUND('',#12246,.T.);
#12246 = EDGE_LOOP('',(#12247,#12256,#12262,#12263));
#12247 = ORIENTED_EDGE('',*,*,#12248,.F.);
#12248 = EDGE_CURVE('',#12249,#12249,#12251,.T.);
#12249 = VERTEX_POINT('',#12250);
#12250 = CARTESIAN_POINT('',(1.6772E+03,130.,345.5));
#12251 = CIRCLE('',#12252,2.8);
#12252 = AXIS2_PLACEMENT_3D('',#12253,#12254,#12255);
#12253 = CARTESIAN_POINT('',(1.68E+03,130.,345.5));
#12254 = DIRECTION('',(-0.,0.,-1.));
#12255 = DIRECTION('',(-1.,0.,0.));
#12256 = ORIENTED_EDGE('',*,*,#12257,.F.);
#12257 = EDGE_CURVE('',#12229,#12249,#12258,.T.);
#12258 = LINE('',#12259,#12260);
#12259 = CARTESIAN_POINT('',(1.6772E+03,130.,348.));
#12260 = VECTOR('',#12261,1.);
#12261 = DIRECTION('',(0.,-0.,-1.));
#12262 = ORIENTED_EDGE('',*,*,#12228,.T.);
#12263 = ORIENTED_EDGE('',*,*,#12257,.T.);
#12264 = CYLINDRICAL_SURFACE('',#12265,2.8);
#12265 = AXIS2_PLACEMENT_3D('',#12266,#12267,#12268);
#12266 = CARTESIAN_POINT('',(1.68E+03,130.,348.));
#12267 = DIRECTION('',(-0.,-0.,-1.));
#12268 = DIRECTION('',(-1.,0.,0.));
#12269 = ADVANCED_FACE('',(#12270),#12273,.T.);
#12270 = FACE_BOUND('',#12271,.T.);
#12271 = EDGE_LOOP('',(#12272));
#12272 = ORIENTED_EDGE('',*,*,#12248,.T.);
#12273 = PLANE('',#12274);
#12274 = AXIS2_PLACEMENT_3D('',#12275,#12276,#12277);
#12275 = CARTESIAN_POINT('',(1.68E+03,130.,345.5));
#12276 = DIRECTION('',(-0.,-0.,-1.));
#12277 = DIRECTION('',(-1.,0.,0.));
#12278 = MANIFOLD_SOLID_BREP('',#12279);
#12279 = CLOSED_SHELL('',(#12280,#12297,#12317,#12342,#12362,#12387));
#12280 = ADVANCED_FACE('',(#12281),#12292,.T.);
#12281 = FACE_BOUND('',#12282,.T.);
#12282 = EDGE_LOOP('',(#12283));
#12283 = ORIENTED_EDGE('',*,*,#12284,.T.);
#12284 = EDGE_CURVE('',#12285,#12285,#12287,.T.);
#12285 = VERTEX_POINT('',#12286);
#12286 = CARTESIAN_POINT('',(-3.,70.,641.));
#12287 = CIRCLE('',#12288,4.);
#12288 = AXIS2_PLACEMENT_3D('',#12289,#12290,#12291);
#12289 = CARTESIAN_POINT('',(-3.,70.,645.));
#12290 = DIRECTION('',(-1.,0.,0.));
#12291 = DIRECTION('',(0.,0.,-1.));
#12292 = SPHERICAL_SURFACE('',#12293,7.266666666667);
#12293 = AXIS2_PLACEMENT_3D('',#12294,#12295,#12296);
#12294 = CARTESIAN_POINT('',(3.066666666667,70.,645.));
#12295 = DIRECTION('',(0.,0.,1.));
#12296 = DIRECTION('',(1.,0.,-0.));
#12297 = ADVANCED_FACE('',(#12298,#12301),#12312,.F.);
#12298 = FACE_BOUND('',#12299,.F.);
#12299 = EDGE_LOOP('',(#12300));
#12300 = ORIENTED_EDGE('',*,*,#12284,.T.);
#12301 = FACE_BOUND('',#12302,.F.);
#12302 = EDGE_LOOP('',(#12303));
#12303 = ORIENTED_EDGE('',*,*,#12304,.T.);
#12304 = EDGE_CURVE('',#12305,#12305,#12307,.T.);
#12305 = VERTEX_POINT('',#12306);
#12306 = CARTESIAN_POINT('',(-3.,70.,647.));
#12307 = CIRCLE('',#12308,2.);
#12308 = AXIS2_PLACEMENT_3D('',#12309,#12310,#12311);
#12309 = CARTESIAN_POINT('',(-3.,70.,645.));
#12310 = DIRECTION('',(1.,0.,-0.));
#12311 = DIRECTION('',(0.,0.,1.));
#12312 = PLANE('',#12313);
#12313 = AXIS2_PLACEMENT_3D('',#12314,#12315,#12316);
#12314 = CARTESIAN_POINT('',(-3.,70.,645.));
#12315 = DIRECTION('',(-1.,0.,0.));
#12316 = DIRECTION('',(0.,0.,-1.));
#12317 = ADVANCED_FACE('',(#12318),#12337,.T.);
#12318 = FACE_BOUND('',#12319,.T.);
#12319 = EDGE_LOOP('',(#12320,#12329,#12335,#12336));
#12320 = ORIENTED_EDGE('',*,*,#12321,.F.);
#12321 = EDGE_CURVE('',#12322,#12322,#12324,.T.);
#12322 = VERTEX_POINT('',#12323);
#12323 = CARTESIAN_POINT('',(2.,70.,647.));
#12324 = CIRCLE('',#12325,2.);
#12325 = AXIS2_PLACEMENT_3D('',#12326,#12327,#12328);
#12326 = CARTESIAN_POINT('',(2.,70.,645.));
#12327 = DIRECTION('',(1.,0.,-0.));
#12328 = DIRECTION('',(0.,0.,1.));
#12329 = ORIENTED_EDGE('',*,*,#12330,.F.);
#12330 = EDGE_CURVE('',#12305,#12322,#12331,.T.);
#12331 = LINE('',#12332,#12333);
#12332 = CARTESIAN_POINT('',(-3.,70.,647.));
#12333 = VECTOR('',#12334,1.);
#12334 = DIRECTION('',(1.,0.,0.));
#12335 = ORIENTED_EDGE('',*,*,#12304,.T.);
#12336 = ORIENTED_EDGE('',*,*,#12330,.T.);
#12337 = CYLINDRICAL_SURFACE('',#12338,2.);
#12338 = AXIS2_PLACEMENT_3D('',#12339,#12340,#12341);
#12339 = CARTESIAN_POINT('',(-3.,70.,645.));
#12340 = DIRECTION('',(1.,-0.,-0.));
#12341 = DIRECTION('',(0.,0.,1.));
#12342 = ADVANCED_FACE('',(#12343,#12354),#12357,.F.);
#12343 = FACE_BOUND('',#12344,.F.);
#12344 = EDGE_LOOP('',(#12345));
#12345 = ORIENTED_EDGE('',*,*,#12346,.T.);
#12346 = EDGE_CURVE('',#12347,#12347,#12349,.T.);
#12347 = VERTEX_POINT('',#12348);
#12348 = CARTESIAN_POINT('',(2.,70.,647.8));
#12349 = CIRCLE('',#12350,2.8);
#12350 = AXIS2_PLACEMENT_3D('',#12351,#12352,#12353);
#12351 = CARTESIAN_POINT('',(2.,70.,645.));
#12352 = DIRECTION('',(1.,0.,-0.));
#12353 = DIRECTION('',(0.,0.,1.));
#12354 = FACE_BOUND('',#12355,.F.);
#12355 = EDGE_LOOP('',(#12356));
#12356 = ORIENTED_EDGE('',*,*,#12321,.F.);
#12357 = PLANE('',#12358);
#12358 = AXIS2_PLACEMENT_3D('',#12359,#12360,#12361);
#12359 = CARTESIAN_POINT('',(2.,70.,645.));
#12360 = DIRECTION('',(1.,-0.,-0.));
#12361 = DIRECTION('',(0.,0.,1.));
#12362 = ADVANCED_FACE('',(#12363),#12382,.T.);
#12363 = FACE_BOUND('',#12364,.T.);
#12364 = EDGE_LOOP('',(#12365,#12374,#12380,#12381));
#12365 = ORIENTED_EDGE('',*,*,#12366,.F.);
#12366 = EDGE_CURVE('',#12367,#12367,#12369,.T.);
#12367 = VERTEX_POINT('',#12368);
#12368 = CARTESIAN_POINT('',(4.5,70.,647.8));
#12369 = CIRCLE('',#12370,2.8);
#12370 = AXIS2_PLACEMENT_3D('',#12371,#12372,#12373);
#12371 = CARTESIAN_POINT('',(4.5,70.,645.));
#12372 = DIRECTION('',(1.,0.,-0.));
#12373 = DIRECTION('',(0.,0.,1.));
#12374 = ORIENTED_EDGE('',*,*,#12375,.F.);
#12375 = EDGE_CURVE('',#12347,#12367,#12376,.T.);
#12376 = LINE('',#12377,#12378);
#12377 = CARTESIAN_POINT('',(2.,70.,647.8));
#12378 = VECTOR('',#12379,1.);
#12379 = DIRECTION('',(1.,0.,0.));
#12380 = ORIENTED_EDGE('',*,*,#12346,.T.);
#12381 = ORIENTED_EDGE('',*,*,#12375,.T.);
#12382 = CYLINDRICAL_SURFACE('',#12383,2.8);
#12383 = AXIS2_PLACEMENT_3D('',#12384,#12385,#12386);
#12384 = CARTESIAN_POINT('',(2.,70.,645.));
#12385 = DIRECTION('',(1.,-0.,-0.));
#12386 = DIRECTION('',(0.,0.,1.));
#12387 = ADVANCED_FACE('',(#12388),#12391,.T.);
#12388 = FACE_BOUND('',#12389,.T.);
#12389 = EDGE_LOOP('',(#12390));
#12390 = ORIENTED_EDGE('',*,*,#12366,.T.);
#12391 = PLANE('',#12392);
#12392 = AXIS2_PLACEMENT_3D('',#12393,#12394,#12395);
#12393 = CARTESIAN_POINT('',(4.5,70.,645.));
#12394 = DIRECTION('',(1.,-0.,-0.));
#12395 = DIRECTION('',(0.,0.,1.));
#12396 = MANIFOLD_SOLID_BREP('',#12397);
#12397 = CLOSED_SHELL('',(#12398,#12415,#12435,#12460,#12480,#12505));
#12398 = ADVANCED_FACE('',(#12399),#12410,.T.);
#12399 = FACE_BOUND('',#12400,.T.);
#12400 = EDGE_LOOP('',(#12401));
#12401 = ORIENTED_EDGE('',*,*,#12402,.T.);
#12402 = EDGE_CURVE('',#12403,#12403,#12405,.T.);
#12403 = VERTEX_POINT('',#12404);
#12404 = CARTESIAN_POINT('',(-3.,190.,641.));
#12405 = CIRCLE('',#12406,4.);
#12406 = AXIS2_PLACEMENT_3D('',#12407,#12408,#12409);
#12407 = CARTESIAN_POINT('',(-3.,190.,645.));
#12408 = DIRECTION('',(-1.,0.,0.));
#12409 = DIRECTION('',(0.,0.,-1.));
#12410 = SPHERICAL_SURFACE('',#12411,7.266666666667);
#12411 = AXIS2_PLACEMENT_3D('',#12412,#12413,#12414);
#12412 = CARTESIAN_POINT('',(3.066666666667,190.,645.));
#12413 = DIRECTION('',(0.,0.,1.));
#12414 = DIRECTION('',(1.,0.,-0.));
#12415 = ADVANCED_FACE('',(#12416,#12419),#12430,.F.);
#12416 = FACE_BOUND('',#12417,.F.);
#12417 = EDGE_LOOP('',(#12418));
#12418 = ORIENTED_EDGE('',*,*,#12402,.T.);
#12419 = FACE_BOUND('',#12420,.F.);
#12420 = EDGE_LOOP('',(#12421));
#12421 = ORIENTED_EDGE('',*,*,#12422,.T.);
#12422 = EDGE_CURVE('',#12423,#12423,#12425,.T.);
#12423 = VERTEX_POINT('',#12424);
#12424 = CARTESIAN_POINT('',(-3.,190.,647.));
#12425 = CIRCLE('',#12426,2.);
#12426 = AXIS2_PLACEMENT_3D('',#12427,#12428,#12429);
#12427 = CARTESIAN_POINT('',(-3.,190.,645.));
#12428 = DIRECTION('',(1.,0.,-0.));
#12429 = DIRECTION('',(0.,0.,1.));
#12430 = PLANE('',#12431);
#12431 = AXIS2_PLACEMENT_3D('',#12432,#12433,#12434);
#12432 = CARTESIAN_POINT('',(-3.,190.,645.));
#12433 = DIRECTION('',(-1.,0.,0.));
#12434 = DIRECTION('',(0.,0.,-1.));
#12435 = ADVANCED_FACE('',(#12436),#12455,.T.);
#12436 = FACE_BOUND('',#12437,.T.);
#12437 = EDGE_LOOP('',(#12438,#12447,#12453,#12454));
#12438 = ORIENTED_EDGE('',*,*,#12439,.F.);
#12439 = EDGE_CURVE('',#12440,#12440,#12442,.T.);
#12440 = VERTEX_POINT('',#12441);
#12441 = CARTESIAN_POINT('',(2.,190.,647.));
#12442 = CIRCLE('',#12443,2.);
#12443 = AXIS2_PLACEMENT_3D('',#12444,#12445,#12446);
#12444 = CARTESIAN_POINT('',(2.,190.,645.));
#12445 = DIRECTION('',(1.,0.,-0.));
#12446 = DIRECTION('',(0.,0.,1.));
#12447 = ORIENTED_EDGE('',*,*,#12448,.F.);
#12448 = EDGE_CURVE('',#12423,#12440,#12449,.T.);
#12449 = LINE('',#12450,#12451);
#12450 = CARTESIAN_POINT('',(-3.,190.,647.));
#12451 = VECTOR('',#12452,1.);
#12452 = DIRECTION('',(1.,0.,0.));
#12453 = ORIENTED_EDGE('',*,*,#12422,.T.);
#12454 = ORIENTED_EDGE('',*,*,#12448,.T.);
#12455 = CYLINDRICAL_SURFACE('',#12456,2.);
#12456 = AXIS2_PLACEMENT_3D('',#12457,#12458,#12459);
#12457 = CARTESIAN_POINT('',(-3.,190.,645.));
#12458 = DIRECTION('',(1.,-0.,-0.));
#12459 = DIRECTION('',(0.,0.,1.));
#12460 = ADVANCED_FACE('',(#12461,#12472),#12475,.F.);
#12461 = FACE_BOUND('',#12462,.F.);
#12462 = EDGE_LOOP('',(#12463));
#12463 = ORIENTED_EDGE('',*,*,#12464,.T.);
#12464 = EDGE_CURVE('',#12465,#12465,#12467,.T.);
#12465 = VERTEX_POINT('',#12466);
#12466 = CARTESIAN_POINT('',(2.,190.,647.8));
#12467 = CIRCLE('',#12468,2.8);
#12468 = AXIS2_PLACEMENT_3D('',#12469,#12470,#12471);
#12469 = CARTESIAN_POINT('',(2.,190.,645.));
#12470 = DIRECTION('',(1.,0.,-0.));
#12471 = DIRECTION('',(0.,0.,1.));
#12472 = FACE_BOUND('',#12473,.F.);
#12473 = EDGE_LOOP('',(#12474));
#12474 = ORIENTED_EDGE('',*,*,#12439,.F.);
#12475 = PLANE('',#12476);
#12476 = AXIS2_PLACEMENT_3D('',#12477,#12478,#12479);
#12477 = CARTESIAN_POINT('',(2.,190.,645.));
#12478 = DIRECTION('',(1.,-0.,-0.));
#12479 = DIRECTION('',(0.,0.,1.));
#12480 = ADVANCED_FACE('',(#12481),#12500,.T.);
#12481 = FACE_BOUND('',#12482,.T.);
#12482 = EDGE_LOOP('',(#12483,#12492,#12498,#12499));
#12483 = ORIENTED_EDGE('',*,*,#12484,.F.);
#12484 = EDGE_CURVE('',#12485,#12485,#12487,.T.);
#12485 = VERTEX_POINT('',#12486);
#12486 = CARTESIAN_POINT('',(4.5,190.,647.8));
#12487 = CIRCLE('',#12488,2.8);
#12488 = AXIS2_PLACEMENT_3D('',#12489,#12490,#12491);
#12489 = CARTESIAN_POINT('',(4.5,190.,645.));
#12490 = DIRECTION('',(1.,0.,-0.));
#12491 = DIRECTION('',(0.,0.,1.));
#12492 = ORIENTED_EDGE('',*,*,#12493,.F.);
#12493 = EDGE_CURVE('',#12465,#12485,#12494,.T.);
#12494 = LINE('',#12495,#12496);
#12495 = CARTESIAN_POINT('',(2.,190.,647.8));
#12496 = VECTOR('',#12497,1.);
#12497 = DIRECTION('',(1.,0.,0.));
#12498 = ORIENTED_EDGE('',*,*,#12464,.T.);
#12499 = ORIENTED_EDGE('',*,*,#12493,.T.);
#12500 = CYLINDRICAL_SURFACE('',#12501,2.8);
#12501 = AXIS2_PLACEMENT_3D('',#12502,#12503,#12504);
#12502 = CARTESIAN_POINT('',(2.,190.,645.));
#12503 = DIRECTION('',(1.,-0.,-0.));
#12504 = DIRECTION('',(0.,0.,1.));
#12505 = ADVANCED_FACE('',(#12506),#12509,.T.);
#12506 = FACE_BOUND('',#12507,.T.);
#12507 = EDGE_LOOP('',(#12508));
#12508 = ORIENTED_EDGE('',*,*,#12484,.T.);
#12509 = PLANE('',#12510);
#12510 = AXIS2_PLACEMENT_3D('',#12511,#12512,#12513);
#12511 = CARTESIAN_POINT('',(4.5,190.,645.));
#12512 = DIRECTION('',(1.,-0.,-0.));
#12513 = DIRECTION('',(0.,0.,1.));
#12514 = MANIFOLD_SOLID_BREP('',#12515);
#12515 = CLOSED_SHELL('',(#12516,#12543,#12563,#12588,#12608,#12633));
#12516 = ADVANCED_FACE('',(#12517),#12538,.T.);
#12517 = FACE_BOUND('',#12518,.T.);
#12518 = EDGE_LOOP('',(#12519,#12530,#12531));
#12519 = ORIENTED_EDGE('',*,*,#12520,.T.);
#12520 = EDGE_CURVE('',#12521,#12523,#12525,.T.);
#12521 = VERTEX_POINT('',#12522);
#12522 = CARTESIAN_POINT('',(24.,130.,666.5));
#12523 = VERTEX_POINT('',#12524);
#12524 = CARTESIAN_POINT('',(20.,130.,667.7));
#12525 = CIRCLE('',#12526,7.266666666667);
#12526 = AXIS2_PLACEMENT_3D('',#12527,#12528,#12529);
#12527 = CARTESIAN_POINT('',(20.,130.,660.43333333333));
#12528 = DIRECTION('',(-2.449293598295E-16,-1.,0.));
#12529 = DIRECTION('',(1.,-2.449293598295E-16,0.));
#12530 = ORIENTED_EDGE('',*,*,#12520,.F.);
#12531 = ORIENTED_EDGE('',*,*,#12532,.T.);
#12532 = EDGE_CURVE('',#12521,#12521,#12533,.T.);
#12533 = CIRCLE('',#12534,4.);
#12534 = AXIS2_PLACEMENT_3D('',#12535,#12536,#12537);
#12535 = CARTESIAN_POINT('',(20.,130.,666.5));
#12536 = DIRECTION('',(0.,0.,1.));
#12537 = DIRECTION('',(1.,0.,-0.));
#12538 = SPHERICAL_SURFACE('',#12539,7.266666666667);
#12539 = AXIS2_PLACEMENT_3D('',#12540,#12541,#12542);
#12540 = CARTESIAN_POINT('',(20.,130.,660.43333333333));
#12541 = DIRECTION('',(0.,0.,1.));
#12542 = DIRECTION('',(1.,0.,-0.));
#12543 = ADVANCED_FACE('',(#12544,#12547),#12558,.F.);
#12544 = FACE_BOUND('',#12545,.F.);
#12545 = EDGE_LOOP('',(#12546));
#12546 = ORIENTED_EDGE('',*,*,#12532,.T.);
#12547 = FACE_BOUND('',#12548,.F.);
#12548 = EDGE_LOOP('',(#12549));
#12549 = ORIENTED_EDGE('',*,*,#12550,.T.);
#12550 = EDGE_CURVE('',#12551,#12551,#12553,.T.);
#12551 = VERTEX_POINT('',#12552);
#12552 = CARTESIAN_POINT('',(18.,130.,666.5));
#12553 = CIRCLE('',#12554,2.);
#12554 = AXIS2_PLACEMENT_3D('',#12555,#12556,#12557);
#12555 = CARTESIAN_POINT('',(20.,130.,666.5));
#12556 = DIRECTION('',(-0.,0.,-1.));
#12557 = DIRECTION('',(-1.,0.,0.));
#12558 = PLANE('',#12559);
#12559 = AXIS2_PLACEMENT_3D('',#12560,#12561,#12562);
#12560 = CARTESIAN_POINT('',(20.,130.,666.5));
#12561 = DIRECTION('',(0.,0.,1.));
#12562 = DIRECTION('',(1.,0.,-0.));
#12563 = ADVANCED_FACE('',(#12564),#12583,.T.);
#12564 = FACE_BOUND('',#12565,.T.);
#12565 = EDGE_LOOP('',(#12566,#12575,#12581,#12582));
#12566 = ORIENTED_EDGE('',*,*,#12567,.F.);
#12567 = EDGE_CURVE('',#12568,#12568,#12570,.T.);
#12568 = VERTEX_POINT('',#12569);
#12569 = CARTESIAN_POINT('',(18.,130.,663.));
#12570 = CIRCLE('',#12571,2.);
#12571 = AXIS2_PLACEMENT_3D('',#12572,#12573,#12574);
#12572 = CARTESIAN_POINT('',(20.,130.,663.));
#12573 = DIRECTION('',(-0.,0.,-1.));
#12574 = DIRECTION('',(-1.,0.,0.));
#12575 = ORIENTED_EDGE('',*,*,#12576,.F.);
#12576 = EDGE_CURVE('',#12551,#12568,#12577,.T.);
#12577 = LINE('',#12578,#12579);
#12578 = CARTESIAN_POINT('',(18.,130.,666.5));
#12579 = VECTOR('',#12580,1.);
#12580 = DIRECTION('',(0.,-0.,-1.));
#12581 = ORIENTED_EDGE('',*,*,#12550,.T.);
#12582 = ORIENTED_EDGE('',*,*,#12576,.T.);
#12583 = CYLINDRICAL_SURFACE('',#12584,2.);
#12584 = AXIS2_PLACEMENT_3D('',#12585,#12586,#12587);
#12585 = CARTESIAN_POINT('',(20.,130.,666.5));
#12586 = DIRECTION('',(-0.,-0.,-1.));
#12587 = DIRECTION('',(-1.,0.,0.));
#12588 = ADVANCED_FACE('',(#12589,#12600),#12603,.F.);
#12589 = FACE_BOUND('',#12590,.F.);
#12590 = EDGE_LOOP('',(#12591));
#12591 = ORIENTED_EDGE('',*,*,#12592,.T.);
#12592 = EDGE_CURVE('',#12593,#12593,#12595,.T.);
#12593 = VERTEX_POINT('',#12594);
#12594 = CARTESIAN_POINT('',(17.2,130.,663.));
#12595 = CIRCLE('',#12596,2.8);
#12596 = AXIS2_PLACEMENT_3D('',#12597,#12598,#12599);
#12597 = CARTESIAN_POINT('',(20.,130.,663.));
#12598 = DIRECTION('',(-0.,0.,-1.));
#12599 = DIRECTION('',(-1.,0.,0.));
#12600 = FACE_BOUND('',#12601,.F.);
#12601 = EDGE_LOOP('',(#12602));
#12602 = ORIENTED_EDGE('',*,*,#12567,.F.);
#12603 = PLANE('',#12604);
#12604 = AXIS2_PLACEMENT_3D('',#12605,#12606,#12607);
#12605 = CARTESIAN_POINT('',(20.,130.,663.));
#12606 = DIRECTION('',(-0.,-0.,-1.));
#12607 = DIRECTION('',(-1.,0.,0.));
#12608 = ADVANCED_FACE('',(#12609),#12628,.T.);
#12609 = FACE_BOUND('',#12610,.T.);
#12610 = EDGE_LOOP('',(#12611,#12620,#12626,#12627));
#12611 = ORIENTED_EDGE('',*,*,#12612,.F.);
#12612 = EDGE_CURVE('',#12613,#12613,#12615,.T.);
#12613 = VERTEX_POINT('',#12614);
#12614 = CARTESIAN_POINT('',(17.2,130.,660.5));
#12615 = CIRCLE('',#12616,2.8);
#12616 = AXIS2_PLACEMENT_3D('',#12617,#12618,#12619);
#12617 = CARTESIAN_POINT('',(20.,130.,660.5));
#12618 = DIRECTION('',(-0.,0.,-1.));
#12619 = DIRECTION('',(-1.,0.,0.));
#12620 = ORIENTED_EDGE('',*,*,#12621,.F.);
#12621 = EDGE_CURVE('',#12593,#12613,#12622,.T.);
#12622 = LINE('',#12623,#12624);
#12623 = CARTESIAN_POINT('',(17.2,130.,663.));
#12624 = VECTOR('',#12625,1.);
#12625 = DIRECTION('',(0.,-0.,-1.));
#12626 = ORIENTED_EDGE('',*,*,#12592,.T.);
#12627 = ORIENTED_EDGE('',*,*,#12621,.T.);
#12628 = CYLINDRICAL_SURFACE('',#12629,2.8);
#12629 = AXIS2_PLACEMENT_3D('',#12630,#12631,#12632);
#12630 = CARTESIAN_POINT('',(20.,130.,663.));
#12631 = DIRECTION('',(-0.,-0.,-1.));
#12632 = DIRECTION('',(-1.,0.,0.));
#12633 = ADVANCED_FACE('',(#12634),#12637,.T.);
#12634 = FACE_BOUND('',#12635,.T.);
#12635 = EDGE_LOOP('',(#12636));
#12636 = ORIENTED_EDGE('',*,*,#12612,.T.);
#12637 = PLANE('',#12638);
#12638 = AXIS2_PLACEMENT_3D('',#12639,#12640,#12641);
#12639 = CARTESIAN_POINT('',(20.,130.,660.5));
#12640 = DIRECTION('',(-0.,-0.,-1.));
#12641 = DIRECTION('',(-1.,0.,0.));
#12642 = MANIFOLD_SOLID_BREP('',#12643);
#12643 = CLOSED_SHELL('',(#12644,#12679,#12696,#12717,#12742,#12762,
    #12787));
#12644 = ADVANCED_FACE('',(#12645),#12674,.T.);
#12645 = FACE_BOUND('',#12646,.T.);
#12646 = EDGE_LOOP('',(#12647,#12658,#12667));
#12647 = ORIENTED_EDGE('',*,*,#12648,.T.);
#12648 = EDGE_CURVE('',#12649,#12651,#12653,.T.);
#12649 = VERTEX_POINT('',#12650);
#12650 = CARTESIAN_POINT('',(1.7042E+03,70.,645.));
#12651 = VERTEX_POINT('',#12652);
#12652 = CARTESIAN_POINT('',(1.703E+03,70.,649.));
#12653 = CIRCLE('',#12654,7.266666666667);
#12654 = AXIS2_PLACEMENT_3D('',#12655,#12656,#12657);
#12655 = CARTESIAN_POINT('',(1.696933333333E+03,70.,645.));
#12656 = DIRECTION('',(-2.449293598295E-16,-1.,0.));
#12657 = DIRECTION('',(1.,-2.449293598295E-16,0.));
#12658 = ORIENTED_EDGE('',*,*,#12659,.T.);
#12659 = EDGE_CURVE('',#12651,#12660,#12662,.T.);
#12660 = VERTEX_POINT('',#12661);
#12661 = CARTESIAN_POINT('',(1.703E+03,70.,641.));
#12662 = CIRCLE('',#12663,4.);
#12663 = AXIS2_PLACEMENT_3D('',#12664,#12665,#12666);
#12664 = CARTESIAN_POINT('',(1.703E+03,70.,645.));
#12665 = DIRECTION('',(1.,0.,0.));
#12666 = DIRECTION('',(-0.,0.,1.));
#12667 = ORIENTED_EDGE('',*,*,#12668,.T.);
#12668 = EDGE_CURVE('',#12660,#12649,#12669,.T.);
#12669 = CIRCLE('',#12670,7.266666666667);
#12670 = AXIS2_PLACEMENT_3D('',#12671,#12672,#12673);
#12671 = CARTESIAN_POINT('',(1.696933333333E+03,70.,645.));
#12672 = DIRECTION('',(-2.449293598295E-16,-1.,0.));
#12673 = DIRECTION('',(1.,-2.449293598295E-16,0.));
#12674 = SPHERICAL_SURFACE('',#12675,7.266666666667);
#12675 = AXIS2_PLACEMENT_3D('',#12676,#12677,#12678);
#12676 = CARTESIAN_POINT('',(1.696933333333E+03,70.,645.));
#12677 = DIRECTION('',(0.,0.,1.));
#12678 = DIRECTION('',(1.,0.,-0.));
#12679 = ADVANCED_FACE('',(#12680),#12691,.T.);
#12680 = FACE_BOUND('',#12681,.T.);
#12681 = EDGE_LOOP('',(#12682,#12689,#12690));
#12682 = ORIENTED_EDGE('',*,*,#12683,.T.);
#12683 = EDGE_CURVE('',#12660,#12651,#12684,.T.);
#12684 = CIRCLE('',#12685,4.);
#12685 = AXIS2_PLACEMENT_3D('',#12686,#12687,#12688);
#12686 = CARTESIAN_POINT('',(1.703E+03,70.,645.));
#12687 = DIRECTION('',(1.,0.,0.));
#12688 = DIRECTION('',(-0.,0.,1.));
#12689 = ORIENTED_EDGE('',*,*,#12648,.F.);
#12690 = ORIENTED_EDGE('',*,*,#12668,.F.);
#12691 = SPHERICAL_SURFACE('',#12692,7.266666666667);
#12692 = AXIS2_PLACEMENT_3D('',#12693,#12694,#12695);
#12693 = CARTESIAN_POINT('',(1.696933333333E+03,70.,645.));
#12694 = DIRECTION('',(0.,0.,1.));
#12695 = DIRECTION('',(1.,0.,-0.));
#12696 = ADVANCED_FACE('',(#12697,#12701),#12712,.F.);
#12697 = FACE_BOUND('',#12698,.F.);
#12698 = EDGE_LOOP('',(#12699,#12700));
#12699 = ORIENTED_EDGE('',*,*,#12659,.T.);
#12700 = ORIENTED_EDGE('',*,*,#12683,.T.);
#12701 = FACE_BOUND('',#12702,.F.);
#12702 = EDGE_LOOP('',(#12703));
#12703 = ORIENTED_EDGE('',*,*,#12704,.T.);
#12704 = EDGE_CURVE('',#12705,#12705,#12707,.T.);
#12705 = VERTEX_POINT('',#12706);
#12706 = CARTESIAN_POINT('',(1.703E+03,70.,643.));
#12707 = CIRCLE('',#12708,2.);
#12708 = AXIS2_PLACEMENT_3D('',#12709,#12710,#12711);
#12709 = CARTESIAN_POINT('',(1.703E+03,70.,645.));
#12710 = DIRECTION('',(-1.,-0.,-0.));
#12711 = DIRECTION('',(0.,0.,-1.));
#12712 = PLANE('',#12713);
#12713 = AXIS2_PLACEMENT_3D('',#12714,#12715,#12716);
#12714 = CARTESIAN_POINT('',(1.703E+03,70.,645.));
#12715 = DIRECTION('',(1.,0.,0.));
#12716 = DIRECTION('',(-0.,0.,1.));
#12717 = ADVANCED_FACE('',(#12718),#12737,.T.);
#12718 = FACE_BOUND('',#12719,.T.);
#12719 = EDGE_LOOP('',(#12720,#12729,#12735,#12736));
#12720 = ORIENTED_EDGE('',*,*,#12721,.F.);
#12721 = EDGE_CURVE('',#12722,#12722,#12724,.T.);
#12722 = VERTEX_POINT('',#12723);
#12723 = CARTESIAN_POINT('',(1.698E+03,70.,643.));
#12724 = CIRCLE('',#12725,2.);
#12725 = AXIS2_PLACEMENT_3D('',#12726,#12727,#12728);
#12726 = CARTESIAN_POINT('',(1.698E+03,70.,645.));
#12727 = DIRECTION('',(-1.,-0.,-0.));
#12728 = DIRECTION('',(0.,0.,-1.));
#12729 = ORIENTED_EDGE('',*,*,#12730,.F.);
#12730 = EDGE_CURVE('',#12705,#12722,#12731,.T.);
#12731 = LINE('',#12732,#12733);
#12732 = CARTESIAN_POINT('',(1.703E+03,70.,643.));
#12733 = VECTOR('',#12734,1.);
#12734 = DIRECTION('',(-1.,0.,-0.));
#12735 = ORIENTED_EDGE('',*,*,#12704,.T.);
#12736 = ORIENTED_EDGE('',*,*,#12730,.T.);
#12737 = CYLINDRICAL_SURFACE('',#12738,2.);
#12738 = AXIS2_PLACEMENT_3D('',#12739,#12740,#12741);
#12739 = CARTESIAN_POINT('',(1.703E+03,70.,645.));
#12740 = DIRECTION('',(-1.,-0.,-0.));
#12741 = DIRECTION('',(0.,0.,-1.));
#12742 = ADVANCED_FACE('',(#12743,#12754),#12757,.F.);
#12743 = FACE_BOUND('',#12744,.F.);
#12744 = EDGE_LOOP('',(#12745));
#12745 = ORIENTED_EDGE('',*,*,#12746,.T.);
#12746 = EDGE_CURVE('',#12747,#12747,#12749,.T.);
#12747 = VERTEX_POINT('',#12748);
#12748 = CARTESIAN_POINT('',(1.698E+03,70.,642.2));
#12749 = CIRCLE('',#12750,2.8);
#12750 = AXIS2_PLACEMENT_3D('',#12751,#12752,#12753);
#12751 = CARTESIAN_POINT('',(1.698E+03,70.,645.));
#12752 = DIRECTION('',(-1.,-0.,-0.));
#12753 = DIRECTION('',(0.,0.,-1.));
#12754 = FACE_BOUND('',#12755,.F.);
#12755 = EDGE_LOOP('',(#12756));
#12756 = ORIENTED_EDGE('',*,*,#12721,.F.);
#12757 = PLANE('',#12758);
#12758 = AXIS2_PLACEMENT_3D('',#12759,#12760,#12761);
#12759 = CARTESIAN_POINT('',(1.698E+03,70.,645.));
#12760 = DIRECTION('',(-1.,-0.,-0.));
#12761 = DIRECTION('',(0.,0.,-1.));
#12762 = ADVANCED_FACE('',(#12763),#12782,.T.);
#12763 = FACE_BOUND('',#12764,.T.);
#12764 = EDGE_LOOP('',(#12765,#12774,#12780,#12781));
#12765 = ORIENTED_EDGE('',*,*,#12766,.F.);
#12766 = EDGE_CURVE('',#12767,#12767,#12769,.T.);
#12767 = VERTEX_POINT('',#12768);
#12768 = CARTESIAN_POINT('',(1.6955E+03,70.,642.2));
#12769 = CIRCLE('',#12770,2.8);
#12770 = AXIS2_PLACEMENT_3D('',#12771,#12772,#12773);
#12771 = CARTESIAN_POINT('',(1.6955E+03,70.,645.));
#12772 = DIRECTION('',(-1.,-0.,-0.));
#12773 = DIRECTION('',(0.,0.,-1.));
#12774 = ORIENTED_EDGE('',*,*,#12775,.F.);
#12775 = EDGE_CURVE('',#12747,#12767,#12776,.T.);
#12776 = LINE('',#12777,#12778);
#12777 = CARTESIAN_POINT('',(1.698E+03,70.,642.2));
#12778 = VECTOR('',#12779,1.);
#12779 = DIRECTION('',(-1.,0.,-0.));
#12780 = ORIENTED_EDGE('',*,*,#12746,.T.);
#12781 = ORIENTED_EDGE('',*,*,#12775,.T.);
#12782 = CYLINDRICAL_SURFACE('',#12783,2.8);
#12783 = AXIS2_PLACEMENT_3D('',#12784,#12785,#12786);
#12784 = CARTESIAN_POINT('',(1.698E+03,70.,645.));
#12785 = DIRECTION('',(-1.,-0.,-0.));
#12786 = DIRECTION('',(0.,0.,-1.));
#12787 = ADVANCED_FACE('',(#12788),#12791,.T.);
#12788 = FACE_BOUND('',#12789,.T.);
#12789 = EDGE_LOOP('',(#12790));
#12790 = ORIENTED_EDGE('',*,*,#12766,.T.);
#12791 = PLANE('',#12792);
#12792 = AXIS2_PLACEMENT_3D('',#12793,#12794,#12795);
#12793 = CARTESIAN_POINT('',(1.6955E+03,70.,645.));
#12794 = DIRECTION('',(-1.,-0.,-0.));
#12795 = DIRECTION('',(0.,0.,-1.));
#12796 = MANIFOLD_SOLID_BREP('',#12797);
#12797 = CLOSED_SHELL('',(#12798,#12833,#12850,#12871,#12896,#12916,
    #12941));
#12798 = ADVANCED_FACE('',(#12799),#12828,.T.);
#12799 = FACE_BOUND('',#12800,.T.);
#12800 = EDGE_LOOP('',(#12801,#12812,#12821));
#12801 = ORIENTED_EDGE('',*,*,#12802,.T.);
#12802 = EDGE_CURVE('',#12803,#12805,#12807,.T.);
#12803 = VERTEX_POINT('',#12804);
#12804 = CARTESIAN_POINT('',(1.7042E+03,190.,645.));
#12805 = VERTEX_POINT('',#12806);
#12806 = CARTESIAN_POINT('',(1.703E+03,190.,649.));
#12807 = CIRCLE('',#12808,7.266666666667);
#12808 = AXIS2_PLACEMENT_3D('',#12809,#12810,#12811);
#12809 = CARTESIAN_POINT('',(1.696933333333E+03,190.,645.));
#12810 = DIRECTION('',(-2.449293598295E-16,-1.,0.));
#12811 = DIRECTION('',(1.,-2.449293598295E-16,0.));
#12812 = ORIENTED_EDGE('',*,*,#12813,.T.);
#12813 = EDGE_CURVE('',#12805,#12814,#12816,.T.);
#12814 = VERTEX_POINT('',#12815);
#12815 = CARTESIAN_POINT('',(1.703E+03,190.,641.));
#12816 = CIRCLE('',#12817,4.);
#12817 = AXIS2_PLACEMENT_3D('',#12818,#12819,#12820);
#12818 = CARTESIAN_POINT('',(1.703E+03,190.,645.));
#12819 = DIRECTION('',(1.,0.,0.));
#12820 = DIRECTION('',(-0.,0.,1.));
#12821 = ORIENTED_EDGE('',*,*,#12822,.T.);
#12822 = EDGE_CURVE('',#12814,#12803,#12823,.T.);
#12823 = CIRCLE('',#12824,7.266666666667);
#12824 = AXIS2_PLACEMENT_3D('',#12825,#12826,#12827);
#12825 = CARTESIAN_POINT('',(1.696933333333E+03,190.,645.));
#12826 = DIRECTION('',(-2.449293598295E-16,-1.,0.));
#12827 = DIRECTION('',(1.,-2.449293598295E-16,0.));
#12828 = SPHERICAL_SURFACE('',#12829,7.266666666667);
#12829 = AXIS2_PLACEMENT_3D('',#12830,#12831,#12832);
#12830 = CARTESIAN_POINT('',(1.696933333333E+03,190.,645.));
#12831 = DIRECTION('',(0.,0.,1.));
#12832 = DIRECTION('',(1.,0.,-0.));
#12833 = ADVANCED_FACE('',(#12834),#12845,.T.);
#12834 = FACE_BOUND('',#12835,.T.);
#12835 = EDGE_LOOP('',(#12836,#12843,#12844));
#12836 = ORIENTED_EDGE('',*,*,#12837,.T.);
#12837 = EDGE_CURVE('',#12814,#12805,#12838,.T.);
#12838 = CIRCLE('',#12839,4.);
#12839 = AXIS2_PLACEMENT_3D('',#12840,#12841,#12842);
#12840 = CARTESIAN_POINT('',(1.703E+03,190.,645.));
#12841 = DIRECTION('',(1.,0.,0.));
#12842 = DIRECTION('',(-0.,0.,1.));
#12843 = ORIENTED_EDGE('',*,*,#12802,.F.);
#12844 = ORIENTED_EDGE('',*,*,#12822,.F.);
#12845 = SPHERICAL_SURFACE('',#12846,7.266666666667);
#12846 = AXIS2_PLACEMENT_3D('',#12847,#12848,#12849);
#12847 = CARTESIAN_POINT('',(1.696933333333E+03,190.,645.));
#12848 = DIRECTION('',(0.,0.,1.));
#12849 = DIRECTION('',(1.,0.,-0.));
#12850 = ADVANCED_FACE('',(#12851,#12855),#12866,.F.);
#12851 = FACE_BOUND('',#12852,.F.);
#12852 = EDGE_LOOP('',(#12853,#12854));
#12853 = ORIENTED_EDGE('',*,*,#12813,.T.);
#12854 = ORIENTED_EDGE('',*,*,#12837,.T.);
#12855 = FACE_BOUND('',#12856,.F.);
#12856 = EDGE_LOOP('',(#12857));
#12857 = ORIENTED_EDGE('',*,*,#12858,.T.);
#12858 = EDGE_CURVE('',#12859,#12859,#12861,.T.);
#12859 = VERTEX_POINT('',#12860);
#12860 = CARTESIAN_POINT('',(1.703E+03,190.,643.));
#12861 = CIRCLE('',#12862,2.);
#12862 = AXIS2_PLACEMENT_3D('',#12863,#12864,#12865);
#12863 = CARTESIAN_POINT('',(1.703E+03,190.,645.));
#12864 = DIRECTION('',(-1.,-0.,-0.));
#12865 = DIRECTION('',(0.,0.,-1.));
#12866 = PLANE('',#12867);
#12867 = AXIS2_PLACEMENT_3D('',#12868,#12869,#12870);
#12868 = CARTESIAN_POINT('',(1.703E+03,190.,645.));
#12869 = DIRECTION('',(1.,0.,0.));
#12870 = DIRECTION('',(-0.,0.,1.));
#12871 = ADVANCED_FACE('',(#12872),#12891,.T.);
#12872 = FACE_BOUND('',#12873,.T.);
#12873 = EDGE_LOOP('',(#12874,#12883,#12889,#12890));
#12874 = ORIENTED_EDGE('',*,*,#12875,.F.);
#12875 = EDGE_CURVE('',#12876,#12876,#12878,.T.);
#12876 = VERTEX_POINT('',#12877);
#12877 = CARTESIAN_POINT('',(1.698E+03,190.,643.));
#12878 = CIRCLE('',#12879,2.);
#12879 = AXIS2_PLACEMENT_3D('',#12880,#12881,#12882);
#12880 = CARTESIAN_POINT('',(1.698E+03,190.,645.));
#12881 = DIRECTION('',(-1.,-0.,-0.));
#12882 = DIRECTION('',(0.,0.,-1.));
#12883 = ORIENTED_EDGE('',*,*,#12884,.F.);
#12884 = EDGE_CURVE('',#12859,#12876,#12885,.T.);
#12885 = LINE('',#12886,#12887);
#12886 = CARTESIAN_POINT('',(1.703E+03,190.,643.));
#12887 = VECTOR('',#12888,1.);
#12888 = DIRECTION('',(-1.,0.,-0.));
#12889 = ORIENTED_EDGE('',*,*,#12858,.T.);
#12890 = ORIENTED_EDGE('',*,*,#12884,.T.);
#12891 = CYLINDRICAL_SURFACE('',#12892,2.);
#12892 = AXIS2_PLACEMENT_3D('',#12893,#12894,#12895);
#12893 = CARTESIAN_POINT('',(1.703E+03,190.,645.));
#12894 = DIRECTION('',(-1.,-0.,-0.));
#12895 = DIRECTION('',(0.,0.,-1.));
#12896 = ADVANCED_FACE('',(#12897,#12908),#12911,.F.);
#12897 = FACE_BOUND('',#12898,.F.);
#12898 = EDGE_LOOP('',(#12899));
#12899 = ORIENTED_EDGE('',*,*,#12900,.T.);
#12900 = EDGE_CURVE('',#12901,#12901,#12903,.T.);
#12901 = VERTEX_POINT('',#12902);
#12902 = CARTESIAN_POINT('',(1.698E+03,190.,642.2));
#12903 = CIRCLE('',#12904,2.8);
#12904 = AXIS2_PLACEMENT_3D('',#12905,#12906,#12907);
#12905 = CARTESIAN_POINT('',(1.698E+03,190.,645.));
#12906 = DIRECTION('',(-1.,-0.,-0.));
#12907 = DIRECTION('',(0.,0.,-1.));
#12908 = FACE_BOUND('',#12909,.F.);
#12909 = EDGE_LOOP('',(#12910));
#12910 = ORIENTED_EDGE('',*,*,#12875,.F.);
#12911 = PLANE('',#12912);
#12912 = AXIS2_PLACEMENT_3D('',#12913,#12914,#12915);
#12913 = CARTESIAN_POINT('',(1.698E+03,190.,645.));
#12914 = DIRECTION('',(-1.,-0.,-0.));
#12915 = DIRECTION('',(0.,0.,-1.));
#12916 = ADVANCED_FACE('',(#12917),#12936,.T.);
#12917 = FACE_BOUND('',#12918,.T.);
#12918 = EDGE_LOOP('',(#12919,#12928,#12934,#12935));
#12919 = ORIENTED_EDGE('',*,*,#12920,.F.);
#12920 = EDGE_CURVE('',#12921,#12921,#12923,.T.);
#12921 = VERTEX_POINT('',#12922);
#12922 = CARTESIAN_POINT('',(1.6955E+03,190.,642.2));
#12923 = CIRCLE('',#12924,2.8);
#12924 = AXIS2_PLACEMENT_3D('',#12925,#12926,#12927);
#12925 = CARTESIAN_POINT('',(1.6955E+03,190.,645.));
#12926 = DIRECTION('',(-1.,-0.,-0.));
#12927 = DIRECTION('',(0.,0.,-1.));
#12928 = ORIENTED_EDGE('',*,*,#12929,.F.);
#12929 = EDGE_CURVE('',#12901,#12921,#12930,.T.);
#12930 = LINE('',#12931,#12932);
#12931 = CARTESIAN_POINT('',(1.698E+03,190.,642.2));
#12932 = VECTOR('',#12933,1.);
#12933 = DIRECTION('',(-1.,0.,-0.));
#12934 = ORIENTED_EDGE('',*,*,#12900,.T.);
#12935 = ORIENTED_EDGE('',*,*,#12929,.T.);
#12936 = CYLINDRICAL_SURFACE('',#12937,2.8);
#12937 = AXIS2_PLACEMENT_3D('',#12938,#12939,#12940);
#12938 = CARTESIAN_POINT('',(1.698E+03,190.,645.));
#12939 = DIRECTION('',(-1.,-0.,-0.));
#12940 = DIRECTION('',(0.,0.,-1.));
#12941 = ADVANCED_FACE('',(#12942),#12945,.T.);
#12942 = FACE_BOUND('',#12943,.T.);
#12943 = EDGE_LOOP('',(#12944));
#12944 = ORIENTED_EDGE('',*,*,#12920,.T.);
#12945 = PLANE('',#12946);
#12946 = AXIS2_PLACEMENT_3D('',#12947,#12948,#12949);
#12947 = CARTESIAN_POINT('',(1.6955E+03,190.,645.));
#12948 = DIRECTION('',(-1.,-0.,-0.));
#12949 = DIRECTION('',(0.,0.,-1.));
#12950 = MANIFOLD_SOLID_BREP('',#12951);
#12951 = CLOSED_SHELL('',(#12952,#12979,#12999,#13024,#13044,#13069));
#12952 = ADVANCED_FACE('',(#12953),#12974,.T.);
#12953 = FACE_BOUND('',#12954,.T.);
#12954 = EDGE_LOOP('',(#12955,#12966,#12967));
#12955 = ORIENTED_EDGE('',*,*,#12956,.T.);
#12956 = EDGE_CURVE('',#12957,#12959,#12961,.T.);
#12957 = VERTEX_POINT('',#12958);
#12958 = CARTESIAN_POINT('',(1.684E+03,130.,666.5));
#12959 = VERTEX_POINT('',#12960);
#12960 = CARTESIAN_POINT('',(1.68E+03,130.,667.7));
#12961 = CIRCLE('',#12962,7.266666666667);
#12962 = AXIS2_PLACEMENT_3D('',#12963,#12964,#12965);
#12963 = CARTESIAN_POINT('',(1.68E+03,130.,660.43333333333));
#12964 = DIRECTION('',(-2.449293598295E-16,-1.,0.));
#12965 = DIRECTION('',(1.,-2.449293598295E-16,0.));
#12966 = ORIENTED_EDGE('',*,*,#12956,.F.);
#12967 = ORIENTED_EDGE('',*,*,#12968,.T.);
#12968 = EDGE_CURVE('',#12957,#12957,#12969,.T.);
#12969 = CIRCLE('',#12970,4.);
#12970 = AXIS2_PLACEMENT_3D('',#12971,#12972,#12973);
#12971 = CARTESIAN_POINT('',(1.68E+03,130.,666.5));
#12972 = DIRECTION('',(0.,0.,1.));
#12973 = DIRECTION('',(1.,0.,-0.));
#12974 = SPHERICAL_SURFACE('',#12975,7.266666666667);
#12975 = AXIS2_PLACEMENT_3D('',#12976,#12977,#12978);
#12976 = CARTESIAN_POINT('',(1.68E+03,130.,660.43333333333));
#12977 = DIRECTION('',(0.,0.,1.));
#12978 = DIRECTION('',(1.,0.,-0.));
#12979 = ADVANCED_FACE('',(#12980,#12983),#12994,.F.);
#12980 = FACE_BOUND('',#12981,.F.);
#12981 = EDGE_LOOP('',(#12982));
#12982 = ORIENTED_EDGE('',*,*,#12968,.T.);
#12983 = FACE_BOUND('',#12984,.F.);
#12984 = EDGE_LOOP('',(#12985));
#12985 = ORIENTED_EDGE('',*,*,#12986,.T.);
#12986 = EDGE_CURVE('',#12987,#12987,#12989,.T.);
#12987 = VERTEX_POINT('',#12988);
#12988 = CARTESIAN_POINT('',(1.678E+03,130.,666.5));
#12989 = CIRCLE('',#12990,2.);
#12990 = AXIS2_PLACEMENT_3D('',#12991,#12992,#12993);
#12991 = CARTESIAN_POINT('',(1.68E+03,130.,666.5));
#12992 = DIRECTION('',(-0.,0.,-1.));
#12993 = DIRECTION('',(-1.,0.,0.));
#12994 = PLANE('',#12995);
#12995 = AXIS2_PLACEMENT_3D('',#12996,#12997,#12998);
#12996 = CARTESIAN_POINT('',(1.68E+03,130.,666.5));
#12997 = DIRECTION('',(0.,0.,1.));
#12998 = DIRECTION('',(1.,0.,-0.));
#12999 = ADVANCED_FACE('',(#13000),#13019,.T.);
#13000 = FACE_BOUND('',#13001,.T.);
#13001 = EDGE_LOOP('',(#13002,#13011,#13017,#13018));
#13002 = ORIENTED_EDGE('',*,*,#13003,.F.);
#13003 = EDGE_CURVE('',#13004,#13004,#13006,.T.);
#13004 = VERTEX_POINT('',#13005);
#13005 = CARTESIAN_POINT('',(1.678E+03,130.,663.));
#13006 = CIRCLE('',#13007,2.);
#13007 = AXIS2_PLACEMENT_3D('',#13008,#13009,#13010);
#13008 = CARTESIAN_POINT('',(1.68E+03,130.,663.));
#13009 = DIRECTION('',(-0.,0.,-1.));
#13010 = DIRECTION('',(-1.,0.,0.));
#13011 = ORIENTED_EDGE('',*,*,#13012,.F.);
#13012 = EDGE_CURVE('',#12987,#13004,#13013,.T.);
#13013 = LINE('',#13014,#13015);
#13014 = CARTESIAN_POINT('',(1.678E+03,130.,666.5));
#13015 = VECTOR('',#13016,1.);
#13016 = DIRECTION('',(0.,-0.,-1.));
#13017 = ORIENTED_EDGE('',*,*,#12986,.T.);
#13018 = ORIENTED_EDGE('',*,*,#13012,.T.);
#13019 = CYLINDRICAL_SURFACE('',#13020,2.);
#13020 = AXIS2_PLACEMENT_3D('',#13021,#13022,#13023);
#13021 = CARTESIAN_POINT('',(1.68E+03,130.,666.5));
#13022 = DIRECTION('',(-0.,-0.,-1.));
#13023 = DIRECTION('',(-1.,0.,0.));
#13024 = ADVANCED_FACE('',(#13025,#13036),#13039,.F.);
#13025 = FACE_BOUND('',#13026,.F.);
#13026 = EDGE_LOOP('',(#13027));
#13027 = ORIENTED_EDGE('',*,*,#13028,.T.);
#13028 = EDGE_CURVE('',#13029,#13029,#13031,.T.);
#13029 = VERTEX_POINT('',#13030);
#13030 = CARTESIAN_POINT('',(1.6772E+03,130.,663.));
#13031 = CIRCLE('',#13032,2.8);
#13032 = AXIS2_PLACEMENT_3D('',#13033,#13034,#13035);
#13033 = CARTESIAN_POINT('',(1.68E+03,130.,663.));
#13034 = DIRECTION('',(-0.,0.,-1.));
#13035 = DIRECTION('',(-1.,0.,0.));
#13036 = FACE_BOUND('',#13037,.F.);
#13037 = EDGE_LOOP('',(#13038));
#13038 = ORIENTED_EDGE('',*,*,#13003,.F.);
#13039 = PLANE('',#13040);
#13040 = AXIS2_PLACEMENT_3D('',#13041,#13042,#13043);
#13041 = CARTESIAN_POINT('',(1.68E+03,130.,663.));
#13042 = DIRECTION('',(-0.,-0.,-1.));
#13043 = DIRECTION('',(-1.,0.,0.));
#13044 = ADVANCED_FACE('',(#13045),#13064,.T.);
#13045 = FACE_BOUND('',#13046,.T.);
#13046 = EDGE_LOOP('',(#13047,#13056,#13062,#13063));
#13047 = ORIENTED_EDGE('',*,*,#13048,.F.);
#13048 = EDGE_CURVE('',#13049,#13049,#13051,.T.);
#13049 = VERTEX_POINT('',#13050);
#13050 = CARTESIAN_POINT('',(1.6772E+03,130.,660.5));
#13051 = CIRCLE('',#13052,2.8);
#13052 = AXIS2_PLACEMENT_3D('',#13053,#13054,#13055);
#13053 = CARTESIAN_POINT('',(1.68E+03,130.,660.5));
#13054 = DIRECTION('',(-0.,0.,-1.));
#13055 = DIRECTION('',(-1.,0.,0.));
#13056 = ORIENTED_EDGE('',*,*,#13057,.F.);
#13057 = EDGE_CURVE('',#13029,#13049,#13058,.T.);
#13058 = LINE('',#13059,#13060);
#13059 = CARTESIAN_POINT('',(1.6772E+03,130.,663.));
#13060 = VECTOR('',#13061,1.);
#13061 = DIRECTION('',(0.,-0.,-1.));
#13062 = ORIENTED_EDGE('',*,*,#13028,.T.);
#13063 = ORIENTED_EDGE('',*,*,#13057,.T.);
#13064 = CYLINDRICAL_SURFACE('',#13065,2.8);
#13065 = AXIS2_PLACEMENT_3D('',#13066,#13067,#13068);
#13066 = CARTESIAN_POINT('',(1.68E+03,130.,663.));
#13067 = DIRECTION('',(-0.,-0.,-1.));
#13068 = DIRECTION('',(-1.,0.,0.));
#13069 = ADVANCED_FACE('',(#13070),#13073,.T.);
#13070 = FACE_BOUND('',#13071,.T.);
#13071 = EDGE_LOOP('',(#13072));
#13072 = ORIENTED_EDGE('',*,*,#13048,.T.);
#13073 = PLANE('',#13074);
#13074 = AXIS2_PLACEMENT_3D('',#13075,#13076,#13077);
#13075 = CARTESIAN_POINT('',(1.68E+03,130.,660.5));
#13076 = DIRECTION('',(-0.,-0.,-1.));
#13077 = DIRECTION('',(-1.,0.,0.));
#13078 = MANIFOLD_SOLID_BREP('',#13079);
#13079 = CLOSED_SHELL('',(#13080,#13097,#13117,#13142,#13162,#13187));
#13080 = ADVANCED_FACE('',(#13081),#13092,.T.);
#13081 = FACE_BOUND('',#13082,.T.);
#13082 = EDGE_LOOP('',(#13083));
#13083 = ORIENTED_EDGE('',*,*,#13084,.T.);
#13084 = EDGE_CURVE('',#13085,#13085,#13087,.T.);
#13085 = VERTEX_POINT('',#13086);
#13086 = CARTESIAN_POINT('',(-3.,70.,956.));
#13087 = CIRCLE('',#13088,4.);
#13088 = AXIS2_PLACEMENT_3D('',#13089,#13090,#13091);
#13089 = CARTESIAN_POINT('',(-3.,70.,960.));
#13090 = DIRECTION('',(-1.,0.,0.));
#13091 = DIRECTION('',(0.,0.,-1.));
#13092 = SPHERICAL_SURFACE('',#13093,7.266666666667);
#13093 = AXIS2_PLACEMENT_3D('',#13094,#13095,#13096);
#13094 = CARTESIAN_POINT('',(3.066666666667,70.,960.));
#13095 = DIRECTION('',(0.,0.,1.));
#13096 = DIRECTION('',(1.,0.,-0.));
#13097 = ADVANCED_FACE('',(#13098,#13101),#13112,.F.);
#13098 = FACE_BOUND('',#13099,.F.);
#13099 = EDGE_LOOP('',(#13100));
#13100 = ORIENTED_EDGE('',*,*,#13084,.T.);
#13101 = FACE_BOUND('',#13102,.F.);
#13102 = EDGE_LOOP('',(#13103));
#13103 = ORIENTED_EDGE('',*,*,#13104,.T.);
#13104 = EDGE_CURVE('',#13105,#13105,#13107,.T.);
#13105 = VERTEX_POINT('',#13106);
#13106 = CARTESIAN_POINT('',(-3.,70.,962.));
#13107 = CIRCLE('',#13108,2.);
#13108 = AXIS2_PLACEMENT_3D('',#13109,#13110,#13111);
#13109 = CARTESIAN_POINT('',(-3.,70.,960.));
#13110 = DIRECTION('',(1.,0.,-0.));
#13111 = DIRECTION('',(0.,0.,1.));
#13112 = PLANE('',#13113);
#13113 = AXIS2_PLACEMENT_3D('',#13114,#13115,#13116);
#13114 = CARTESIAN_POINT('',(-3.,70.,960.));
#13115 = DIRECTION('',(-1.,0.,0.));
#13116 = DIRECTION('',(0.,0.,-1.));
#13117 = ADVANCED_FACE('',(#13118),#13137,.T.);
#13118 = FACE_BOUND('',#13119,.T.);
#13119 = EDGE_LOOP('',(#13120,#13129,#13135,#13136));
#13120 = ORIENTED_EDGE('',*,*,#13121,.F.);
#13121 = EDGE_CURVE('',#13122,#13122,#13124,.T.);
#13122 = VERTEX_POINT('',#13123);
#13123 = CARTESIAN_POINT('',(2.,70.,962.));
#13124 = CIRCLE('',#13125,2.);
#13125 = AXIS2_PLACEMENT_3D('',#13126,#13127,#13128);
#13126 = CARTESIAN_POINT('',(2.,70.,960.));
#13127 = DIRECTION('',(1.,0.,-0.));
#13128 = DIRECTION('',(0.,0.,1.));
#13129 = ORIENTED_EDGE('',*,*,#13130,.F.);
#13130 = EDGE_CURVE('',#13105,#13122,#13131,.T.);
#13131 = LINE('',#13132,#13133);
#13132 = CARTESIAN_POINT('',(-3.,70.,962.));
#13133 = VECTOR('',#13134,1.);
#13134 = DIRECTION('',(1.,0.,0.));
#13135 = ORIENTED_EDGE('',*,*,#13104,.T.);
#13136 = ORIENTED_EDGE('',*,*,#13130,.T.);
#13137 = CYLINDRICAL_SURFACE('',#13138,2.);
#13138 = AXIS2_PLACEMENT_3D('',#13139,#13140,#13141);
#13139 = CARTESIAN_POINT('',(-3.,70.,960.));
#13140 = DIRECTION('',(1.,-0.,-0.));
#13141 = DIRECTION('',(0.,0.,1.));
#13142 = ADVANCED_FACE('',(#13143,#13154),#13157,.F.);
#13143 = FACE_BOUND('',#13144,.F.);
#13144 = EDGE_LOOP('',(#13145));
#13145 = ORIENTED_EDGE('',*,*,#13146,.T.);
#13146 = EDGE_CURVE('',#13147,#13147,#13149,.T.);
#13147 = VERTEX_POINT('',#13148);
#13148 = CARTESIAN_POINT('',(2.,70.,962.8));
#13149 = CIRCLE('',#13150,2.8);
#13150 = AXIS2_PLACEMENT_3D('',#13151,#13152,#13153);
#13151 = CARTESIAN_POINT('',(2.,70.,960.));
#13152 = DIRECTION('',(1.,0.,-0.));
#13153 = DIRECTION('',(0.,0.,1.));
#13154 = FACE_BOUND('',#13155,.F.);
#13155 = EDGE_LOOP('',(#13156));
#13156 = ORIENTED_EDGE('',*,*,#13121,.F.);
#13157 = PLANE('',#13158);
#13158 = AXIS2_PLACEMENT_3D('',#13159,#13160,#13161);
#13159 = CARTESIAN_POINT('',(2.,70.,960.));
#13160 = DIRECTION('',(1.,-0.,-0.));
#13161 = DIRECTION('',(0.,0.,1.));
#13162 = ADVANCED_FACE('',(#13163),#13182,.T.);
#13163 = FACE_BOUND('',#13164,.T.);
#13164 = EDGE_LOOP('',(#13165,#13174,#13180,#13181));
#13165 = ORIENTED_EDGE('',*,*,#13166,.F.);
#13166 = EDGE_CURVE('',#13167,#13167,#13169,.T.);
#13167 = VERTEX_POINT('',#13168);
#13168 = CARTESIAN_POINT('',(4.5,70.,962.8));
#13169 = CIRCLE('',#13170,2.8);
#13170 = AXIS2_PLACEMENT_3D('',#13171,#13172,#13173);
#13171 = CARTESIAN_POINT('',(4.5,70.,960.));
#13172 = DIRECTION('',(1.,0.,-0.));
#13173 = DIRECTION('',(0.,0.,1.));
#13174 = ORIENTED_EDGE('',*,*,#13175,.F.);
#13175 = EDGE_CURVE('',#13147,#13167,#13176,.T.);
#13176 = LINE('',#13177,#13178);
#13177 = CARTESIAN_POINT('',(2.,70.,962.8));
#13178 = VECTOR('',#13179,1.);
#13179 = DIRECTION('',(1.,0.,0.));
#13180 = ORIENTED_EDGE('',*,*,#13146,.T.);
#13181 = ORIENTED_EDGE('',*,*,#13175,.T.);
#13182 = CYLINDRICAL_SURFACE('',#13183,2.8);
#13183 = AXIS2_PLACEMENT_3D('',#13184,#13185,#13186);
#13184 = CARTESIAN_POINT('',(2.,70.,960.));
#13185 = DIRECTION('',(1.,-0.,-0.));
#13186 = DIRECTION('',(0.,0.,1.));
#13187 = ADVANCED_FACE('',(#13188),#13191,.T.);
#13188 = FACE_BOUND('',#13189,.T.);
#13189 = EDGE_LOOP('',(#13190));
#13190 = ORIENTED_EDGE('',*,*,#13166,.T.);
#13191 = PLANE('',#13192);
#13192 = AXIS2_PLACEMENT_3D('',#13193,#13194,#13195);
#13193 = CARTESIAN_POINT('',(4.5,70.,960.));
#13194 = DIRECTION('',(1.,-0.,-0.));
#13195 = DIRECTION('',(0.,0.,1.));
#13196 = MANIFOLD_SOLID_BREP('',#13197);
#13197 = CLOSED_SHELL('',(#13198,#13215,#13235,#13260,#13280,#13305));
#13198 = ADVANCED_FACE('',(#13199),#13210,.T.);
#13199 = FACE_BOUND('',#13200,.T.);
#13200 = EDGE_LOOP('',(#13201));
#13201 = ORIENTED_EDGE('',*,*,#13202,.T.);
#13202 = EDGE_CURVE('',#13203,#13203,#13205,.T.);
#13203 = VERTEX_POINT('',#13204);
#13204 = CARTESIAN_POINT('',(-3.,190.,956.));
#13205 = CIRCLE('',#13206,4.);
#13206 = AXIS2_PLACEMENT_3D('',#13207,#13208,#13209);
#13207 = CARTESIAN_POINT('',(-3.,190.,960.));
#13208 = DIRECTION('',(-1.,0.,0.));
#13209 = DIRECTION('',(0.,0.,-1.));
#13210 = SPHERICAL_SURFACE('',#13211,7.266666666667);
#13211 = AXIS2_PLACEMENT_3D('',#13212,#13213,#13214);
#13212 = CARTESIAN_POINT('',(3.066666666667,190.,960.));
#13213 = DIRECTION('',(0.,0.,1.));
#13214 = DIRECTION('',(1.,0.,-0.));
#13215 = ADVANCED_FACE('',(#13216,#13219),#13230,.F.);
#13216 = FACE_BOUND('',#13217,.F.);
#13217 = EDGE_LOOP('',(#13218));
#13218 = ORIENTED_EDGE('',*,*,#13202,.T.);
#13219 = FACE_BOUND('',#13220,.F.);
#13220 = EDGE_LOOP('',(#13221));
#13221 = ORIENTED_EDGE('',*,*,#13222,.T.);
#13222 = EDGE_CURVE('',#13223,#13223,#13225,.T.);
#13223 = VERTEX_POINT('',#13224);
#13224 = CARTESIAN_POINT('',(-3.,190.,962.));
#13225 = CIRCLE('',#13226,2.);
#13226 = AXIS2_PLACEMENT_3D('',#13227,#13228,#13229);
#13227 = CARTESIAN_POINT('',(-3.,190.,960.));
#13228 = DIRECTION('',(1.,0.,-0.));
#13229 = DIRECTION('',(0.,0.,1.));
#13230 = PLANE('',#13231);
#13231 = AXIS2_PLACEMENT_3D('',#13232,#13233,#13234);
#13232 = CARTESIAN_POINT('',(-3.,190.,960.));
#13233 = DIRECTION('',(-1.,0.,0.));
#13234 = DIRECTION('',(0.,0.,-1.));
#13235 = ADVANCED_FACE('',(#13236),#13255,.T.);
#13236 = FACE_BOUND('',#13237,.T.);
#13237 = EDGE_LOOP('',(#13238,#13247,#13253,#13254));
#13238 = ORIENTED_EDGE('',*,*,#13239,.F.);
#13239 = EDGE_CURVE('',#13240,#13240,#13242,.T.);
#13240 = VERTEX_POINT('',#13241);
#13241 = CARTESIAN_POINT('',(2.,190.,962.));
#13242 = CIRCLE('',#13243,2.);
#13243 = AXIS2_PLACEMENT_3D('',#13244,#13245,#13246);
#13244 = CARTESIAN_POINT('',(2.,190.,960.));
#13245 = DIRECTION('',(1.,0.,-0.));
#13246 = DIRECTION('',(0.,0.,1.));
#13247 = ORIENTED_EDGE('',*,*,#13248,.F.);
#13248 = EDGE_CURVE('',#13223,#13240,#13249,.T.);
#13249 = LINE('',#13250,#13251);
#13250 = CARTESIAN_POINT('',(-3.,190.,962.));
#13251 = VECTOR('',#13252,1.);
#13252 = DIRECTION('',(1.,0.,0.));
#13253 = ORIENTED_EDGE('',*,*,#13222,.T.);
#13254 = ORIENTED_EDGE('',*,*,#13248,.T.);
#13255 = CYLINDRICAL_SURFACE('',#13256,2.);
#13256 = AXIS2_PLACEMENT_3D('',#13257,#13258,#13259);
#13257 = CARTESIAN_POINT('',(-3.,190.,960.));
#13258 = DIRECTION('',(1.,-0.,-0.));
#13259 = DIRECTION('',(0.,0.,1.));
#13260 = ADVANCED_FACE('',(#13261,#13272),#13275,.F.);
#13261 = FACE_BOUND('',#13262,.F.);
#13262 = EDGE_LOOP('',(#13263));
#13263 = ORIENTED_EDGE('',*,*,#13264,.T.);
#13264 = EDGE_CURVE('',#13265,#13265,#13267,.T.);
#13265 = VERTEX_POINT('',#13266);
#13266 = CARTESIAN_POINT('',(2.,190.,962.8));
#13267 = CIRCLE('',#13268,2.8);
#13268 = AXIS2_PLACEMENT_3D('',#13269,#13270,#13271);
#13269 = CARTESIAN_POINT('',(2.,190.,960.));
#13270 = DIRECTION('',(1.,0.,-0.));
#13271 = DIRECTION('',(0.,0.,1.));
#13272 = FACE_BOUND('',#13273,.F.);
#13273 = EDGE_LOOP('',(#13274));
#13274 = ORIENTED_EDGE('',*,*,#13239,.F.);
#13275 = PLANE('',#13276);
#13276 = AXIS2_PLACEMENT_3D('',#13277,#13278,#13279);
#13277 = CARTESIAN_POINT('',(2.,190.,960.));
#13278 = DIRECTION('',(1.,-0.,-0.));
#13279 = DIRECTION('',(0.,0.,1.));
#13280 = ADVANCED_FACE('',(#13281),#13300,.T.);
#13281 = FACE_BOUND('',#13282,.T.);
#13282 = EDGE_LOOP('',(#13283,#13292,#13298,#13299));
#13283 = ORIENTED_EDGE('',*,*,#13284,.F.);
#13284 = EDGE_CURVE('',#13285,#13285,#13287,.T.);
#13285 = VERTEX_POINT('',#13286);
#13286 = CARTESIAN_POINT('',(4.5,190.,962.8));
#13287 = CIRCLE('',#13288,2.8);
#13288 = AXIS2_PLACEMENT_3D('',#13289,#13290,#13291);
#13289 = CARTESIAN_POINT('',(4.5,190.,960.));
#13290 = DIRECTION('',(1.,0.,-0.));
#13291 = DIRECTION('',(0.,0.,1.));
#13292 = ORIENTED_EDGE('',*,*,#13293,.F.);
#13293 = EDGE_CURVE('',#13265,#13285,#13294,.T.);
#13294 = LINE('',#13295,#13296);
#13295 = CARTESIAN_POINT('',(2.,190.,962.8));
#13296 = VECTOR('',#13297,1.);
#13297 = DIRECTION('',(1.,0.,0.));
#13298 = ORIENTED_EDGE('',*,*,#13264,.T.);
#13299 = ORIENTED_EDGE('',*,*,#13293,.T.);
#13300 = CYLINDRICAL_SURFACE('',#13301,2.8);
#13301 = AXIS2_PLACEMENT_3D('',#13302,#13303,#13304);
#13302 = CARTESIAN_POINT('',(2.,190.,960.));
#13303 = DIRECTION('',(1.,-0.,-0.));
#13304 = DIRECTION('',(0.,0.,1.));
#13305 = ADVANCED_FACE('',(#13306),#13309,.T.);
#13306 = FACE_BOUND('',#13307,.T.);
#13307 = EDGE_LOOP('',(#13308));
#13308 = ORIENTED_EDGE('',*,*,#13284,.T.);
#13309 = PLANE('',#13310);
#13310 = AXIS2_PLACEMENT_3D('',#13311,#13312,#13313);
#13311 = CARTESIAN_POINT('',(4.5,190.,960.));
#13312 = DIRECTION('',(1.,-0.,-0.));
#13313 = DIRECTION('',(0.,0.,1.));
#13314 = MANIFOLD_SOLID_BREP('',#13315);
#13315 = CLOSED_SHELL('',(#13316,#13343,#13363,#13388,#13408,#13433));
#13316 = ADVANCED_FACE('',(#13317),#13338,.T.);
#13317 = FACE_BOUND('',#13318,.T.);
#13318 = EDGE_LOOP('',(#13319,#13330,#13331));
#13319 = ORIENTED_EDGE('',*,*,#13320,.T.);
#13320 = EDGE_CURVE('',#13321,#13323,#13325,.T.);
#13321 = VERTEX_POINT('',#13322);
#13322 = CARTESIAN_POINT('',(24.,130.,981.5));
#13323 = VERTEX_POINT('',#13324);
#13324 = CARTESIAN_POINT('',(20.,130.,982.7));
#13325 = CIRCLE('',#13326,7.266666666667);
#13326 = AXIS2_PLACEMENT_3D('',#13327,#13328,#13329);
#13327 = CARTESIAN_POINT('',(20.,130.,975.43333333333));
#13328 = DIRECTION('',(-2.449293598295E-16,-1.,0.));
#13329 = DIRECTION('',(1.,-2.449293598295E-16,0.));
#13330 = ORIENTED_EDGE('',*,*,#13320,.F.);
#13331 = ORIENTED_EDGE('',*,*,#13332,.T.);
#13332 = EDGE_CURVE('',#13321,#13321,#13333,.T.);
#13333 = CIRCLE('',#13334,4.);
#13334 = AXIS2_PLACEMENT_3D('',#13335,#13336,#13337);
#13335 = CARTESIAN_POINT('',(20.,130.,981.5));
#13336 = DIRECTION('',(0.,0.,1.));
#13337 = DIRECTION('',(1.,0.,-0.));
#13338 = SPHERICAL_SURFACE('',#13339,7.266666666667);
#13339 = AXIS2_PLACEMENT_3D('',#13340,#13341,#13342);
#13340 = CARTESIAN_POINT('',(20.,130.,975.43333333333));
#13341 = DIRECTION('',(0.,0.,1.));
#13342 = DIRECTION('',(1.,0.,-0.));
#13343 = ADVANCED_FACE('',(#13344,#13347),#13358,.F.);
#13344 = FACE_BOUND('',#13345,.F.);
#13345 = EDGE_LOOP('',(#13346));
#13346 = ORIENTED_EDGE('',*,*,#13332,.T.);
#13347 = FACE_BOUND('',#13348,.F.);
#13348 = EDGE_LOOP('',(#13349));
#13349 = ORIENTED_EDGE('',*,*,#13350,.T.);
#13350 = EDGE_CURVE('',#13351,#13351,#13353,.T.);
#13351 = VERTEX_POINT('',#13352);
#13352 = CARTESIAN_POINT('',(18.,130.,981.5));
#13353 = CIRCLE('',#13354,2.);
#13354 = AXIS2_PLACEMENT_3D('',#13355,#13356,#13357);
#13355 = CARTESIAN_POINT('',(20.,130.,981.5));
#13356 = DIRECTION('',(-0.,0.,-1.));
#13357 = DIRECTION('',(-1.,0.,0.));
#13358 = PLANE('',#13359);
#13359 = AXIS2_PLACEMENT_3D('',#13360,#13361,#13362);
#13360 = CARTESIAN_POINT('',(20.,130.,981.5));
#13361 = DIRECTION('',(0.,0.,1.));
#13362 = DIRECTION('',(1.,0.,-0.));
#13363 = ADVANCED_FACE('',(#13364),#13383,.T.);
#13364 = FACE_BOUND('',#13365,.T.);
#13365 = EDGE_LOOP('',(#13366,#13375,#13381,#13382));
#13366 = ORIENTED_EDGE('',*,*,#13367,.F.);
#13367 = EDGE_CURVE('',#13368,#13368,#13370,.T.);
#13368 = VERTEX_POINT('',#13369);
#13369 = CARTESIAN_POINT('',(18.,130.,978.));
#13370 = CIRCLE('',#13371,2.);
#13371 = AXIS2_PLACEMENT_3D('',#13372,#13373,#13374);
#13372 = CARTESIAN_POINT('',(20.,130.,978.));
#13373 = DIRECTION('',(-0.,0.,-1.));
#13374 = DIRECTION('',(-1.,0.,0.));
#13375 = ORIENTED_EDGE('',*,*,#13376,.F.);
#13376 = EDGE_CURVE('',#13351,#13368,#13377,.T.);
#13377 = LINE('',#13378,#13379);
#13378 = CARTESIAN_POINT('',(18.,130.,981.5));
#13379 = VECTOR('',#13380,1.);
#13380 = DIRECTION('',(0.,-0.,-1.));
#13381 = ORIENTED_EDGE('',*,*,#13350,.T.);
#13382 = ORIENTED_EDGE('',*,*,#13376,.T.);
#13383 = CYLINDRICAL_SURFACE('',#13384,2.);
#13384 = AXIS2_PLACEMENT_3D('',#13385,#13386,#13387);
#13385 = CARTESIAN_POINT('',(20.,130.,981.5));
#13386 = DIRECTION('',(-0.,-0.,-1.));
#13387 = DIRECTION('',(-1.,0.,0.));
#13388 = ADVANCED_FACE('',(#13389,#13400),#13403,.F.);
#13389 = FACE_BOUND('',#13390,.F.);
#13390 = EDGE_LOOP('',(#13391));
#13391 = ORIENTED_EDGE('',*,*,#13392,.T.);
#13392 = EDGE_CURVE('',#13393,#13393,#13395,.T.);
#13393 = VERTEX_POINT('',#13394);
#13394 = CARTESIAN_POINT('',(17.2,130.,978.));
#13395 = CIRCLE('',#13396,2.8);
#13396 = AXIS2_PLACEMENT_3D('',#13397,#13398,#13399);
#13397 = CARTESIAN_POINT('',(20.,130.,978.));
#13398 = DIRECTION('',(-0.,0.,-1.));
#13399 = DIRECTION('',(-1.,0.,0.));
#13400 = FACE_BOUND('',#13401,.F.);
#13401 = EDGE_LOOP('',(#13402));
#13402 = ORIENTED_EDGE('',*,*,#13367,.F.);
#13403 = PLANE('',#13404);
#13404 = AXIS2_PLACEMENT_3D('',#13405,#13406,#13407);
#13405 = CARTESIAN_POINT('',(20.,130.,978.));
#13406 = DIRECTION('',(-0.,-0.,-1.));
#13407 = DIRECTION('',(-1.,0.,0.));
#13408 = ADVANCED_FACE('',(#13409),#13428,.T.);
#13409 = FACE_BOUND('',#13410,.T.);
#13410 = EDGE_LOOP('',(#13411,#13420,#13426,#13427));
#13411 = ORIENTED_EDGE('',*,*,#13412,.F.);
#13412 = EDGE_CURVE('',#13413,#13413,#13415,.T.);
#13413 = VERTEX_POINT('',#13414);
#13414 = CARTESIAN_POINT('',(17.2,130.,975.5));
#13415 = CIRCLE('',#13416,2.8);
#13416 = AXIS2_PLACEMENT_3D('',#13417,#13418,#13419);
#13417 = CARTESIAN_POINT('',(20.,130.,975.5));
#13418 = DIRECTION('',(-0.,0.,-1.));
#13419 = DIRECTION('',(-1.,0.,0.));
#13420 = ORIENTED_EDGE('',*,*,#13421,.F.);
#13421 = EDGE_CURVE('',#13393,#13413,#13422,.T.);
#13422 = LINE('',#13423,#13424);
#13423 = CARTESIAN_POINT('',(17.2,130.,978.));
#13424 = VECTOR('',#13425,1.);
#13425 = DIRECTION('',(0.,-0.,-1.));
#13426 = ORIENTED_EDGE('',*,*,#13392,.T.);
#13427 = ORIENTED_EDGE('',*,*,#13421,.T.);
#13428 = CYLINDRICAL_SURFACE('',#13429,2.8);
#13429 = AXIS2_PLACEMENT_3D('',#13430,#13431,#13432);
#13430 = CARTESIAN_POINT('',(20.,130.,978.));
#13431 = DIRECTION('',(-0.,-0.,-1.));
#13432 = DIRECTION('',(-1.,0.,0.));
#13433 = ADVANCED_FACE('',(#13434),#13437,.T.);
#13434 = FACE_BOUND('',#13435,.T.);
#13435 = EDGE_LOOP('',(#13436));
#13436 = ORIENTED_EDGE('',*,*,#13412,.T.);
#13437 = PLANE('',#13438);
#13438 = AXIS2_PLACEMENT_3D('',#13439,#13440,#13441);
#13439 = CARTESIAN_POINT('',(20.,130.,975.5));
#13440 = DIRECTION('',(-0.,-0.,-1.));
#13441 = DIRECTION('',(-1.,0.,0.));
#13442 = MANIFOLD_SOLID_BREP('',#13443);
#13443 = CLOSED_SHELL('',(#13444,#13479,#13496,#13517,#13542,#13562,
    #13587));
#13444 = ADVANCED_FACE('',(#13445),#13474,.T.);
#13445 = FACE_BOUND('',#13446,.T.);
#13446 = EDGE_LOOP('',(#13447,#13458,#13467));
#13447 = ORIENTED_EDGE('',*,*,#13448,.T.);
#13448 = EDGE_CURVE('',#13449,#13451,#13453,.T.);
#13449 = VERTEX_POINT('',#13450);
#13450 = CARTESIAN_POINT('',(1.7042E+03,70.,960.));
#13451 = VERTEX_POINT('',#13452);
#13452 = CARTESIAN_POINT('',(1.703E+03,70.,964.));
#13453 = CIRCLE('',#13454,7.266666666667);
#13454 = AXIS2_PLACEMENT_3D('',#13455,#13456,#13457);
#13455 = CARTESIAN_POINT('',(1.696933333333E+03,70.,960.));
#13456 = DIRECTION('',(-2.449293598295E-16,-1.,0.));
#13457 = DIRECTION('',(1.,-2.449293598295E-16,0.));
#13458 = ORIENTED_EDGE('',*,*,#13459,.T.);
#13459 = EDGE_CURVE('',#13451,#13460,#13462,.T.);
#13460 = VERTEX_POINT('',#13461);
#13461 = CARTESIAN_POINT('',(1.703E+03,70.,956.));
#13462 = CIRCLE('',#13463,4.);
#13463 = AXIS2_PLACEMENT_3D('',#13464,#13465,#13466);
#13464 = CARTESIAN_POINT('',(1.703E+03,70.,960.));
#13465 = DIRECTION('',(1.,0.,0.));
#13466 = DIRECTION('',(-0.,0.,1.));
#13467 = ORIENTED_EDGE('',*,*,#13468,.T.);
#13468 = EDGE_CURVE('',#13460,#13449,#13469,.T.);
#13469 = CIRCLE('',#13470,7.266666666667);
#13470 = AXIS2_PLACEMENT_3D('',#13471,#13472,#13473);
#13471 = CARTESIAN_POINT('',(1.696933333333E+03,70.,960.));
#13472 = DIRECTION('',(-2.449293598295E-16,-1.,0.));
#13473 = DIRECTION('',(1.,-2.449293598295E-16,0.));
#13474 = SPHERICAL_SURFACE('',#13475,7.266666666667);
#13475 = AXIS2_PLACEMENT_3D('',#13476,#13477,#13478);
#13476 = CARTESIAN_POINT('',(1.696933333333E+03,70.,960.));
#13477 = DIRECTION('',(0.,0.,1.));
#13478 = DIRECTION('',(1.,0.,-0.));
#13479 = ADVANCED_FACE('',(#13480),#13491,.T.);
#13480 = FACE_BOUND('',#13481,.T.);
#13481 = EDGE_LOOP('',(#13482,#13489,#13490));
#13482 = ORIENTED_EDGE('',*,*,#13483,.T.);
#13483 = EDGE_CURVE('',#13460,#13451,#13484,.T.);
#13484 = CIRCLE('',#13485,4.);
#13485 = AXIS2_PLACEMENT_3D('',#13486,#13487,#13488);
#13486 = CARTESIAN_POINT('',(1.703E+03,70.,960.));
#13487 = DIRECTION('',(1.,0.,0.));
#13488 = DIRECTION('',(-0.,0.,1.));
#13489 = ORIENTED_EDGE('',*,*,#13448,.F.);
#13490 = ORIENTED_EDGE('',*,*,#13468,.F.);
#13491 = SPHERICAL_SURFACE('',#13492,7.266666666667);
#13492 = AXIS2_PLACEMENT_3D('',#13493,#13494,#13495);
#13493 = CARTESIAN_POINT('',(1.696933333333E+03,70.,960.));
#13494 = DIRECTION('',(0.,0.,1.));
#13495 = DIRECTION('',(1.,0.,-0.));
#13496 = ADVANCED_FACE('',(#13497,#13501),#13512,.F.);
#13497 = FACE_BOUND('',#13498,.F.);
#13498 = EDGE_LOOP('',(#13499,#13500));
#13499 = ORIENTED_EDGE('',*,*,#13459,.T.);
#13500 = ORIENTED_EDGE('',*,*,#13483,.T.);
#13501 = FACE_BOUND('',#13502,.F.);
#13502 = EDGE_LOOP('',(#13503));
#13503 = ORIENTED_EDGE('',*,*,#13504,.T.);
#13504 = EDGE_CURVE('',#13505,#13505,#13507,.T.);
#13505 = VERTEX_POINT('',#13506);
#13506 = CARTESIAN_POINT('',(1.703E+03,70.,958.));
#13507 = CIRCLE('',#13508,2.);
#13508 = AXIS2_PLACEMENT_3D('',#13509,#13510,#13511);
#13509 = CARTESIAN_POINT('',(1.703E+03,70.,960.));
#13510 = DIRECTION('',(-1.,-0.,-0.));
#13511 = DIRECTION('',(0.,0.,-1.));
#13512 = PLANE('',#13513);
#13513 = AXIS2_PLACEMENT_3D('',#13514,#13515,#13516);
#13514 = CARTESIAN_POINT('',(1.703E+03,70.,960.));
#13515 = DIRECTION('',(1.,0.,0.));
#13516 = DIRECTION('',(-0.,0.,1.));
#13517 = ADVANCED_FACE('',(#13518),#13537,.T.);
#13518 = FACE_BOUND('',#13519,.T.);
#13519 = EDGE_LOOP('',(#13520,#13529,#13535,#13536));
#13520 = ORIENTED_EDGE('',*,*,#13521,.F.);
#13521 = EDGE_CURVE('',#13522,#13522,#13524,.T.);
#13522 = VERTEX_POINT('',#13523);
#13523 = CARTESIAN_POINT('',(1.698E+03,70.,958.));
#13524 = CIRCLE('',#13525,2.);
#13525 = AXIS2_PLACEMENT_3D('',#13526,#13527,#13528);
#13526 = CARTESIAN_POINT('',(1.698E+03,70.,960.));
#13527 = DIRECTION('',(-1.,-0.,-0.));
#13528 = DIRECTION('',(0.,0.,-1.));
#13529 = ORIENTED_EDGE('',*,*,#13530,.F.);
#13530 = EDGE_CURVE('',#13505,#13522,#13531,.T.);
#13531 = LINE('',#13532,#13533);
#13532 = CARTESIAN_POINT('',(1.703E+03,70.,958.));
#13533 = VECTOR('',#13534,1.);
#13534 = DIRECTION('',(-1.,0.,-0.));
#13535 = ORIENTED_EDGE('',*,*,#13504,.T.);
#13536 = ORIENTED_EDGE('',*,*,#13530,.T.);
#13537 = CYLINDRICAL_SURFACE('',#13538,2.);
#13538 = AXIS2_PLACEMENT_3D('',#13539,#13540,#13541);
#13539 = CARTESIAN_POINT('',(1.703E+03,70.,960.));
#13540 = DIRECTION('',(-1.,-0.,-0.));
#13541 = DIRECTION('',(0.,0.,-1.));
#13542 = ADVANCED_FACE('',(#13543,#13554),#13557,.F.);
#13543 = FACE_BOUND('',#13544,.F.);
#13544 = EDGE_LOOP('',(#13545));
#13545 = ORIENTED_EDGE('',*,*,#13546,.T.);
#13546 = EDGE_CURVE('',#13547,#13547,#13549,.T.);
#13547 = VERTEX_POINT('',#13548);
#13548 = CARTESIAN_POINT('',(1.698E+03,70.,957.2));
#13549 = CIRCLE('',#13550,2.8);
#13550 = AXIS2_PLACEMENT_3D('',#13551,#13552,#13553);
#13551 = CARTESIAN_POINT('',(1.698E+03,70.,960.));
#13552 = DIRECTION('',(-1.,-0.,-0.));
#13553 = DIRECTION('',(0.,0.,-1.));
#13554 = FACE_BOUND('',#13555,.F.);
#13555 = EDGE_LOOP('',(#13556));
#13556 = ORIENTED_EDGE('',*,*,#13521,.F.);
#13557 = PLANE('',#13558);
#13558 = AXIS2_PLACEMENT_3D('',#13559,#13560,#13561);
#13559 = CARTESIAN_POINT('',(1.698E+03,70.,960.));
#13560 = DIRECTION('',(-1.,-0.,-0.));
#13561 = DIRECTION('',(0.,0.,-1.));
#13562 = ADVANCED_FACE('',(#13563),#13582,.T.);
#13563 = FACE_BOUND('',#13564,.T.);
#13564 = EDGE_LOOP('',(#13565,#13574,#13580,#13581));
#13565 = ORIENTED_EDGE('',*,*,#13566,.F.);
#13566 = EDGE_CURVE('',#13567,#13567,#13569,.T.);
#13567 = VERTEX_POINT('',#13568);
#13568 = CARTESIAN_POINT('',(1.6955E+03,70.,957.2));
#13569 = CIRCLE('',#13570,2.8);
#13570 = AXIS2_PLACEMENT_3D('',#13571,#13572,#13573);
#13571 = CARTESIAN_POINT('',(1.6955E+03,70.,960.));
#13572 = DIRECTION('',(-1.,-0.,-0.));
#13573 = DIRECTION('',(0.,0.,-1.));
#13574 = ORIENTED_EDGE('',*,*,#13575,.F.);
#13575 = EDGE_CURVE('',#13547,#13567,#13576,.T.);
#13576 = LINE('',#13577,#13578);
#13577 = CARTESIAN_POINT('',(1.698E+03,70.,957.2));
#13578 = VECTOR('',#13579,1.);
#13579 = DIRECTION('',(-1.,0.,-0.));
#13580 = ORIENTED_EDGE('',*,*,#13546,.T.);
#13581 = ORIENTED_EDGE('',*,*,#13575,.T.);
#13582 = CYLINDRICAL_SURFACE('',#13583,2.8);
#13583 = AXIS2_PLACEMENT_3D('',#13584,#13585,#13586);
#13584 = CARTESIAN_POINT('',(1.698E+03,70.,960.));
#13585 = DIRECTION('',(-1.,-0.,-0.));
#13586 = DIRECTION('',(0.,0.,-1.));
#13587 = ADVANCED_FACE('',(#13588),#13591,.T.);
#13588 = FACE_BOUND('',#13589,.T.);
#13589 = EDGE_LOOP('',(#13590));
#13590 = ORIENTED_EDGE('',*,*,#13566,.T.);
#13591 = PLANE('',#13592);
#13592 = AXIS2_PLACEMENT_3D('',#13593,#13594,#13595);
#13593 = CARTESIAN_POINT('',(1.6955E+03,70.,960.));
#13594 = DIRECTION('',(-1.,-0.,-0.));
#13595 = DIRECTION('',(0.,0.,-1.));
#13596 = MANIFOLD_SOLID_BREP('',#13597);
#13597 = CLOSED_SHELL('',(#13598,#13633,#13650,#13671,#13696,#13716,
    #13741));
#13598 = ADVANCED_FACE('',(#13599),#13628,.T.);
#13599 = FACE_BOUND('',#13600,.T.);
#13600 = EDGE_LOOP('',(#13601,#13612,#13621));
#13601 = ORIENTED_EDGE('',*,*,#13602,.T.);
#13602 = EDGE_CURVE('',#13603,#13605,#13607,.T.);
#13603 = VERTEX_POINT('',#13604);
#13604 = CARTESIAN_POINT('',(1.7042E+03,190.,960.));
#13605 = VERTEX_POINT('',#13606);
#13606 = CARTESIAN_POINT('',(1.703E+03,190.,964.));
#13607 = CIRCLE('',#13608,7.266666666667);
#13608 = AXIS2_PLACEMENT_3D('',#13609,#13610,#13611);
#13609 = CARTESIAN_POINT('',(1.696933333333E+03,190.,960.));
#13610 = DIRECTION('',(-2.449293598295E-16,-1.,0.));
#13611 = DIRECTION('',(1.,-2.449293598295E-16,0.));
#13612 = ORIENTED_EDGE('',*,*,#13613,.T.);
#13613 = EDGE_CURVE('',#13605,#13614,#13616,.T.);
#13614 = VERTEX_POINT('',#13615);
#13615 = CARTESIAN_POINT('',(1.703E+03,190.,956.));
#13616 = CIRCLE('',#13617,4.);
#13617 = AXIS2_PLACEMENT_3D('',#13618,#13619,#13620);
#13618 = CARTESIAN_POINT('',(1.703E+03,190.,960.));
#13619 = DIRECTION('',(1.,0.,0.));
#13620 = DIRECTION('',(-0.,0.,1.));
#13621 = ORIENTED_EDGE('',*,*,#13622,.T.);
#13622 = EDGE_CURVE('',#13614,#13603,#13623,.T.);
#13623 = CIRCLE('',#13624,7.266666666667);
#13624 = AXIS2_PLACEMENT_3D('',#13625,#13626,#13627);
#13625 = CARTESIAN_POINT('',(1.696933333333E+03,190.,960.));
#13626 = DIRECTION('',(-2.449293598295E-16,-1.,0.));
#13627 = DIRECTION('',(1.,-2.449293598295E-16,0.));
#13628 = SPHERICAL_SURFACE('',#13629,7.266666666667);
#13629 = AXIS2_PLACEMENT_3D('',#13630,#13631,#13632);
#13630 = CARTESIAN_POINT('',(1.696933333333E+03,190.,960.));
#13631 = DIRECTION('',(0.,0.,1.));
#13632 = DIRECTION('',(1.,0.,-0.));
#13633 = ADVANCED_FACE('',(#13634),#13645,.T.);
#13634 = FACE_BOUND('',#13635,.T.);
#13635 = EDGE_LOOP('',(#13636,#13643,#13644));
#13636 = ORIENTED_EDGE('',*,*,#13637,.T.);
#13637 = EDGE_CURVE('',#13614,#13605,#13638,.T.);
#13638 = CIRCLE('',#13639,4.);
#13639 = AXIS2_PLACEMENT_3D('',#13640,#13641,#13642);
#13640 = CARTESIAN_POINT('',(1.703E+03,190.,960.));
#13641 = DIRECTION('',(1.,0.,0.));
#13642 = DIRECTION('',(-0.,0.,1.));
#13643 = ORIENTED_EDGE('',*,*,#13602,.F.);
#13644 = ORIENTED_EDGE('',*,*,#13622,.F.);
#13645 = SPHERICAL_SURFACE('',#13646,7.266666666667);
#13646 = AXIS2_PLACEMENT_3D('',#13647,#13648,#13649);
#13647 = CARTESIAN_POINT('',(1.696933333333E+03,190.,960.));
#13648 = DIRECTION('',(0.,0.,1.));
#13649 = DIRECTION('',(1.,0.,-0.));
#13650 = ADVANCED_FACE('',(#13651,#13655),#13666,.F.);
#13651 = FACE_BOUND('',#13652,.F.);
#13652 = EDGE_LOOP('',(#13653,#13654));
#13653 = ORIENTED_EDGE('',*,*,#13613,.T.);
#13654 = ORIENTED_EDGE('',*,*,#13637,.T.);
#13655 = FACE_BOUND('',#13656,.F.);
#13656 = EDGE_LOOP('',(#13657));
#13657 = ORIENTED_EDGE('',*,*,#13658,.T.);
#13658 = EDGE_CURVE('',#13659,#13659,#13661,.T.);
#13659 = VERTEX_POINT('',#13660);
#13660 = CARTESIAN_POINT('',(1.703E+03,190.,958.));
#13661 = CIRCLE('',#13662,2.);
#13662 = AXIS2_PLACEMENT_3D('',#13663,#13664,#13665);
#13663 = CARTESIAN_POINT('',(1.703E+03,190.,960.));
#13664 = DIRECTION('',(-1.,-0.,-0.));
#13665 = DIRECTION('',(0.,0.,-1.));
#13666 = PLANE('',#13667);
#13667 = AXIS2_PLACEMENT_3D('',#13668,#13669,#13670);
#13668 = CARTESIAN_POINT('',(1.703E+03,190.,960.));
#13669 = DIRECTION('',(1.,0.,0.));
#13670 = DIRECTION('',(-0.,0.,1.));
#13671 = ADVANCED_FACE('',(#13672),#13691,.T.);
#13672 = FACE_BOUND('',#13673,.T.);
#13673 = EDGE_LOOP('',(#13674,#13683,#13689,#13690));
#13674 = ORIENTED_EDGE('',*,*,#13675,.F.);
#13675 = EDGE_CURVE('',#13676,#13676,#13678,.T.);
#13676 = VERTEX_POINT('',#13677);
#13677 = CARTESIAN_POINT('',(1.698E+03,190.,958.));
#13678 = CIRCLE('',#13679,2.);
#13679 = AXIS2_PLACEMENT_3D('',#13680,#13681,#13682);
#13680 = CARTESIAN_POINT('',(1.698E+03,190.,960.));
#13681 = DIRECTION('',(-1.,-0.,-0.));
#13682 = DIRECTION('',(0.,0.,-1.));
#13683 = ORIENTED_EDGE('',*,*,#13684,.F.);
#13684 = EDGE_CURVE('',#13659,#13676,#13685,.T.);
#13685 = LINE('',#13686,#13687);
#13686 = CARTESIAN_POINT('',(1.703E+03,190.,958.));
#13687 = VECTOR('',#13688,1.);
#13688 = DIRECTION('',(-1.,0.,-0.));
#13689 = ORIENTED_EDGE('',*,*,#13658,.T.);
#13690 = ORIENTED_EDGE('',*,*,#13684,.T.);
#13691 = CYLINDRICAL_SURFACE('',#13692,2.);
#13692 = AXIS2_PLACEMENT_3D('',#13693,#13694,#13695);
#13693 = CARTESIAN_POINT('',(1.703E+03,190.,960.));
#13694 = DIRECTION('',(-1.,-0.,-0.));
#13695 = DIRECTION('',(0.,0.,-1.));
#13696 = ADVANCED_FACE('',(#13697,#13708),#13711,.F.);
#13697 = FACE_BOUND('',#13698,.F.);
#13698 = EDGE_LOOP('',(#13699));
#13699 = ORIENTED_EDGE('',*,*,#13700,.T.);
#13700 = EDGE_CURVE('',#13701,#13701,#13703,.T.);
#13701 = VERTEX_POINT('',#13702);
#13702 = CARTESIAN_POINT('',(1.698E+03,190.,957.2));
#13703 = CIRCLE('',#13704,2.8);
#13704 = AXIS2_PLACEMENT_3D('',#13705,#13706,#13707);
#13705 = CARTESIAN_POINT('',(1.698E+03,190.,960.));
#13706 = DIRECTION('',(-1.,-0.,-0.));
#13707 = DIRECTION('',(0.,0.,-1.));
#13708 = FACE_BOUND('',#13709,.F.);
#13709 = EDGE_LOOP('',(#13710));
#13710 = ORIENTED_EDGE('',*,*,#13675,.F.);
#13711 = PLANE('',#13712);
#13712 = AXIS2_PLACEMENT_3D('',#13713,#13714,#13715);
#13713 = CARTESIAN_POINT('',(1.698E+03,190.,960.));
#13714 = DIRECTION('',(-1.,-0.,-0.));
#13715 = DIRECTION('',(0.,0.,-1.));
#13716 = ADVANCED_FACE('',(#13717),#13736,.T.);
#13717 = FACE_BOUND('',#13718,.T.);
#13718 = EDGE_LOOP('',(#13719,#13728,#13734,#13735));
#13719 = ORIENTED_EDGE('',*,*,#13720,.F.);
#13720 = EDGE_CURVE('',#13721,#13721,#13723,.T.);
#13721 = VERTEX_POINT('',#13722);
#13722 = CARTESIAN_POINT('',(1.6955E+03,190.,957.2));
#13723 = CIRCLE('',#13724,2.8);
#13724 = AXIS2_PLACEMENT_3D('',#13725,#13726,#13727);
#13725 = CARTESIAN_POINT('',(1.6955E+03,190.,960.));
#13726 = DIRECTION('',(-1.,-0.,-0.));
#13727 = DIRECTION('',(0.,0.,-1.));
#13728 = ORIENTED_EDGE('',*,*,#13729,.F.);
#13729 = EDGE_CURVE('',#13701,#13721,#13730,.T.);
#13730 = LINE('',#13731,#13732);
#13731 = CARTESIAN_POINT('',(1.698E+03,190.,957.2));
#13732 = VECTOR('',#13733,1.);
#13733 = DIRECTION('',(-1.,0.,-0.));
#13734 = ORIENTED_EDGE('',*,*,#13700,.T.);
#13735 = ORIENTED_EDGE('',*,*,#13729,.T.);
#13736 = CYLINDRICAL_SURFACE('',#13737,2.8);
#13737 = AXIS2_PLACEMENT_3D('',#13738,#13739,#13740);
#13738 = CARTESIAN_POINT('',(1.698E+03,190.,960.));
#13739 = DIRECTION('',(-1.,-0.,-0.));
#13740 = DIRECTION('',(0.,0.,-1.));
#13741 = ADVANCED_FACE('',(#13742),#13745,.T.);
#13742 = FACE_BOUND('',#13743,.T.);
#13743 = EDGE_LOOP('',(#13744));
#13744 = ORIENTED_EDGE('',*,*,#13720,.T.);
#13745 = PLANE('',#13746);
#13746 = AXIS2_PLACEMENT_3D('',#13747,#13748,#13749);
#13747 = CARTESIAN_POINT('',(1.6955E+03,190.,960.));
#13748 = DIRECTION('',(-1.,-0.,-0.));
#13749 = DIRECTION('',(0.,0.,-1.));
#13750 = MANIFOLD_SOLID_BREP('',#13751);
#13751 = CLOSED_SHELL('',(#13752,#13779,#13799,#13824,#13844,#13869));
#13752 = ADVANCED_FACE('',(#13753),#13774,.T.);
#13753 = FACE_BOUND('',#13754,.T.);
#13754 = EDGE_LOOP('',(#13755,#13766,#13767));
#13755 = ORIENTED_EDGE('',*,*,#13756,.T.);
#13756 = EDGE_CURVE('',#13757,#13759,#13761,.T.);
#13757 = VERTEX_POINT('',#13758);
#13758 = CARTESIAN_POINT('',(1.684E+03,130.,981.5));
#13759 = VERTEX_POINT('',#13760);
#13760 = CARTESIAN_POINT('',(1.68E+03,130.,982.7));
#13761 = CIRCLE('',#13762,7.266666666667);
#13762 = AXIS2_PLACEMENT_3D('',#13763,#13764,#13765);
#13763 = CARTESIAN_POINT('',(1.68E+03,130.,975.43333333333));
#13764 = DIRECTION('',(-2.449293598295E-16,-1.,0.));
#13765 = DIRECTION('',(1.,-2.449293598295E-16,0.));
#13766 = ORIENTED_EDGE('',*,*,#13756,.F.);
#13767 = ORIENTED_EDGE('',*,*,#13768,.T.);
#13768 = EDGE_CURVE('',#13757,#13757,#13769,.T.);
#13769 = CIRCLE('',#13770,4.);
#13770 = AXIS2_PLACEMENT_3D('',#13771,#13772,#13773);
#13771 = CARTESIAN_POINT('',(1.68E+03,130.,981.5));
#13772 = DIRECTION('',(0.,0.,1.));
#13773 = DIRECTION('',(1.,0.,-0.));
#13774 = SPHERICAL_SURFACE('',#13775,7.266666666667);
#13775 = AXIS2_PLACEMENT_3D('',#13776,#13777,#13778);
#13776 = CARTESIAN_POINT('',(1.68E+03,130.,975.43333333333));
#13777 = DIRECTION('',(0.,0.,1.));
#13778 = DIRECTION('',(1.,0.,-0.));
#13779 = ADVANCED_FACE('',(#13780,#13783),#13794,.F.);
#13780 = FACE_BOUND('',#13781,.F.);
#13781 = EDGE_LOOP('',(#13782));
#13782 = ORIENTED_EDGE('',*,*,#13768,.T.);
#13783 = FACE_BOUND('',#13784,.F.);
#13784 = EDGE_LOOP('',(#13785));
#13785 = ORIENTED_EDGE('',*,*,#13786,.T.);
#13786 = EDGE_CURVE('',#13787,#13787,#13789,.T.);
#13787 = VERTEX_POINT('',#13788);
#13788 = CARTESIAN_POINT('',(1.678E+03,130.,981.5));
#13789 = CIRCLE('',#13790,2.);
#13790 = AXIS2_PLACEMENT_3D('',#13791,#13792,#13793);
#13791 = CARTESIAN_POINT('',(1.68E+03,130.,981.5));
#13792 = DIRECTION('',(-0.,0.,-1.));
#13793 = DIRECTION('',(-1.,0.,0.));
#13794 = PLANE('',#13795);
#13795 = AXIS2_PLACEMENT_3D('',#13796,#13797,#13798);
#13796 = CARTESIAN_POINT('',(1.68E+03,130.,981.5));
#13797 = DIRECTION('',(0.,0.,1.));
#13798 = DIRECTION('',(1.,0.,-0.));
#13799 = ADVANCED_FACE('',(#13800),#13819,.T.);
#13800 = FACE_BOUND('',#13801,.T.);
#13801 = EDGE_LOOP('',(#13802,#13811,#13817,#13818));
#13802 = ORIENTED_EDGE('',*,*,#13803,.F.);
#13803 = EDGE_CURVE('',#13804,#13804,#13806,.T.);
#13804 = VERTEX_POINT('',#13805);
#13805 = CARTESIAN_POINT('',(1.678E+03,130.,978.));
#13806 = CIRCLE('',#13807,2.);
#13807 = AXIS2_PLACEMENT_3D('',#13808,#13809,#13810);
#13808 = CARTESIAN_POINT('',(1.68E+03,130.,978.));
#13809 = DIRECTION('',(-0.,0.,-1.));
#13810 = DIRECTION('',(-1.,0.,0.));
#13811 = ORIENTED_EDGE('',*,*,#13812,.F.);
#13812 = EDGE_CURVE('',#13787,#13804,#13813,.T.);
#13813 = LINE('',#13814,#13815);
#13814 = CARTESIAN_POINT('',(1.678E+03,130.,981.5));
#13815 = VECTOR('',#13816,1.);
#13816 = DIRECTION('',(0.,-0.,-1.));
#13817 = ORIENTED_EDGE('',*,*,#13786,.T.);
#13818 = ORIENTED_EDGE('',*,*,#13812,.T.);
#13819 = CYLINDRICAL_SURFACE('',#13820,2.);
#13820 = AXIS2_PLACEMENT_3D('',#13821,#13822,#13823);
#13821 = CARTESIAN_POINT('',(1.68E+03,130.,981.5));
#13822 = DIRECTION('',(-0.,-0.,-1.));
#13823 = DIRECTION('',(-1.,0.,0.));
#13824 = ADVANCED_FACE('',(#13825,#13836),#13839,.F.);
#13825 = FACE_BOUND('',#13826,.F.);
#13826 = EDGE_LOOP('',(#13827));
#13827 = ORIENTED_EDGE('',*,*,#13828,.T.);
#13828 = EDGE_CURVE('',#13829,#13829,#13831,.T.);
#13829 = VERTEX_POINT('',#13830);
#13830 = CARTESIAN_POINT('',(1.6772E+03,130.,978.));
#13831 = CIRCLE('',#13832,2.8);
#13832 = AXIS2_PLACEMENT_3D('',#13833,#13834,#13835);
#13833 = CARTESIAN_POINT('',(1.68E+03,130.,978.));
#13834 = DIRECTION('',(-0.,0.,-1.));
#13835 = DIRECTION('',(-1.,0.,0.));
#13836 = FACE_BOUND('',#13837,.F.);
#13837 = EDGE_LOOP('',(#13838));
#13838 = ORIENTED_EDGE('',*,*,#13803,.F.);
#13839 = PLANE('',#13840);
#13840 = AXIS2_PLACEMENT_3D('',#13841,#13842,#13843);
#13841 = CARTESIAN_POINT('',(1.68E+03,130.,978.));
#13842 = DIRECTION('',(-0.,-0.,-1.));
#13843 = DIRECTION('',(-1.,0.,0.));
#13844 = ADVANCED_FACE('',(#13845),#13864,.T.);
#13845 = FACE_BOUND('',#13846,.T.);
#13846 = EDGE_LOOP('',(#13847,#13856,#13862,#13863));
#13847 = ORIENTED_EDGE('',*,*,#13848,.F.);
#13848 = EDGE_CURVE('',#13849,#13849,#13851,.T.);
#13849 = VERTEX_POINT('',#13850);
#13850 = CARTESIAN_POINT('',(1.6772E+03,130.,975.5));
#13851 = CIRCLE('',#13852,2.8);
#13852 = AXIS2_PLACEMENT_3D('',#13853,#13854,#13855);
#13853 = CARTESIAN_POINT('',(1.68E+03,130.,975.5));
#13854 = DIRECTION('',(-0.,0.,-1.));
#13855 = DIRECTION('',(-1.,0.,0.));
#13856 = ORIENTED_EDGE('',*,*,#13857,.F.);
#13857 = EDGE_CURVE('',#13829,#13849,#13858,.T.);
#13858 = LINE('',#13859,#13860);
#13859 = CARTESIAN_POINT('',(1.6772E+03,130.,978.));
#13860 = VECTOR('',#13861,1.);
#13861 = DIRECTION('',(0.,-0.,-1.));
#13862 = ORIENTED_EDGE('',*,*,#13828,.T.);
#13863 = ORIENTED_EDGE('',*,*,#13857,.T.);
#13864 = CYLINDRICAL_SURFACE('',#13865,2.8);
#13865 = AXIS2_PLACEMENT_3D('',#13866,#13867,#13868);
#13866 = CARTESIAN_POINT('',(1.68E+03,130.,978.));
#13867 = DIRECTION('',(-0.,-0.,-1.));
#13868 = DIRECTION('',(-1.,0.,0.));
#13869 = ADVANCED_FACE('',(#13870),#13873,.T.);
#13870 = FACE_BOUND('',#13871,.T.);
#13871 = EDGE_LOOP('',(#13872));
#13872 = ORIENTED_EDGE('',*,*,#13848,.T.);
#13873 = PLANE('',#13874);
#13874 = AXIS2_PLACEMENT_3D('',#13875,#13876,#13877);
#13875 = CARTESIAN_POINT('',(1.68E+03,130.,975.5));
#13876 = DIRECTION('',(-0.,-0.,-1.));
#13877 = DIRECTION('',(-1.,0.,0.));
#13878 = MANIFOLD_SOLID_BREP('',#13879);
#13879 = CLOSED_SHELL('',(#13880,#13897,#13917,#13942,#13962,#13987));
#13880 = ADVANCED_FACE('',(#13881),#13892,.T.);
#13881 = FACE_BOUND('',#13882,.T.);
#13882 = EDGE_LOOP('',(#13883));
#13883 = ORIENTED_EDGE('',*,*,#13884,.T.);
#13884 = EDGE_CURVE('',#13885,#13885,#13887,.T.);
#13885 = VERTEX_POINT('',#13886);
#13886 = CARTESIAN_POINT('',(-3.,70.,1.271E+03));
#13887 = CIRCLE('',#13888,4.);
#13888 = AXIS2_PLACEMENT_3D('',#13889,#13890,#13891);
#13889 = CARTESIAN_POINT('',(-3.,70.,1.275E+03));
#13890 = DIRECTION('',(-1.,0.,0.));
#13891 = DIRECTION('',(0.,0.,-1.));
#13892 = SPHERICAL_SURFACE('',#13893,7.266666666667);
#13893 = AXIS2_PLACEMENT_3D('',#13894,#13895,#13896);
#13894 = CARTESIAN_POINT('',(3.066666666667,70.,1.275E+03));
#13895 = DIRECTION('',(0.,0.,1.));
#13896 = DIRECTION('',(1.,0.,-0.));
#13897 = ADVANCED_FACE('',(#13898,#13901),#13912,.F.);
#13898 = FACE_BOUND('',#13899,.F.);
#13899 = EDGE_LOOP('',(#13900));
#13900 = ORIENTED_EDGE('',*,*,#13884,.T.);
#13901 = FACE_BOUND('',#13902,.F.);
#13902 = EDGE_LOOP('',(#13903));
#13903 = ORIENTED_EDGE('',*,*,#13904,.T.);
#13904 = EDGE_CURVE('',#13905,#13905,#13907,.T.);
#13905 = VERTEX_POINT('',#13906);
#13906 = CARTESIAN_POINT('',(-3.,70.,1.277E+03));
#13907 = CIRCLE('',#13908,2.);
#13908 = AXIS2_PLACEMENT_3D('',#13909,#13910,#13911);
#13909 = CARTESIAN_POINT('',(-3.,70.,1.275E+03));
#13910 = DIRECTION('',(1.,0.,-0.));
#13911 = DIRECTION('',(0.,0.,1.));
#13912 = PLANE('',#13913);
#13913 = AXIS2_PLACEMENT_3D('',#13914,#13915,#13916);
#13914 = CARTESIAN_POINT('',(-3.,70.,1.275E+03));
#13915 = DIRECTION('',(-1.,0.,0.));
#13916 = DIRECTION('',(0.,0.,-1.));
#13917 = ADVANCED_FACE('',(#13918),#13937,.T.);
#13918 = FACE_BOUND('',#13919,.T.);
#13919 = EDGE_LOOP('',(#13920,#13929,#13935,#13936));
#13920 = ORIENTED_EDGE('',*,*,#13921,.F.);
#13921 = EDGE_CURVE('',#13922,#13922,#13924,.T.);
#13922 = VERTEX_POINT('',#13923);
#13923 = CARTESIAN_POINT('',(2.,70.,1.277E+03));
#13924 = CIRCLE('',#13925,2.);
#13925 = AXIS2_PLACEMENT_3D('',#13926,#13927,#13928);
#13926 = CARTESIAN_POINT('',(2.,70.,1.275E+03));
#13927 = DIRECTION('',(1.,0.,-0.));
#13928 = DIRECTION('',(0.,0.,1.));
#13929 = ORIENTED_EDGE('',*,*,#13930,.F.);
#13930 = EDGE_CURVE('',#13905,#13922,#13931,.T.);
#13931 = LINE('',#13932,#13933);
#13932 = CARTESIAN_POINT('',(-3.,70.,1.277E+03));
#13933 = VECTOR('',#13934,1.);
#13934 = DIRECTION('',(1.,0.,0.));
#13935 = ORIENTED_EDGE('',*,*,#13904,.T.);
#13936 = ORIENTED_EDGE('',*,*,#13930,.T.);
#13937 = CYLINDRICAL_SURFACE('',#13938,2.);
#13938 = AXIS2_PLACEMENT_3D('',#13939,#13940,#13941);
#13939 = CARTESIAN_POINT('',(-3.,70.,1.275E+03));
#13940 = DIRECTION('',(1.,-0.,-0.));
#13941 = DIRECTION('',(0.,0.,1.));
#13942 = ADVANCED_FACE('',(#13943,#13954),#13957,.F.);
#13943 = FACE_BOUND('',#13944,.F.);
#13944 = EDGE_LOOP('',(#13945));
#13945 = ORIENTED_EDGE('',*,*,#13946,.T.);
#13946 = EDGE_CURVE('',#13947,#13947,#13949,.T.);
#13947 = VERTEX_POINT('',#13948);
#13948 = CARTESIAN_POINT('',(2.,70.,1.2778E+03));
#13949 = CIRCLE('',#13950,2.8);
#13950 = AXIS2_PLACEMENT_3D('',#13951,#13952,#13953);
#13951 = CARTESIAN_POINT('',(2.,70.,1.275E+03));
#13952 = DIRECTION('',(1.,0.,-0.));
#13953 = DIRECTION('',(0.,0.,1.));
#13954 = FACE_BOUND('',#13955,.F.);
#13955 = EDGE_LOOP('',(#13956));
#13956 = ORIENTED_EDGE('',*,*,#13921,.F.);
#13957 = PLANE('',#13958);
#13958 = AXIS2_PLACEMENT_3D('',#13959,#13960,#13961);
#13959 = CARTESIAN_POINT('',(2.,70.,1.275E+03));
#13960 = DIRECTION('',(1.,-0.,-0.));
#13961 = DIRECTION('',(0.,0.,1.));
#13962 = ADVANCED_FACE('',(#13963),#13982,.T.);
#13963 = FACE_BOUND('',#13964,.T.);
#13964 = EDGE_LOOP('',(#13965,#13974,#13980,#13981));
#13965 = ORIENTED_EDGE('',*,*,#13966,.F.);
#13966 = EDGE_CURVE('',#13967,#13967,#13969,.T.);
#13967 = VERTEX_POINT('',#13968);
#13968 = CARTESIAN_POINT('',(4.5,70.,1.2778E+03));
#13969 = CIRCLE('',#13970,2.8);
#13970 = AXIS2_PLACEMENT_3D('',#13971,#13972,#13973);
#13971 = CARTESIAN_POINT('',(4.5,70.,1.275E+03));
#13972 = DIRECTION('',(1.,0.,-0.));
#13973 = DIRECTION('',(0.,0.,1.));
#13974 = ORIENTED_EDGE('',*,*,#13975,.F.);
#13975 = EDGE_CURVE('',#13947,#13967,#13976,.T.);
#13976 = LINE('',#13977,#13978);
#13977 = CARTESIAN_POINT('',(2.,70.,1.2778E+03));
#13978 = VECTOR('',#13979,1.);
#13979 = DIRECTION('',(1.,0.,0.));
#13980 = ORIENTED_EDGE('',*,*,#13946,.T.);
#13981 = ORIENTED_EDGE('',*,*,#13975,.T.);
#13982 = CYLINDRICAL_SURFACE('',#13983,2.8);
#13983 = AXIS2_PLACEMENT_3D('',#13984,#13985,#13986);
#13984 = CARTESIAN_POINT('',(2.,70.,1.275E+03));
#13985 = DIRECTION('',(1.,-0.,-0.));
#13986 = DIRECTION('',(0.,0.,1.));
#13987 = ADVANCED_FACE('',(#13988),#13991,.T.);
#13988 = FACE_BOUND('',#13989,.T.);
#13989 = EDGE_LOOP('',(#13990));
#13990 = ORIENTED_EDGE('',*,*,#13966,.T.);
#13991 = PLANE('',#13992);
#13992 = AXIS2_PLACEMENT_3D('',#13993,#13994,#13995);
#13993 = CARTESIAN_POINT('',(4.5,70.,1.275E+03));
#13994 = DIRECTION('',(1.,-0.,-0.));
#13995 = DIRECTION('',(0.,0.,1.));
#13996 = MANIFOLD_SOLID_BREP('',#13997);
#13997 = CLOSED_SHELL('',(#13998,#14015,#14035,#14060,#14080,#14105));
#13998 = ADVANCED_FACE('',(#13999),#14010,.T.);
#13999 = FACE_BOUND('',#14000,.T.);
#14000 = EDGE_LOOP('',(#14001));
#14001 = ORIENTED_EDGE('',*,*,#14002,.T.);
#14002 = EDGE_CURVE('',#14003,#14003,#14005,.T.);
#14003 = VERTEX_POINT('',#14004);
#14004 = CARTESIAN_POINT('',(-3.,190.,1.271E+03));
#14005 = CIRCLE('',#14006,4.);
#14006 = AXIS2_PLACEMENT_3D('',#14007,#14008,#14009);
#14007 = CARTESIAN_POINT('',(-3.,190.,1.275E+03));
#14008 = DIRECTION('',(-1.,0.,0.));
#14009 = DIRECTION('',(0.,0.,-1.));
#14010 = SPHERICAL_SURFACE('',#14011,7.266666666667);
#14011 = AXIS2_PLACEMENT_3D('',#14012,#14013,#14014);
#14012 = CARTESIAN_POINT('',(3.066666666667,190.,1.275E+03));
#14013 = DIRECTION('',(0.,0.,1.));
#14014 = DIRECTION('',(1.,0.,-0.));
#14015 = ADVANCED_FACE('',(#14016,#14019),#14030,.F.);
#14016 = FACE_BOUND('',#14017,.F.);
#14017 = EDGE_LOOP('',(#14018));
#14018 = ORIENTED_EDGE('',*,*,#14002,.T.);
#14019 = FACE_BOUND('',#14020,.F.);
#14020 = EDGE_LOOP('',(#14021));
#14021 = ORIENTED_EDGE('',*,*,#14022,.T.);
#14022 = EDGE_CURVE('',#14023,#14023,#14025,.T.);
#14023 = VERTEX_POINT('',#14024);
#14024 = CARTESIAN_POINT('',(-3.,190.,1.277E+03));
#14025 = CIRCLE('',#14026,2.);
#14026 = AXIS2_PLACEMENT_3D('',#14027,#14028,#14029);
#14027 = CARTESIAN_POINT('',(-3.,190.,1.275E+03));
#14028 = DIRECTION('',(1.,0.,-0.));
#14029 = DIRECTION('',(0.,0.,1.));
#14030 = PLANE('',#14031);
#14031 = AXIS2_PLACEMENT_3D('',#14032,#14033,#14034);
#14032 = CARTESIAN_POINT('',(-3.,190.,1.275E+03));
#14033 = DIRECTION('',(-1.,0.,0.));
#14034 = DIRECTION('',(0.,0.,-1.));
#14035 = ADVANCED_FACE('',(#14036),#14055,.T.);
#14036 = FACE_BOUND('',#14037,.T.);
#14037 = EDGE_LOOP('',(#14038,#14047,#14053,#14054));
#14038 = ORIENTED_EDGE('',*,*,#14039,.F.);
#14039 = EDGE_CURVE('',#14040,#14040,#14042,.T.);
#14040 = VERTEX_POINT('',#14041);
#14041 = CARTESIAN_POINT('',(2.,190.,1.277E+03));
#14042 = CIRCLE('',#14043,2.);
#14043 = AXIS2_PLACEMENT_3D('',#14044,#14045,#14046);
#14044 = CARTESIAN_POINT('',(2.,190.,1.275E+03));
#14045 = DIRECTION('',(1.,0.,-0.));
#14046 = DIRECTION('',(0.,0.,1.));
#14047 = ORIENTED_EDGE('',*,*,#14048,.F.);
#14048 = EDGE_CURVE('',#14023,#14040,#14049,.T.);
#14049 = LINE('',#14050,#14051);
#14050 = CARTESIAN_POINT('',(-3.,190.,1.277E+03));
#14051 = VECTOR('',#14052,1.);
#14052 = DIRECTION('',(1.,0.,0.));
#14053 = ORIENTED_EDGE('',*,*,#14022,.T.);
#14054 = ORIENTED_EDGE('',*,*,#14048,.T.);
#14055 = CYLINDRICAL_SURFACE('',#14056,2.);
#14056 = AXIS2_PLACEMENT_3D('',#14057,#14058,#14059);
#14057 = CARTESIAN_POINT('',(-3.,190.,1.275E+03));
#14058 = DIRECTION('',(1.,-0.,-0.));
#14059 = DIRECTION('',(0.,0.,1.));
#14060 = ADVANCED_FACE('',(#14061,#14072),#14075,.F.);
#14061 = FACE_BOUND('',#14062,.F.);
#14062 = EDGE_LOOP('',(#14063));
#14063 = ORIENTED_EDGE('',*,*,#14064,.T.);
#14064 = EDGE_CURVE('',#14065,#14065,#14067,.T.);
#14065 = VERTEX_POINT('',#14066);
#14066 = CARTESIAN_POINT('',(2.,190.,1.2778E+03));
#14067 = CIRCLE('',#14068,2.8);
#14068 = AXIS2_PLACEMENT_3D('',#14069,#14070,#14071);
#14069 = CARTESIAN_POINT('',(2.,190.,1.275E+03));
#14070 = DIRECTION('',(1.,0.,-0.));
#14071 = DIRECTION('',(0.,0.,1.));
#14072 = FACE_BOUND('',#14073,.F.);
#14073 = EDGE_LOOP('',(#14074));
#14074 = ORIENTED_EDGE('',*,*,#14039,.F.);
#14075 = PLANE('',#14076);
#14076 = AXIS2_PLACEMENT_3D('',#14077,#14078,#14079);
#14077 = CARTESIAN_POINT('',(2.,190.,1.275E+03));
#14078 = DIRECTION('',(1.,-0.,-0.));
#14079 = DIRECTION('',(0.,0.,1.));
#14080 = ADVANCED_FACE('',(#14081),#14100,.T.);
#14081 = FACE_BOUND('',#14082,.T.);
#14082 = EDGE_LOOP('',(#14083,#14092,#14098,#14099));
#14083 = ORIENTED_EDGE('',*,*,#14084,.F.);
#14084 = EDGE_CURVE('',#14085,#14085,#14087,.T.);
#14085 = VERTEX_POINT('',#14086);
#14086 = CARTESIAN_POINT('',(4.5,190.,1.2778E+03));
#14087 = CIRCLE('',#14088,2.8);
#14088 = AXIS2_PLACEMENT_3D('',#14089,#14090,#14091);
#14089 = CARTESIAN_POINT('',(4.5,190.,1.275E+03));
#14090 = DIRECTION('',(1.,0.,-0.));
#14091 = DIRECTION('',(0.,0.,1.));
#14092 = ORIENTED_EDGE('',*,*,#14093,.F.);
#14093 = EDGE_CURVE('',#14065,#14085,#14094,.T.);
#14094 = LINE('',#14095,#14096);
#14095 = CARTESIAN_POINT('',(2.,190.,1.2778E+03));
#14096 = VECTOR('',#14097,1.);
#14097 = DIRECTION('',(1.,0.,0.));
#14098 = ORIENTED_EDGE('',*,*,#14064,.T.);
#14099 = ORIENTED_EDGE('',*,*,#14093,.T.);
#14100 = CYLINDRICAL_SURFACE('',#14101,2.8);
#14101 = AXIS2_PLACEMENT_3D('',#14102,#14103,#14104);
#14102 = CARTESIAN_POINT('',(2.,190.,1.275E+03));
#14103 = DIRECTION('',(1.,-0.,-0.));
#14104 = DIRECTION('',(0.,0.,1.));
#14105 = ADVANCED_FACE('',(#14106),#14109,.T.);
#14106 = FACE_BOUND('',#14107,.T.);
#14107 = EDGE_LOOP('',(#14108));
#14108 = ORIENTED_EDGE('',*,*,#14084,.T.);
#14109 = PLANE('',#14110);
#14110 = AXIS2_PLACEMENT_3D('',#14111,#14112,#14113);
#14111 = CARTESIAN_POINT('',(4.5,190.,1.275E+03));
#14112 = DIRECTION('',(1.,-0.,-0.));
#14113 = DIRECTION('',(0.,0.,1.));
#14114 = MANIFOLD_SOLID_BREP('',#14115);
#14115 = CLOSED_SHELL('',(#14116,#14143,#14163,#14188,#14208,#14233));
#14116 = ADVANCED_FACE('',(#14117),#14138,.T.);
#14117 = FACE_BOUND('',#14118,.T.);
#14118 = EDGE_LOOP('',(#14119,#14130,#14131));
#14119 = ORIENTED_EDGE('',*,*,#14120,.T.);
#14120 = EDGE_CURVE('',#14121,#14123,#14125,.T.);
#14121 = VERTEX_POINT('',#14122);
#14122 = CARTESIAN_POINT('',(24.,130.,1.2965E+03));
#14123 = VERTEX_POINT('',#14124);
#14124 = CARTESIAN_POINT('',(20.,130.,1.2977E+03));
#14125 = CIRCLE('',#14126,7.266666666667);
#14126 = AXIS2_PLACEMENT_3D('',#14127,#14128,#14129);
#14127 = CARTESIAN_POINT('',(20.,130.,1.290433333333E+03));
#14128 = DIRECTION('',(-2.449293598295E-16,-1.,0.));
#14129 = DIRECTION('',(1.,-2.449293598295E-16,0.));
#14130 = ORIENTED_EDGE('',*,*,#14120,.F.);
#14131 = ORIENTED_EDGE('',*,*,#14132,.T.);
#14132 = EDGE_CURVE('',#14121,#14121,#14133,.T.);
#14133 = CIRCLE('',#14134,4.);
#14134 = AXIS2_PLACEMENT_3D('',#14135,#14136,#14137);
#14135 = CARTESIAN_POINT('',(20.,130.,1.2965E+03));
#14136 = DIRECTION('',(0.,0.,1.));
#14137 = DIRECTION('',(1.,0.,-0.));
#14138 = SPHERICAL_SURFACE('',#14139,7.266666666667);
#14139 = AXIS2_PLACEMENT_3D('',#14140,#14141,#14142);
#14140 = CARTESIAN_POINT('',(20.,130.,1.290433333333E+03));
#14141 = DIRECTION('',(0.,0.,1.));
#14142 = DIRECTION('',(1.,0.,-0.));
#14143 = ADVANCED_FACE('',(#14144,#14147),#14158,.F.);
#14144 = FACE_BOUND('',#14145,.F.);
#14145 = EDGE_LOOP('',(#14146));
#14146 = ORIENTED_EDGE('',*,*,#14132,.T.);
#14147 = FACE_BOUND('',#14148,.F.);
#14148 = EDGE_LOOP('',(#14149));
#14149 = ORIENTED_EDGE('',*,*,#14150,.T.);
#14150 = EDGE_CURVE('',#14151,#14151,#14153,.T.);
#14151 = VERTEX_POINT('',#14152);
#14152 = CARTESIAN_POINT('',(18.,130.,1.2965E+03));
#14153 = CIRCLE('',#14154,2.);
#14154 = AXIS2_PLACEMENT_3D('',#14155,#14156,#14157);
#14155 = CARTESIAN_POINT('',(20.,130.,1.2965E+03));
#14156 = DIRECTION('',(-0.,0.,-1.));
#14157 = DIRECTION('',(-1.,0.,0.));
#14158 = PLANE('',#14159);
#14159 = AXIS2_PLACEMENT_3D('',#14160,#14161,#14162);
#14160 = CARTESIAN_POINT('',(20.,130.,1.2965E+03));
#14161 = DIRECTION('',(0.,0.,1.));
#14162 = DIRECTION('',(1.,0.,-0.));
#14163 = ADVANCED_FACE('',(#14164),#14183,.T.);
#14164 = FACE_BOUND('',#14165,.T.);
#14165 = EDGE_LOOP('',(#14166,#14175,#14181,#14182));
#14166 = ORIENTED_EDGE('',*,*,#14167,.F.);
#14167 = EDGE_CURVE('',#14168,#14168,#14170,.T.);
#14168 = VERTEX_POINT('',#14169);
#14169 = CARTESIAN_POINT('',(18.,130.,1.293E+03));
#14170 = CIRCLE('',#14171,2.);
#14171 = AXIS2_PLACEMENT_3D('',#14172,#14173,#14174);
#14172 = CARTESIAN_POINT('',(20.,130.,1.293E+03));
#14173 = DIRECTION('',(-0.,0.,-1.));
#14174 = DIRECTION('',(-1.,0.,0.));
#14175 = ORIENTED_EDGE('',*,*,#14176,.F.);
#14176 = EDGE_CURVE('',#14151,#14168,#14177,.T.);
#14177 = LINE('',#14178,#14179);
#14178 = CARTESIAN_POINT('',(18.,130.,1.2965E+03));
#14179 = VECTOR('',#14180,1.);
#14180 = DIRECTION('',(0.,-0.,-1.));
#14181 = ORIENTED_EDGE('',*,*,#14150,.T.);
#14182 = ORIENTED_EDGE('',*,*,#14176,.T.);
#14183 = CYLINDRICAL_SURFACE('',#14184,2.);
#14184 = AXIS2_PLACEMENT_3D('',#14185,#14186,#14187);
#14185 = CARTESIAN_POINT('',(20.,130.,1.2965E+03));
#14186 = DIRECTION('',(-0.,-0.,-1.));
#14187 = DIRECTION('',(-1.,0.,0.));
#14188 = ADVANCED_FACE('',(#14189,#14200),#14203,.F.);
#14189 = FACE_BOUND('',#14190,.F.);
#14190 = EDGE_LOOP('',(#14191));
#14191 = ORIENTED_EDGE('',*,*,#14192,.T.);
#14192 = EDGE_CURVE('',#14193,#14193,#14195,.T.);
#14193 = VERTEX_POINT('',#14194);
#14194 = CARTESIAN_POINT('',(17.2,130.,1.293E+03));
#14195 = CIRCLE('',#14196,2.8);
#14196 = AXIS2_PLACEMENT_3D('',#14197,#14198,#14199);
#14197 = CARTESIAN_POINT('',(20.,130.,1.293E+03));
#14198 = DIRECTION('',(-0.,0.,-1.));
#14199 = DIRECTION('',(-1.,0.,0.));
#14200 = FACE_BOUND('',#14201,.F.);
#14201 = EDGE_LOOP('',(#14202));
#14202 = ORIENTED_EDGE('',*,*,#14167,.F.);
#14203 = PLANE('',#14204);
#14204 = AXIS2_PLACEMENT_3D('',#14205,#14206,#14207);
#14205 = CARTESIAN_POINT('',(20.,130.,1.293E+03));
#14206 = DIRECTION('',(-0.,-0.,-1.));
#14207 = DIRECTION('',(-1.,0.,0.));
#14208 = ADVANCED_FACE('',(#14209),#14228,.T.);
#14209 = FACE_BOUND('',#14210,.T.);
#14210 = EDGE_LOOP('',(#14211,#14220,#14226,#14227));
#14211 = ORIENTED_EDGE('',*,*,#14212,.F.);
#14212 = EDGE_CURVE('',#14213,#14213,#14215,.T.);
#14213 = VERTEX_POINT('',#14214);
#14214 = CARTESIAN_POINT('',(17.2,130.,1.2905E+03));
#14215 = CIRCLE('',#14216,2.8);
#14216 = AXIS2_PLACEMENT_3D('',#14217,#14218,#14219);
#14217 = CARTESIAN_POINT('',(20.,130.,1.2905E+03));
#14218 = DIRECTION('',(-0.,0.,-1.));
#14219 = DIRECTION('',(-1.,0.,0.));
#14220 = ORIENTED_EDGE('',*,*,#14221,.F.);
#14221 = EDGE_CURVE('',#14193,#14213,#14222,.T.);
#14222 = LINE('',#14223,#14224);
#14223 = CARTESIAN_POINT('',(17.2,130.,1.293E+03));
#14224 = VECTOR('',#14225,1.);
#14225 = DIRECTION('',(0.,-0.,-1.));
#14226 = ORIENTED_EDGE('',*,*,#14192,.T.);
#14227 = ORIENTED_EDGE('',*,*,#14221,.T.);
#14228 = CYLINDRICAL_SURFACE('',#14229,2.8);
#14229 = AXIS2_PLACEMENT_3D('',#14230,#14231,#14232);
#14230 = CARTESIAN_POINT('',(20.,130.,1.293E+03));
#14231 = DIRECTION('',(-0.,-0.,-1.));
#14232 = DIRECTION('',(-1.,0.,0.));
#14233 = ADVANCED_FACE('',(#14234),#14237,.T.);
#14234 = FACE_BOUND('',#14235,.T.);
#14235 = EDGE_LOOP('',(#14236));
#14236 = ORIENTED_EDGE('',*,*,#14212,.T.);
#14237 = PLANE('',#14238);
#14238 = AXIS2_PLACEMENT_3D('',#14239,#14240,#14241);
#14239 = CARTESIAN_POINT('',(20.,130.,1.2905E+03));
#14240 = DIRECTION('',(-0.,-0.,-1.));
#14241 = DIRECTION('',(-1.,0.,0.));
#14242 = MANIFOLD_SOLID_BREP('',#14243);
#14243 = CLOSED_SHELL('',(#14244,#14279,#14296,#14317,#14342,#14362,
    #14387));
#14244 = ADVANCED_FACE('',(#14245),#14274,.T.);
#14245 = FACE_BOUND('',#14246,.T.);
#14246 = EDGE_LOOP('',(#14247,#14258,#14267));
#14247 = ORIENTED_EDGE('',*,*,#14248,.T.);
#14248 = EDGE_CURVE('',#14249,#14251,#14253,.T.);
#14249 = VERTEX_POINT('',#14250);
#14250 = CARTESIAN_POINT('',(1.7042E+03,70.,1.275E+03));
#14251 = VERTEX_POINT('',#14252);
#14252 = CARTESIAN_POINT('',(1.703E+03,70.,1.279E+03));
#14253 = CIRCLE('',#14254,7.266666666667);
#14254 = AXIS2_PLACEMENT_3D('',#14255,#14256,#14257);
#14255 = CARTESIAN_POINT('',(1.696933333333E+03,70.,1.275E+03));
#14256 = DIRECTION('',(-2.449293598295E-16,-1.,0.));
#14257 = DIRECTION('',(1.,-2.449293598295E-16,0.));
#14258 = ORIENTED_EDGE('',*,*,#14259,.T.);
#14259 = EDGE_CURVE('',#14251,#14260,#14262,.T.);
#14260 = VERTEX_POINT('',#14261);
#14261 = CARTESIAN_POINT('',(1.703E+03,70.,1.271E+03));
#14262 = CIRCLE('',#14263,4.);
#14263 = AXIS2_PLACEMENT_3D('',#14264,#14265,#14266);
#14264 = CARTESIAN_POINT('',(1.703E+03,70.,1.275E+03));
#14265 = DIRECTION('',(1.,0.,0.));
#14266 = DIRECTION('',(-0.,0.,1.));
#14267 = ORIENTED_EDGE('',*,*,#14268,.T.);
#14268 = EDGE_CURVE('',#14260,#14249,#14269,.T.);
#14269 = CIRCLE('',#14270,7.266666666667);
#14270 = AXIS2_PLACEMENT_3D('',#14271,#14272,#14273);
#14271 = CARTESIAN_POINT('',(1.696933333333E+03,70.,1.275E+03));
#14272 = DIRECTION('',(-2.449293598295E-16,-1.,0.));
#14273 = DIRECTION('',(1.,-2.449293598295E-16,0.));
#14274 = SPHERICAL_SURFACE('',#14275,7.266666666667);
#14275 = AXIS2_PLACEMENT_3D('',#14276,#14277,#14278);
#14276 = CARTESIAN_POINT('',(1.696933333333E+03,70.,1.275E+03));
#14277 = DIRECTION('',(0.,0.,1.));
#14278 = DIRECTION('',(1.,0.,-0.));
#14279 = ADVANCED_FACE('',(#14280),#14291,.T.);
#14280 = FACE_BOUND('',#14281,.T.);
#14281 = EDGE_LOOP('',(#14282,#14289,#14290));
#14282 = ORIENTED_EDGE('',*,*,#14283,.T.);
#14283 = EDGE_CURVE('',#14260,#14251,#14284,.T.);
#14284 = CIRCLE('',#14285,4.);
#14285 = AXIS2_PLACEMENT_3D('',#14286,#14287,#14288);
#14286 = CARTESIAN_POINT('',(1.703E+03,70.,1.275E+03));
#14287 = DIRECTION('',(1.,0.,0.));
#14288 = DIRECTION('',(-0.,0.,1.));
#14289 = ORIENTED_EDGE('',*,*,#14248,.F.);
#14290 = ORIENTED_EDGE('',*,*,#14268,.F.);
#14291 = SPHERICAL_SURFACE('',#14292,7.266666666667);
#14292 = AXIS2_PLACEMENT_3D('',#14293,#14294,#14295);
#14293 = CARTESIAN_POINT('',(1.696933333333E+03,70.,1.275E+03));
#14294 = DIRECTION('',(0.,0.,1.));
#14295 = DIRECTION('',(1.,0.,-0.));
#14296 = ADVANCED_FACE('',(#14297,#14301),#14312,.F.);
#14297 = FACE_BOUND('',#14298,.F.);
#14298 = EDGE_LOOP('',(#14299,#14300));
#14299 = ORIENTED_EDGE('',*,*,#14259,.T.);
#14300 = ORIENTED_EDGE('',*,*,#14283,.T.);
#14301 = FACE_BOUND('',#14302,.F.);
#14302 = EDGE_LOOP('',(#14303));
#14303 = ORIENTED_EDGE('',*,*,#14304,.T.);
#14304 = EDGE_CURVE('',#14305,#14305,#14307,.T.);
#14305 = VERTEX_POINT('',#14306);
#14306 = CARTESIAN_POINT('',(1.703E+03,70.,1.273E+03));
#14307 = CIRCLE('',#14308,2.);
#14308 = AXIS2_PLACEMENT_3D('',#14309,#14310,#14311);
#14309 = CARTESIAN_POINT('',(1.703E+03,70.,1.275E+03));
#14310 = DIRECTION('',(-1.,-0.,-0.));
#14311 = DIRECTION('',(0.,0.,-1.));
#14312 = PLANE('',#14313);
#14313 = AXIS2_PLACEMENT_3D('',#14314,#14315,#14316);
#14314 = CARTESIAN_POINT('',(1.703E+03,70.,1.275E+03));
#14315 = DIRECTION('',(1.,0.,0.));
#14316 = DIRECTION('',(-0.,0.,1.));
#14317 = ADVANCED_FACE('',(#14318),#14337,.T.);
#14318 = FACE_BOUND('',#14319,.T.);
#14319 = EDGE_LOOP('',(#14320,#14329,#14335,#14336));
#14320 = ORIENTED_EDGE('',*,*,#14321,.F.);
#14321 = EDGE_CURVE('',#14322,#14322,#14324,.T.);
#14322 = VERTEX_POINT('',#14323);
#14323 = CARTESIAN_POINT('',(1.698E+03,70.,1.273E+03));
#14324 = CIRCLE('',#14325,2.);
#14325 = AXIS2_PLACEMENT_3D('',#14326,#14327,#14328);
#14326 = CARTESIAN_POINT('',(1.698E+03,70.,1.275E+03));
#14327 = DIRECTION('',(-1.,-0.,-0.));
#14328 = DIRECTION('',(0.,0.,-1.));
#14329 = ORIENTED_EDGE('',*,*,#14330,.F.);
#14330 = EDGE_CURVE('',#14305,#14322,#14331,.T.);
#14331 = LINE('',#14332,#14333);
#14332 = CARTESIAN_POINT('',(1.703E+03,70.,1.273E+03));
#14333 = VECTOR('',#14334,1.);
#14334 = DIRECTION('',(-1.,0.,-0.));
#14335 = ORIENTED_EDGE('',*,*,#14304,.T.);
#14336 = ORIENTED_EDGE('',*,*,#14330,.T.);
#14337 = CYLINDRICAL_SURFACE('',#14338,2.);
#14338 = AXIS2_PLACEMENT_3D('',#14339,#14340,#14341);
#14339 = CARTESIAN_POINT('',(1.703E+03,70.,1.275E+03));
#14340 = DIRECTION('',(-1.,-0.,-0.));
#14341 = DIRECTION('',(0.,0.,-1.));
#14342 = ADVANCED_FACE('',(#14343,#14354),#14357,.F.);
#14343 = FACE_BOUND('',#14344,.F.);
#14344 = EDGE_LOOP('',(#14345));
#14345 = ORIENTED_EDGE('',*,*,#14346,.T.);
#14346 = EDGE_CURVE('',#14347,#14347,#14349,.T.);
#14347 = VERTEX_POINT('',#14348);
#14348 = CARTESIAN_POINT('',(1.698E+03,70.,1.2722E+03));
#14349 = CIRCLE('',#14350,2.8);
#14350 = AXIS2_PLACEMENT_3D('',#14351,#14352,#14353);
#14351 = CARTESIAN_POINT('',(1.698E+03,70.,1.275E+03));
#14352 = DIRECTION('',(-1.,-0.,-0.));
#14353 = DIRECTION('',(0.,0.,-1.));
#14354 = FACE_BOUND('',#14355,.F.);
#14355 = EDGE_LOOP('',(#14356));
#14356 = ORIENTED_EDGE('',*,*,#14321,.F.);
#14357 = PLANE('',#14358);
#14358 = AXIS2_PLACEMENT_3D('',#14359,#14360,#14361);
#14359 = CARTESIAN_POINT('',(1.698E+03,70.,1.275E+03));
#14360 = DIRECTION('',(-1.,-0.,-0.));
#14361 = DIRECTION('',(0.,0.,-1.));
#14362 = ADVANCED_FACE('',(#14363),#14382,.T.);
#14363 = FACE_BOUND('',#14364,.T.);
#14364 = EDGE_LOOP('',(#14365,#14374,#14380,#14381));
#14365 = ORIENTED_EDGE('',*,*,#14366,.F.);
#14366 = EDGE_CURVE('',#14367,#14367,#14369,.T.);
#14367 = VERTEX_POINT('',#14368);
#14368 = CARTESIAN_POINT('',(1.6955E+03,70.,1.2722E+03));
#14369 = CIRCLE('',#14370,2.8);
#14370 = AXIS2_PLACEMENT_3D('',#14371,#14372,#14373);
#14371 = CARTESIAN_POINT('',(1.6955E+03,70.,1.275E+03));
#14372 = DIRECTION('',(-1.,-0.,-0.));
#14373 = DIRECTION('',(0.,0.,-1.));
#14374 = ORIENTED_EDGE('',*,*,#14375,.F.);
#14375 = EDGE_CURVE('',#14347,#14367,#14376,.T.);
#14376 = LINE('',#14377,#14378);
#14377 = CARTESIAN_POINT('',(1.698E+03,70.,1.2722E+03));
#14378 = VECTOR('',#14379,1.);
#14379 = DIRECTION('',(-1.,0.,-0.));
#14380 = ORIENTED_EDGE('',*,*,#14346,.T.);
#14381 = ORIENTED_EDGE('',*,*,#14375,.T.);
#14382 = CYLINDRICAL_SURFACE('',#14383,2.8);
#14383 = AXIS2_PLACEMENT_3D('',#14384,#14385,#14386);
#14384 = CARTESIAN_POINT('',(1.698E+03,70.,1.275E+03));
#14385 = DIRECTION('',(-1.,-0.,-0.));
#14386 = DIRECTION('',(0.,0.,-1.));
#14387 = ADVANCED_FACE('',(#14388),#14391,.T.);
#14388 = FACE_BOUND('',#14389,.T.);
#14389 = EDGE_LOOP('',(#14390));
#14390 = ORIENTED_EDGE('',*,*,#14366,.T.);
#14391 = PLANE('',#14392);
#14392 = AXIS2_PLACEMENT_3D('',#14393,#14394,#14395);
#14393 = CARTESIAN_POINT('',(1.6955E+03,70.,1.275E+03));
#14394 = DIRECTION('',(-1.,-0.,-0.));
#14395 = DIRECTION('',(0.,0.,-1.));
#14396 = MANIFOLD_SOLID_BREP('',#14397);
#14397 = CLOSED_SHELL('',(#14398,#14433,#14450,#14471,#14496,#14516,
    #14541));
#14398 = ADVANCED_FACE('',(#14399),#14428,.T.);
#14399 = FACE_BOUND('',#14400,.T.);
#14400 = EDGE_LOOP('',(#14401,#14412,#14421));
#14401 = ORIENTED_EDGE('',*,*,#14402,.T.);
#14402 = EDGE_CURVE('',#14403,#14405,#14407,.T.);
#14403 = VERTEX_POINT('',#14404);
#14404 = CARTESIAN_POINT('',(1.7042E+03,190.,1.275E+03));
#14405 = VERTEX_POINT('',#14406);
#14406 = CARTESIAN_POINT('',(1.703E+03,190.,1.279E+03));
#14407 = CIRCLE('',#14408,7.266666666667);
#14408 = AXIS2_PLACEMENT_3D('',#14409,#14410,#14411);
#14409 = CARTESIAN_POINT('',(1.696933333333E+03,190.,1.275E+03));
#14410 = DIRECTION('',(-2.449293598295E-16,-1.,0.));
#14411 = DIRECTION('',(1.,-2.449293598295E-16,0.));
#14412 = ORIENTED_EDGE('',*,*,#14413,.T.);
#14413 = EDGE_CURVE('',#14405,#14414,#14416,.T.);
#14414 = VERTEX_POINT('',#14415);
#14415 = CARTESIAN_POINT('',(1.703E+03,190.,1.271E+03));
#14416 = CIRCLE('',#14417,4.);
#14417 = AXIS2_PLACEMENT_3D('',#14418,#14419,#14420);
#14418 = CARTESIAN_POINT('',(1.703E+03,190.,1.275E+03));
#14419 = DIRECTION('',(1.,0.,0.));
#14420 = DIRECTION('',(-0.,0.,1.));
#14421 = ORIENTED_EDGE('',*,*,#14422,.T.);
#14422 = EDGE_CURVE('',#14414,#14403,#14423,.T.);
#14423 = CIRCLE('',#14424,7.266666666667);
#14424 = AXIS2_PLACEMENT_3D('',#14425,#14426,#14427);
#14425 = CARTESIAN_POINT('',(1.696933333333E+03,190.,1.275E+03));
#14426 = DIRECTION('',(-2.449293598295E-16,-1.,0.));
#14427 = DIRECTION('',(1.,-2.449293598295E-16,0.));
#14428 = SPHERICAL_SURFACE('',#14429,7.266666666667);
#14429 = AXIS2_PLACEMENT_3D('',#14430,#14431,#14432);
#14430 = CARTESIAN_POINT('',(1.696933333333E+03,190.,1.275E+03));
#14431 = DIRECTION('',(0.,0.,1.));
#14432 = DIRECTION('',(1.,0.,-0.));
#14433 = ADVANCED_FACE('',(#14434),#14445,.T.);
#14434 = FACE_BOUND('',#14435,.T.);
#14435 = EDGE_LOOP('',(#14436,#14443,#14444));
#14436 = ORIENTED_EDGE('',*,*,#14437,.T.);
#14437 = EDGE_CURVE('',#14414,#14405,#14438,.T.);
#14438 = CIRCLE('',#14439,4.);
#14439 = AXIS2_PLACEMENT_3D('',#14440,#14441,#14442);
#14440 = CARTESIAN_POINT('',(1.703E+03,190.,1.275E+03));
#14441 = DIRECTION('',(1.,0.,0.));
#14442 = DIRECTION('',(-0.,0.,1.));
#14443 = ORIENTED_EDGE('',*,*,#14402,.F.);
#14444 = ORIENTED_EDGE('',*,*,#14422,.F.);
#14445 = SPHERICAL_SURFACE('',#14446,7.266666666667);
#14446 = AXIS2_PLACEMENT_3D('',#14447,#14448,#14449);
#14447 = CARTESIAN_POINT('',(1.696933333333E+03,190.,1.275E+03));
#14448 = DIRECTION('',(0.,0.,1.));
#14449 = DIRECTION('',(1.,0.,-0.));
#14450 = ADVANCED_FACE('',(#14451,#14455),#14466,.F.);
#14451 = FACE_BOUND('',#14452,.F.);
#14452 = EDGE_LOOP('',(#14453,#14454));
#14453 = ORIENTED_EDGE('',*,*,#14413,.T.);
#14454 = ORIENTED_EDGE('',*,*,#14437,.T.);
#14455 = FACE_BOUND('',#14456,.F.);
#14456 = EDGE_LOOP('',(#14457));
#14457 = ORIENTED_EDGE('',*,*,#14458,.T.);
#14458 = EDGE_CURVE('',#14459,#14459,#14461,.T.);
#14459 = VERTEX_POINT('',#14460);
#14460 = CARTESIAN_POINT('',(1.703E+03,190.,1.273E+03));
#14461 = CIRCLE('',#14462,2.);
#14462 = AXIS2_PLACEMENT_3D('',#14463,#14464,#14465);
#14463 = CARTESIAN_POINT('',(1.703E+03,190.,1.275E+03));
#14464 = DIRECTION('',(-1.,-0.,-0.));
#14465 = DIRECTION('',(0.,0.,-1.));
#14466 = PLANE('',#14467);
#14467 = AXIS2_PLACEMENT_3D('',#14468,#14469,#14470);
#14468 = CARTESIAN_POINT('',(1.703E+03,190.,1.275E+03));
#14469 = DIRECTION('',(1.,0.,0.));
#14470 = DIRECTION('',(-0.,0.,1.));
#14471 = ADVANCED_FACE('',(#14472),#14491,.T.);
#14472 = FACE_BOUND('',#14473,.T.);
#14473 = EDGE_LOOP('',(#14474,#14483,#14489,#14490));
#14474 = ORIENTED_EDGE('',*,*,#14475,.F.);
#14475 = EDGE_CURVE('',#14476,#14476,#14478,.T.);
#14476 = VERTEX_POINT('',#14477);
#14477 = CARTESIAN_POINT('',(1.698E+03,190.,1.273E+03));
#14478 = CIRCLE('',#14479,2.);
#14479 = AXIS2_PLACEMENT_3D('',#14480,#14481,#14482);
#14480 = CARTESIAN_POINT('',(1.698E+03,190.,1.275E+03));
#14481 = DIRECTION('',(-1.,-0.,-0.));
#14482 = DIRECTION('',(0.,0.,-1.));
#14483 = ORIENTED_EDGE('',*,*,#14484,.F.);
#14484 = EDGE_CURVE('',#14459,#14476,#14485,.T.);
#14485 = LINE('',#14486,#14487);
#14486 = CARTESIAN_POINT('',(1.703E+03,190.,1.273E+03));
#14487 = VECTOR('',#14488,1.);
#14488 = DIRECTION('',(-1.,0.,-0.));
#14489 = ORIENTED_EDGE('',*,*,#14458,.T.);
#14490 = ORIENTED_EDGE('',*,*,#14484,.T.);
#14491 = CYLINDRICAL_SURFACE('',#14492,2.);
#14492 = AXIS2_PLACEMENT_3D('',#14493,#14494,#14495);
#14493 = CARTESIAN_POINT('',(1.703E+03,190.,1.275E+03));
#14494 = DIRECTION('',(-1.,-0.,-0.));
#14495 = DIRECTION('',(0.,0.,-1.));
#14496 = ADVANCED_FACE('',(#14497,#14508),#14511,.F.);
#14497 = FACE_BOUND('',#14498,.F.);
#14498 = EDGE_LOOP('',(#14499));
#14499 = ORIENTED_EDGE('',*,*,#14500,.T.);
#14500 = EDGE_CURVE('',#14501,#14501,#14503,.T.);
#14501 = VERTEX_POINT('',#14502);
#14502 = CARTESIAN_POINT('',(1.698E+03,190.,1.2722E+03));
#14503 = CIRCLE('',#14504,2.8);
#14504 = AXIS2_PLACEMENT_3D('',#14505,#14506,#14507);
#14505 = CARTESIAN_POINT('',(1.698E+03,190.,1.275E+03));
#14506 = DIRECTION('',(-1.,-0.,-0.));
#14507 = DIRECTION('',(0.,0.,-1.));
#14508 = FACE_BOUND('',#14509,.F.);
#14509 = EDGE_LOOP('',(#14510));
#14510 = ORIENTED_EDGE('',*,*,#14475,.F.);
#14511 = PLANE('',#14512);
#14512 = AXIS2_PLACEMENT_3D('',#14513,#14514,#14515);
#14513 = CARTESIAN_POINT('',(1.698E+03,190.,1.275E+03));
#14514 = DIRECTION('',(-1.,-0.,-0.));
#14515 = DIRECTION('',(0.,0.,-1.));
#14516 = ADVANCED_FACE('',(#14517),#14536,.T.);
#14517 = FACE_BOUND('',#14518,.T.);
#14518 = EDGE_LOOP('',(#14519,#14528,#14534,#14535));
#14519 = ORIENTED_EDGE('',*,*,#14520,.F.);
#14520 = EDGE_CURVE('',#14521,#14521,#14523,.T.);
#14521 = VERTEX_POINT('',#14522);
#14522 = CARTESIAN_POINT('',(1.6955E+03,190.,1.2722E+03));
#14523 = CIRCLE('',#14524,2.8);
#14524 = AXIS2_PLACEMENT_3D('',#14525,#14526,#14527);
#14525 = CARTESIAN_POINT('',(1.6955E+03,190.,1.275E+03));
#14526 = DIRECTION('',(-1.,-0.,-0.));
#14527 = DIRECTION('',(0.,0.,-1.));
#14528 = ORIENTED_EDGE('',*,*,#14529,.F.);
#14529 = EDGE_CURVE('',#14501,#14521,#14530,.T.);
#14530 = LINE('',#14531,#14532);
#14531 = CARTESIAN_POINT('',(1.698E+03,190.,1.2722E+03));
#14532 = VECTOR('',#14533,1.);
#14533 = DIRECTION('',(-1.,0.,-0.));
#14534 = ORIENTED_EDGE('',*,*,#14500,.T.);
#14535 = ORIENTED_EDGE('',*,*,#14529,.T.);
#14536 = CYLINDRICAL_SURFACE('',#14537,2.8);
#14537 = AXIS2_PLACEMENT_3D('',#14538,#14539,#14540);
#14538 = CARTESIAN_POINT('',(1.698E+03,190.,1.275E+03));
#14539 = DIRECTION('',(-1.,-0.,-0.));
#14540 = DIRECTION('',(0.,0.,-1.));
#14541 = ADVANCED_FACE('',(#14542),#14545,.T.);
#14542 = FACE_BOUND('',#14543,.T.);
#14543 = EDGE_LOOP('',(#14544));
#14544 = ORIENTED_EDGE('',*,*,#14520,.T.);
#14545 = PLANE('',#14546);
#14546 = AXIS2_PLACEMENT_3D('',#14547,#14548,#14549);
#14547 = CARTESIAN_POINT('',(1.6955E+03,190.,1.275E+03));
#14548 = DIRECTION('',(-1.,-0.,-0.));
#14549 = DIRECTION('',(0.,0.,-1.));
#14550 = MANIFOLD_SOLID_BREP('',#14551);
#14551 = CLOSED_SHELL('',(#14552,#14579,#14599,#14624,#14644,#14669));
#14552 = ADVANCED_FACE('',(#14553),#14574,.T.);
#14553 = FACE_BOUND('',#14554,.T.);
#14554 = EDGE_LOOP('',(#14555,#14566,#14567));
#14555 = ORIENTED_EDGE('',*,*,#14556,.T.);
#14556 = EDGE_CURVE('',#14557,#14559,#14561,.T.);
#14557 = VERTEX_POINT('',#14558);
#14558 = CARTESIAN_POINT('',(1.684E+03,130.,1.2965E+03));
#14559 = VERTEX_POINT('',#14560);
#14560 = CARTESIAN_POINT('',(1.68E+03,130.,1.2977E+03));
#14561 = CIRCLE('',#14562,7.266666666667);
#14562 = AXIS2_PLACEMENT_3D('',#14563,#14564,#14565);
#14563 = CARTESIAN_POINT('',(1.68E+03,130.,1.290433333333E+03));
#14564 = DIRECTION('',(-2.449293598295E-16,-1.,0.));
#14565 = DIRECTION('',(1.,-2.449293598295E-16,0.));
#14566 = ORIENTED_EDGE('',*,*,#14556,.F.);
#14567 = ORIENTED_EDGE('',*,*,#14568,.T.);
#14568 = EDGE_CURVE('',#14557,#14557,#14569,.T.);
#14569 = CIRCLE('',#14570,4.);
#14570 = AXIS2_PLACEMENT_3D('',#14571,#14572,#14573);
#14571 = CARTESIAN_POINT('',(1.68E+03,130.,1.2965E+03));
#14572 = DIRECTION('',(0.,0.,1.));
#14573 = DIRECTION('',(1.,0.,-0.));
#14574 = SPHERICAL_SURFACE('',#14575,7.266666666667);
#14575 = AXIS2_PLACEMENT_3D('',#14576,#14577,#14578);
#14576 = CARTESIAN_POINT('',(1.68E+03,130.,1.290433333333E+03));
#14577 = DIRECTION('',(0.,0.,1.));
#14578 = DIRECTION('',(1.,0.,-0.));
#14579 = ADVANCED_FACE('',(#14580,#14583),#14594,.F.);
#14580 = FACE_BOUND('',#14581,.F.);
#14581 = EDGE_LOOP('',(#14582));
#14582 = ORIENTED_EDGE('',*,*,#14568,.T.);
#14583 = FACE_BOUND('',#14584,.F.);
#14584 = EDGE_LOOP('',(#14585));
#14585 = ORIENTED_EDGE('',*,*,#14586,.T.);
#14586 = EDGE_CURVE('',#14587,#14587,#14589,.T.);
#14587 = VERTEX_POINT('',#14588);
#14588 = CARTESIAN_POINT('',(1.678E+03,130.,1.2965E+03));
#14589 = CIRCLE('',#14590,2.);
#14590 = AXIS2_PLACEMENT_3D('',#14591,#14592,#14593);
#14591 = CARTESIAN_POINT('',(1.68E+03,130.,1.2965E+03));
#14592 = DIRECTION('',(-0.,0.,-1.));
#14593 = DIRECTION('',(-1.,0.,0.));
#14594 = PLANE('',#14595);
#14595 = AXIS2_PLACEMENT_3D('',#14596,#14597,#14598);
#14596 = CARTESIAN_POINT('',(1.68E+03,130.,1.2965E+03));
#14597 = DIRECTION('',(0.,0.,1.));
#14598 = DIRECTION('',(1.,0.,-0.));
#14599 = ADVANCED_FACE('',(#14600),#14619,.T.);
#14600 = FACE_BOUND('',#14601,.T.);
#14601 = EDGE_LOOP('',(#14602,#14611,#14617,#14618));
#14602 = ORIENTED_EDGE('',*,*,#14603,.F.);
#14603 = EDGE_CURVE('',#14604,#14604,#14606,.T.);
#14604 = VERTEX_POINT('',#14605);
#14605 = CARTESIAN_POINT('',(1.678E+03,130.,1.293E+03));
#14606 = CIRCLE('',#14607,2.);
#14607 = AXIS2_PLACEMENT_3D('',#14608,#14609,#14610);
#14608 = CARTESIAN_POINT('',(1.68E+03,130.,1.293E+03));
#14609 = DIRECTION('',(-0.,0.,-1.));
#14610 = DIRECTION('',(-1.,0.,0.));
#14611 = ORIENTED_EDGE('',*,*,#14612,.F.);
#14612 = EDGE_CURVE('',#14587,#14604,#14613,.T.);
#14613 = LINE('',#14614,#14615);
#14614 = CARTESIAN_POINT('',(1.678E+03,130.,1.2965E+03));
#14615 = VECTOR('',#14616,1.);
#14616 = DIRECTION('',(0.,-0.,-1.));
#14617 = ORIENTED_EDGE('',*,*,#14586,.T.);
#14618 = ORIENTED_EDGE('',*,*,#14612,.T.);
#14619 = CYLINDRICAL_SURFACE('',#14620,2.);
#14620 = AXIS2_PLACEMENT_3D('',#14621,#14622,#14623);
#14621 = CARTESIAN_POINT('',(1.68E+03,130.,1.2965E+03));
#14622 = DIRECTION('',(-0.,-0.,-1.));
#14623 = DIRECTION('',(-1.,0.,0.));
#14624 = ADVANCED_FACE('',(#14625,#14636),#14639,.F.);
#14625 = FACE_BOUND('',#14626,.F.);
#14626 = EDGE_LOOP('',(#14627));
#14627 = ORIENTED_EDGE('',*,*,#14628,.T.);
#14628 = EDGE_CURVE('',#14629,#14629,#14631,.T.);
#14629 = VERTEX_POINT('',#14630);
#14630 = CARTESIAN_POINT('',(1.6772E+03,130.,1.293E+03));
#14631 = CIRCLE('',#14632,2.8);
#14632 = AXIS2_PLACEMENT_3D('',#14633,#14634,#14635);
#14633 = CARTESIAN_POINT('',(1.68E+03,130.,1.293E+03));
#14634 = DIRECTION('',(-0.,0.,-1.));
#14635 = DIRECTION('',(-1.,0.,0.));
#14636 = FACE_BOUND('',#14637,.F.);
#14637 = EDGE_LOOP('',(#14638));
#14638 = ORIENTED_EDGE('',*,*,#14603,.F.);
#14639 = PLANE('',#14640);
#14640 = AXIS2_PLACEMENT_3D('',#14641,#14642,#14643);
#14641 = CARTESIAN_POINT('',(1.68E+03,130.,1.293E+03));
#14642 = DIRECTION('',(-0.,-0.,-1.));
#14643 = DIRECTION('',(-1.,0.,0.));
#14644 = ADVANCED_FACE('',(#14645),#14664,.T.);
#14645 = FACE_BOUND('',#14646,.T.);
#14646 = EDGE_LOOP('',(#14647,#14656,#14662,#14663));
#14647 = ORIENTED_EDGE('',*,*,#14648,.F.);
#14648 = EDGE_CURVE('',#14649,#14649,#14651,.T.);
#14649 = VERTEX_POINT('',#14650);
#14650 = CARTESIAN_POINT('',(1.6772E+03,130.,1.2905E+03));
#14651 = CIRCLE('',#14652,2.8);
#14652 = AXIS2_PLACEMENT_3D('',#14653,#14654,#14655);
#14653 = CARTESIAN_POINT('',(1.68E+03,130.,1.2905E+03));
#14654 = DIRECTION('',(-0.,0.,-1.));
#14655 = DIRECTION('',(-1.,0.,0.));
#14656 = ORIENTED_EDGE('',*,*,#14657,.F.);
#14657 = EDGE_CURVE('',#14629,#14649,#14658,.T.);
#14658 = LINE('',#14659,#14660);
#14659 = CARTESIAN_POINT('',(1.6772E+03,130.,1.293E+03));
#14660 = VECTOR('',#14661,1.);
#14661 = DIRECTION('',(0.,-0.,-1.));
#14662 = ORIENTED_EDGE('',*,*,#14628,.T.);
#14663 = ORIENTED_EDGE('',*,*,#14657,.T.);
#14664 = CYLINDRICAL_SURFACE('',#14665,2.8);
#14665 = AXIS2_PLACEMENT_3D('',#14666,#14667,#14668);
#14666 = CARTESIAN_POINT('',(1.68E+03,130.,1.293E+03));
#14667 = DIRECTION('',(-0.,-0.,-1.));
#14668 = DIRECTION('',(-1.,0.,0.));
#14669 = ADVANCED_FACE('',(#14670),#14673,.T.);
#14670 = FACE_BOUND('',#14671,.T.);
#14671 = EDGE_LOOP('',(#14672));
#14672 = ORIENTED_EDGE('',*,*,#14648,.T.);
#14673 = PLANE('',#14674);
#14674 = AXIS2_PLACEMENT_3D('',#14675,#14676,#14677);
#14675 = CARTESIAN_POINT('',(1.68E+03,130.,1.2905E+03));
#14676 = DIRECTION('',(-0.,-0.,-1.));
#14677 = DIRECTION('',(-1.,0.,0.));
#14678 = MANIFOLD_SOLID_BREP('',#14679);
#14679 = CLOSED_SHELL('',(#14680,#14697,#14717,#14742,#14762,#14787));
#14680 = ADVANCED_FACE('',(#14681),#14692,.T.);
#14681 = FACE_BOUND('',#14682,.T.);
#14682 = EDGE_LOOP('',(#14683));
#14683 = ORIENTED_EDGE('',*,*,#14684,.T.);
#14684 = EDGE_CURVE('',#14685,#14685,#14687,.T.);
#14685 = VERTEX_POINT('',#14686);
#14686 = CARTESIAN_POINT('',(-3.,70.,1.586E+03));
#14687 = CIRCLE('',#14688,4.);
#14688 = AXIS2_PLACEMENT_3D('',#14689,#14690,#14691);
#14689 = CARTESIAN_POINT('',(-3.,70.,1.59E+03));
#14690 = DIRECTION('',(-1.,0.,0.));
#14691 = DIRECTION('',(0.,0.,-1.));
#14692 = SPHERICAL_SURFACE('',#14693,7.266666666667);
#14693 = AXIS2_PLACEMENT_3D('',#14694,#14695,#14696);
#14694 = CARTESIAN_POINT('',(3.066666666667,70.,1.59E+03));
#14695 = DIRECTION('',(0.,0.,1.));
#14696 = DIRECTION('',(1.,0.,-0.));
#14697 = ADVANCED_FACE('',(#14698,#14701),#14712,.F.);
#14698 = FACE_BOUND('',#14699,.F.);
#14699 = EDGE_LOOP('',(#14700));
#14700 = ORIENTED_EDGE('',*,*,#14684,.T.);
#14701 = FACE_BOUND('',#14702,.F.);
#14702 = EDGE_LOOP('',(#14703));
#14703 = ORIENTED_EDGE('',*,*,#14704,.T.);
#14704 = EDGE_CURVE('',#14705,#14705,#14707,.T.);
#14705 = VERTEX_POINT('',#14706);
#14706 = CARTESIAN_POINT('',(-3.,70.,1.592E+03));
#14707 = CIRCLE('',#14708,2.);
#14708 = AXIS2_PLACEMENT_3D('',#14709,#14710,#14711);
#14709 = CARTESIAN_POINT('',(-3.,70.,1.59E+03));
#14710 = DIRECTION('',(1.,0.,-0.));
#14711 = DIRECTION('',(0.,0.,1.));
#14712 = PLANE('',#14713);
#14713 = AXIS2_PLACEMENT_3D('',#14714,#14715,#14716);
#14714 = CARTESIAN_POINT('',(-3.,70.,1.59E+03));
#14715 = DIRECTION('',(-1.,0.,0.));
#14716 = DIRECTION('',(0.,0.,-1.));
#14717 = ADVANCED_FACE('',(#14718),#14737,.T.);
#14718 = FACE_BOUND('',#14719,.T.);
#14719 = EDGE_LOOP('',(#14720,#14729,#14735,#14736));
#14720 = ORIENTED_EDGE('',*,*,#14721,.F.);
#14721 = EDGE_CURVE('',#14722,#14722,#14724,.T.);
#14722 = VERTEX_POINT('',#14723);
#14723 = CARTESIAN_POINT('',(2.,70.,1.592E+03));
#14724 = CIRCLE('',#14725,2.);
#14725 = AXIS2_PLACEMENT_3D('',#14726,#14727,#14728);
#14726 = CARTESIAN_POINT('',(2.,70.,1.59E+03));
#14727 = DIRECTION('',(1.,0.,-0.));
#14728 = DIRECTION('',(0.,0.,1.));
#14729 = ORIENTED_EDGE('',*,*,#14730,.F.);
#14730 = EDGE_CURVE('',#14705,#14722,#14731,.T.);
#14731 = LINE('',#14732,#14733);
#14732 = CARTESIAN_POINT('',(-3.,70.,1.592E+03));
#14733 = VECTOR('',#14734,1.);
#14734 = DIRECTION('',(1.,0.,0.));
#14735 = ORIENTED_EDGE('',*,*,#14704,.T.);
#14736 = ORIENTED_EDGE('',*,*,#14730,.T.);
#14737 = CYLINDRICAL_SURFACE('',#14738,2.);
#14738 = AXIS2_PLACEMENT_3D('',#14739,#14740,#14741);
#14739 = CARTESIAN_POINT('',(-3.,70.,1.59E+03));
#14740 = DIRECTION('',(1.,-0.,-0.));
#14741 = DIRECTION('',(0.,0.,1.));
#14742 = ADVANCED_FACE('',(#14743,#14754),#14757,.F.);
#14743 = FACE_BOUND('',#14744,.F.);
#14744 = EDGE_LOOP('',(#14745));
#14745 = ORIENTED_EDGE('',*,*,#14746,.T.);
#14746 = EDGE_CURVE('',#14747,#14747,#14749,.T.);
#14747 = VERTEX_POINT('',#14748);
#14748 = CARTESIAN_POINT('',(2.,70.,1.5928E+03));
#14749 = CIRCLE('',#14750,2.8);
#14750 = AXIS2_PLACEMENT_3D('',#14751,#14752,#14753);
#14751 = CARTESIAN_POINT('',(2.,70.,1.59E+03));
#14752 = DIRECTION('',(1.,0.,-0.));
#14753 = DIRECTION('',(0.,0.,1.));
#14754 = FACE_BOUND('',#14755,.F.);
#14755 = EDGE_LOOP('',(#14756));
#14756 = ORIENTED_EDGE('',*,*,#14721,.F.);
#14757 = PLANE('',#14758);
#14758 = AXIS2_PLACEMENT_3D('',#14759,#14760,#14761);
#14759 = CARTESIAN_POINT('',(2.,70.,1.59E+03));
#14760 = DIRECTION('',(1.,-0.,-0.));
#14761 = DIRECTION('',(0.,0.,1.));
#14762 = ADVANCED_FACE('',(#14763),#14782,.T.);
#14763 = FACE_BOUND('',#14764,.T.);
#14764 = EDGE_LOOP('',(#14765,#14774,#14780,#14781));
#14765 = ORIENTED_EDGE('',*,*,#14766,.F.);
#14766 = EDGE_CURVE('',#14767,#14767,#14769,.T.);
#14767 = VERTEX_POINT('',#14768);
#14768 = CARTESIAN_POINT('',(4.5,70.,1.5928E+03));
#14769 = CIRCLE('',#14770,2.8);
#14770 = AXIS2_PLACEMENT_3D('',#14771,#14772,#14773);
#14771 = CARTESIAN_POINT('',(4.5,70.,1.59E+03));
#14772 = DIRECTION('',(1.,0.,-0.));
#14773 = DIRECTION('',(0.,0.,1.));
#14774 = ORIENTED_EDGE('',*,*,#14775,.F.);
#14775 = EDGE_CURVE('',#14747,#14767,#14776,.T.);
#14776 = LINE('',#14777,#14778);
#14777 = CARTESIAN_POINT('',(2.,70.,1.5928E+03));
#14778 = VECTOR('',#14779,1.);
#14779 = DIRECTION('',(1.,0.,0.));
#14780 = ORIENTED_EDGE('',*,*,#14746,.T.);
#14781 = ORIENTED_EDGE('',*,*,#14775,.T.);
#14782 = CYLINDRICAL_SURFACE('',#14783,2.8);
#14783 = AXIS2_PLACEMENT_3D('',#14784,#14785,#14786);
#14784 = CARTESIAN_POINT('',(2.,70.,1.59E+03));
#14785 = DIRECTION('',(1.,-0.,-0.));
#14786 = DIRECTION('',(0.,0.,1.));
#14787 = ADVANCED_FACE('',(#14788),#14791,.T.);
#14788 = FACE_BOUND('',#14789,.T.);
#14789 = EDGE_LOOP('',(#14790));
#14790 = ORIENTED_EDGE('',*,*,#14766,.T.);
#14791 = PLANE('',#14792);
#14792 = AXIS2_PLACEMENT_3D('',#14793,#14794,#14795);
#14793 = CARTESIAN_POINT('',(4.5,70.,1.59E+03));
#14794 = DIRECTION('',(1.,-0.,-0.));
#14795 = DIRECTION('',(0.,0.,1.));
#14796 = MANIFOLD_SOLID_BREP('',#14797);
#14797 = CLOSED_SHELL('',(#14798,#14815,#14835,#14860,#14880,#14905));
#14798 = ADVANCED_FACE('',(#14799),#14810,.T.);
#14799 = FACE_BOUND('',#14800,.T.);
#14800 = EDGE_LOOP('',(#14801));
#14801 = ORIENTED_EDGE('',*,*,#14802,.T.);
#14802 = EDGE_CURVE('',#14803,#14803,#14805,.T.);
#14803 = VERTEX_POINT('',#14804);
#14804 = CARTESIAN_POINT('',(-3.,190.,1.586E+03));
#14805 = CIRCLE('',#14806,4.);
#14806 = AXIS2_PLACEMENT_3D('',#14807,#14808,#14809);
#14807 = CARTESIAN_POINT('',(-3.,190.,1.59E+03));
#14808 = DIRECTION('',(-1.,0.,0.));
#14809 = DIRECTION('',(0.,0.,-1.));
#14810 = SPHERICAL_SURFACE('',#14811,7.266666666667);
#14811 = AXIS2_PLACEMENT_3D('',#14812,#14813,#14814);
#14812 = CARTESIAN_POINT('',(3.066666666667,190.,1.59E+03));
#14813 = DIRECTION('',(0.,0.,1.));
#14814 = DIRECTION('',(1.,0.,-0.));
#14815 = ADVANCED_FACE('',(#14816,#14819),#14830,.F.);
#14816 = FACE_BOUND('',#14817,.F.);
#14817 = EDGE_LOOP('',(#14818));
#14818 = ORIENTED_EDGE('',*,*,#14802,.T.);
#14819 = FACE_BOUND('',#14820,.F.);
#14820 = EDGE_LOOP('',(#14821));
#14821 = ORIENTED_EDGE('',*,*,#14822,.T.);
#14822 = EDGE_CURVE('',#14823,#14823,#14825,.T.);
#14823 = VERTEX_POINT('',#14824);
#14824 = CARTESIAN_POINT('',(-3.,190.,1.592E+03));
#14825 = CIRCLE('',#14826,2.);
#14826 = AXIS2_PLACEMENT_3D('',#14827,#14828,#14829);
#14827 = CARTESIAN_POINT('',(-3.,190.,1.59E+03));
#14828 = DIRECTION('',(1.,0.,-0.));
#14829 = DIRECTION('',(0.,0.,1.));
#14830 = PLANE('',#14831);
#14831 = AXIS2_PLACEMENT_3D('',#14832,#14833,#14834);
#14832 = CARTESIAN_POINT('',(-3.,190.,1.59E+03));
#14833 = DIRECTION('',(-1.,0.,0.));
#14834 = DIRECTION('',(0.,0.,-1.));
#14835 = ADVANCED_FACE('',(#14836),#14855,.T.);
#14836 = FACE_BOUND('',#14837,.T.);
#14837 = EDGE_LOOP('',(#14838,#14847,#14853,#14854));
#14838 = ORIENTED_EDGE('',*,*,#14839,.F.);
#14839 = EDGE_CURVE('',#14840,#14840,#14842,.T.);
#14840 = VERTEX_POINT('',#14841);
#14841 = CARTESIAN_POINT('',(2.,190.,1.592E+03));
#14842 = CIRCLE('',#14843,2.);
#14843 = AXIS2_PLACEMENT_3D('',#14844,#14845,#14846);
#14844 = CARTESIAN_POINT('',(2.,190.,1.59E+03));
#14845 = DIRECTION('',(1.,0.,-0.));
#14846 = DIRECTION('',(0.,0.,1.));
#14847 = ORIENTED_EDGE('',*,*,#14848,.F.);
#14848 = EDGE_CURVE('',#14823,#14840,#14849,.T.);
#14849 = LINE('',#14850,#14851);
#14850 = CARTESIAN_POINT('',(-3.,190.,1.592E+03));
#14851 = VECTOR('',#14852,1.);
#14852 = DIRECTION('',(1.,0.,0.));
#14853 = ORIENTED_EDGE('',*,*,#14822,.T.);
#14854 = ORIENTED_EDGE('',*,*,#14848,.T.);
#14855 = CYLINDRICAL_SURFACE('',#14856,2.);
#14856 = AXIS2_PLACEMENT_3D('',#14857,#14858,#14859);
#14857 = CARTESIAN_POINT('',(-3.,190.,1.59E+03));
#14858 = DIRECTION('',(1.,-0.,-0.));
#14859 = DIRECTION('',(0.,0.,1.));
#14860 = ADVANCED_FACE('',(#14861,#14872),#14875,.F.);
#14861 = FACE_BOUND('',#14862,.F.);
#14862 = EDGE_LOOP('',(#14863));
#14863 = ORIENTED_EDGE('',*,*,#14864,.T.);
#14864 = EDGE_CURVE('',#14865,#14865,#14867,.T.);
#14865 = VERTEX_POINT('',#14866);
#14866 = CARTESIAN_POINT('',(2.,190.,1.5928E+03));
#14867 = CIRCLE('',#14868,2.8);
#14868 = AXIS2_PLACEMENT_3D('',#14869,#14870,#14871);
#14869 = CARTESIAN_POINT('',(2.,190.,1.59E+03));
#14870 = DIRECTION('',(1.,0.,-0.));
#14871 = DIRECTION('',(0.,0.,1.));
#14872 = FACE_BOUND('',#14873,.F.);
#14873 = EDGE_LOOP('',(#14874));
#14874 = ORIENTED_EDGE('',*,*,#14839,.F.);
#14875 = PLANE('',#14876);
#14876 = AXIS2_PLACEMENT_3D('',#14877,#14878,#14879);
#14877 = CARTESIAN_POINT('',(2.,190.,1.59E+03));
#14878 = DIRECTION('',(1.,-0.,-0.));
#14879 = DIRECTION('',(0.,0.,1.));
#14880 = ADVANCED_FACE('',(#14881),#14900,.T.);
#14881 = FACE_BOUND('',#14882,.T.);
#14882 = EDGE_LOOP('',(#14883,#14892,#14898,#14899));
#14883 = ORIENTED_EDGE('',*,*,#14884,.F.);
#14884 = EDGE_CURVE('',#14885,#14885,#14887,.T.);
#14885 = VERTEX_POINT('',#14886);
#14886 = CARTESIAN_POINT('',(4.5,190.,1.5928E+03));
#14887 = CIRCLE('',#14888,2.8);
#14888 = AXIS2_PLACEMENT_3D('',#14889,#14890,#14891);
#14889 = CARTESIAN_POINT('',(4.5,190.,1.59E+03));
#14890 = DIRECTION('',(1.,0.,-0.));
#14891 = DIRECTION('',(0.,0.,1.));
#14892 = ORIENTED_EDGE('',*,*,#14893,.F.);
#14893 = EDGE_CURVE('',#14865,#14885,#14894,.T.);
#14894 = LINE('',#14895,#14896);
#14895 = CARTESIAN_POINT('',(2.,190.,1.5928E+03));
#14896 = VECTOR('',#14897,1.);
#14897 = DIRECTION('',(1.,0.,0.));
#14898 = ORIENTED_EDGE('',*,*,#14864,.T.);
#14899 = ORIENTED_EDGE('',*,*,#14893,.T.);
#14900 = CYLINDRICAL_SURFACE('',#14901,2.8);
#14901 = AXIS2_PLACEMENT_3D('',#14902,#14903,#14904);
#14902 = CARTESIAN_POINT('',(2.,190.,1.59E+03));
#14903 = DIRECTION('',(1.,-0.,-0.));
#14904 = DIRECTION('',(0.,0.,1.));
#14905 = ADVANCED_FACE('',(#14906),#14909,.T.);
#14906 = FACE_BOUND('',#14907,.T.);
#14907 = EDGE_LOOP('',(#14908));
#14908 = ORIENTED_EDGE('',*,*,#14884,.T.);
#14909 = PLANE('',#14910);
#14910 = AXIS2_PLACEMENT_3D('',#14911,#14912,#14913);
#14911 = CARTESIAN_POINT('',(4.5,190.,1.59E+03));
#14912 = DIRECTION('',(1.,-0.,-0.));
#14913 = DIRECTION('',(0.,0.,1.));
#14914 = MANIFOLD_SOLID_BREP('',#14915);
#14915 = CLOSED_SHELL('',(#14916,#14943,#14963,#14988,#15008,#15033));
#14916 = ADVANCED_FACE('',(#14917),#14938,.T.);
#14917 = FACE_BOUND('',#14918,.T.);
#14918 = EDGE_LOOP('',(#14919,#14930,#14931));
#14919 = ORIENTED_EDGE('',*,*,#14920,.T.);
#14920 = EDGE_CURVE('',#14921,#14923,#14925,.T.);
#14921 = VERTEX_POINT('',#14922);
#14922 = CARTESIAN_POINT('',(24.,130.,1.6115E+03));
#14923 = VERTEX_POINT('',#14924);
#14924 = CARTESIAN_POINT('',(20.,130.,1.6127E+03));
#14925 = CIRCLE('',#14926,7.266666666667);
#14926 = AXIS2_PLACEMENT_3D('',#14927,#14928,#14929);
#14927 = CARTESIAN_POINT('',(20.,130.,1.605433333333E+03));
#14928 = DIRECTION('',(-2.449293598295E-16,-1.,0.));
#14929 = DIRECTION('',(1.,-2.449293598295E-16,0.));
#14930 = ORIENTED_EDGE('',*,*,#14920,.F.);
#14931 = ORIENTED_EDGE('',*,*,#14932,.T.);
#14932 = EDGE_CURVE('',#14921,#14921,#14933,.T.);
#14933 = CIRCLE('',#14934,4.);
#14934 = AXIS2_PLACEMENT_3D('',#14935,#14936,#14937);
#14935 = CARTESIAN_POINT('',(20.,130.,1.6115E+03));
#14936 = DIRECTION('',(0.,0.,1.));
#14937 = DIRECTION('',(1.,0.,-0.));
#14938 = SPHERICAL_SURFACE('',#14939,7.266666666667);
#14939 = AXIS2_PLACEMENT_3D('',#14940,#14941,#14942);
#14940 = CARTESIAN_POINT('',(20.,130.,1.605433333333E+03));
#14941 = DIRECTION('',(0.,0.,1.));
#14942 = DIRECTION('',(1.,0.,-0.));
#14943 = ADVANCED_FACE('',(#14944,#14947),#14958,.F.);
#14944 = FACE_BOUND('',#14945,.F.);
#14945 = EDGE_LOOP('',(#14946));
#14946 = ORIENTED_EDGE('',*,*,#14932,.T.);
#14947 = FACE_BOUND('',#14948,.F.);
#14948 = EDGE_LOOP('',(#14949));
#14949 = ORIENTED_EDGE('',*,*,#14950,.T.);
#14950 = EDGE_CURVE('',#14951,#14951,#14953,.T.);
#14951 = VERTEX_POINT('',#14952);
#14952 = CARTESIAN_POINT('',(18.,130.,1.6115E+03));
#14953 = CIRCLE('',#14954,2.);
#14954 = AXIS2_PLACEMENT_3D('',#14955,#14956,#14957);
#14955 = CARTESIAN_POINT('',(20.,130.,1.6115E+03));
#14956 = DIRECTION('',(-0.,0.,-1.));
#14957 = DIRECTION('',(-1.,0.,0.));
#14958 = PLANE('',#14959);
#14959 = AXIS2_PLACEMENT_3D('',#14960,#14961,#14962);
#14960 = CARTESIAN_POINT('',(20.,130.,1.6115E+03));
#14961 = DIRECTION('',(0.,0.,1.));
#14962 = DIRECTION('',(1.,0.,-0.));
#14963 = ADVANCED_FACE('',(#14964),#14983,.T.);
#14964 = FACE_BOUND('',#14965,.T.);
#14965 = EDGE_LOOP('',(#14966,#14975,#14981,#14982));
#14966 = ORIENTED_EDGE('',*,*,#14967,.F.);
#14967 = EDGE_CURVE('',#14968,#14968,#14970,.T.);
#14968 = VERTEX_POINT('',#14969);
#14969 = CARTESIAN_POINT('',(18.,130.,1.608E+03));
#14970 = CIRCLE('',#14971,2.);
#14971 = AXIS2_PLACEMENT_3D('',#14972,#14973,#14974);
#14972 = CARTESIAN_POINT('',(20.,130.,1.608E+03));
#14973 = DIRECTION('',(-0.,0.,-1.));
#14974 = DIRECTION('',(-1.,0.,0.));
#14975 = ORIENTED_EDGE('',*,*,#14976,.F.);
#14976 = EDGE_CURVE('',#14951,#14968,#14977,.T.);
#14977 = LINE('',#14978,#14979);
#14978 = CARTESIAN_POINT('',(18.,130.,1.6115E+03));
#14979 = VECTOR('',#14980,1.);
#14980 = DIRECTION('',(0.,-0.,-1.));
#14981 = ORIENTED_EDGE('',*,*,#14950,.T.);
#14982 = ORIENTED_EDGE('',*,*,#14976,.T.);
#14983 = CYLINDRICAL_SURFACE('',#14984,2.);
#14984 = AXIS2_PLACEMENT_3D('',#14985,#14986,#14987);
#14985 = CARTESIAN_POINT('',(20.,130.,1.6115E+03));
#14986 = DIRECTION('',(-0.,-0.,-1.));
#14987 = DIRECTION('',(-1.,0.,0.));
#14988 = ADVANCED_FACE('',(#14989,#15000),#15003,.F.);
#14989 = FACE_BOUND('',#14990,.F.);
#14990 = EDGE_LOOP('',(#14991));
#14991 = ORIENTED_EDGE('',*,*,#14992,.T.);
#14992 = EDGE_CURVE('',#14993,#14993,#14995,.T.);
#14993 = VERTEX_POINT('',#14994);
#14994 = CARTESIAN_POINT('',(17.2,130.,1.608E+03));
#14995 = CIRCLE('',#14996,2.8);
#14996 = AXIS2_PLACEMENT_3D('',#14997,#14998,#14999);
#14997 = CARTESIAN_POINT('',(20.,130.,1.608E+03));
#14998 = DIRECTION('',(-0.,0.,-1.));
#14999 = DIRECTION('',(-1.,0.,0.));
#15000 = FACE_BOUND('',#15001,.F.);
#15001 = EDGE_LOOP('',(#15002));
#15002 = ORIENTED_EDGE('',*,*,#14967,.F.);
#15003 = PLANE('',#15004);
#15004 = AXIS2_PLACEMENT_3D('',#15005,#15006,#15007);
#15005 = CARTESIAN_POINT('',(20.,130.,1.608E+03));
#15006 = DIRECTION('',(-0.,-0.,-1.));
#15007 = DIRECTION('',(-1.,0.,0.));
#15008 = ADVANCED_FACE('',(#15009),#15028,.T.);
#15009 = FACE_BOUND('',#15010,.T.);
#15010 = EDGE_LOOP('',(#15011,#15020,#15026,#15027));
#15011 = ORIENTED_EDGE('',*,*,#15012,.F.);
#15012 = EDGE_CURVE('',#15013,#15013,#15015,.T.);
#15013 = VERTEX_POINT('',#15014);
#15014 = CARTESIAN_POINT('',(17.2,130.,1.6055E+03));
#15015 = CIRCLE('',#15016,2.8);
#15016 = AXIS2_PLACEMENT_3D('',#15017,#15018,#15019);
#15017 = CARTESIAN_POINT('',(20.,130.,1.6055E+03));
#15018 = DIRECTION('',(-0.,0.,-1.));
#15019 = DIRECTION('',(-1.,0.,0.));
#15020 = ORIENTED_EDGE('',*,*,#15021,.F.);
#15021 = EDGE_CURVE('',#14993,#15013,#15022,.T.);
#15022 = LINE('',#15023,#15024);
#15023 = CARTESIAN_POINT('',(17.2,130.,1.608E+03));
#15024 = VECTOR('',#15025,1.);
#15025 = DIRECTION('',(0.,-0.,-1.));
#15026 = ORIENTED_EDGE('',*,*,#14992,.T.);
#15027 = ORIENTED_EDGE('',*,*,#15021,.T.);
#15028 = CYLINDRICAL_SURFACE('',#15029,2.8);
#15029 = AXIS2_PLACEMENT_3D('',#15030,#15031,#15032);
#15030 = CARTESIAN_POINT('',(20.,130.,1.608E+03));
#15031 = DIRECTION('',(-0.,-0.,-1.));
#15032 = DIRECTION('',(-1.,0.,0.));
#15033 = ADVANCED_FACE('',(#15034),#15037,.T.);
#15034 = FACE_BOUND('',#15035,.T.);
#15035 = EDGE_LOOP('',(#15036));
#15036 = ORIENTED_EDGE('',*,*,#15012,.T.);
#15037 = PLANE('',#15038);
#15038 = AXIS2_PLACEMENT_3D('',#15039,#15040,#15041);
#15039 = CARTESIAN_POINT('',(20.,130.,1.6055E+03));
#15040 = DIRECTION('',(-0.,-0.,-1.));
#15041 = DIRECTION('',(-1.,0.,0.));
#15042 = MANIFOLD_SOLID_BREP('',#15043);
#15043 = CLOSED_SHELL('',(#15044,#15079,#15096,#15117,#15142,#15162,
    #15187));
#15044 = ADVANCED_FACE('',(#15045),#15074,.T.);
#15045 = FACE_BOUND('',#15046,.T.);
#15046 = EDGE_LOOP('',(#15047,#15058,#15067));
#15047 = ORIENTED_EDGE('',*,*,#15048,.T.);
#15048 = EDGE_CURVE('',#15049,#15051,#15053,.T.);
#15049 = VERTEX_POINT('',#15050);
#15050 = CARTESIAN_POINT('',(1.7042E+03,70.,1.59E+03));
#15051 = VERTEX_POINT('',#15052);
#15052 = CARTESIAN_POINT('',(1.703E+03,70.,1.594E+03));
#15053 = CIRCLE('',#15054,7.266666666667);
#15054 = AXIS2_PLACEMENT_3D('',#15055,#15056,#15057);
#15055 = CARTESIAN_POINT('',(1.696933333333E+03,70.,1.59E+03));
#15056 = DIRECTION('',(-2.449293598295E-16,-1.,0.));
#15057 = DIRECTION('',(1.,-2.449293598295E-16,0.));
#15058 = ORIENTED_EDGE('',*,*,#15059,.T.);
#15059 = EDGE_CURVE('',#15051,#15060,#15062,.T.);
#15060 = VERTEX_POINT('',#15061);
#15061 = CARTESIAN_POINT('',(1.703E+03,70.,1.586E+03));
#15062 = CIRCLE('',#15063,4.);
#15063 = AXIS2_PLACEMENT_3D('',#15064,#15065,#15066);
#15064 = CARTESIAN_POINT('',(1.703E+03,70.,1.59E+03));
#15065 = DIRECTION('',(1.,0.,0.));
#15066 = DIRECTION('',(-0.,0.,1.));
#15067 = ORIENTED_EDGE('',*,*,#15068,.T.);
#15068 = EDGE_CURVE('',#15060,#15049,#15069,.T.);
#15069 = CIRCLE('',#15070,7.266666666667);
#15070 = AXIS2_PLACEMENT_3D('',#15071,#15072,#15073);
#15071 = CARTESIAN_POINT('',(1.696933333333E+03,70.,1.59E+03));
#15072 = DIRECTION('',(-2.449293598295E-16,-1.,0.));
#15073 = DIRECTION('',(1.,-2.449293598295E-16,0.));
#15074 = SPHERICAL_SURFACE('',#15075,7.266666666667);
#15075 = AXIS2_PLACEMENT_3D('',#15076,#15077,#15078);
#15076 = CARTESIAN_POINT('',(1.696933333333E+03,70.,1.59E+03));
#15077 = DIRECTION('',(0.,0.,1.));
#15078 = DIRECTION('',(1.,0.,-0.));
#15079 = ADVANCED_FACE('',(#15080),#15091,.T.);
#15080 = FACE_BOUND('',#15081,.T.);
#15081 = EDGE_LOOP('',(#15082,#15089,#15090));
#15082 = ORIENTED_EDGE('',*,*,#15083,.T.);
#15083 = EDGE_CURVE('',#15060,#15051,#15084,.T.);
#15084 = CIRCLE('',#15085,4.);
#15085 = AXIS2_PLACEMENT_3D('',#15086,#15087,#15088);
#15086 = CARTESIAN_POINT('',(1.703E+03,70.,1.59E+03));
#15087 = DIRECTION('',(1.,0.,0.));
#15088 = DIRECTION('',(-0.,0.,1.));
#15089 = ORIENTED_EDGE('',*,*,#15048,.F.);
#15090 = ORIENTED_EDGE('',*,*,#15068,.F.);
#15091 = SPHERICAL_SURFACE('',#15092,7.266666666667);
#15092 = AXIS2_PLACEMENT_3D('',#15093,#15094,#15095);
#15093 = CARTESIAN_POINT('',(1.696933333333E+03,70.,1.59E+03));
#15094 = DIRECTION('',(0.,0.,1.));
#15095 = DIRECTION('',(1.,0.,-0.));
#15096 = ADVANCED_FACE('',(#15097,#15101),#15112,.F.);
#15097 = FACE_BOUND('',#15098,.F.);
#15098 = EDGE_LOOP('',(#15099,#15100));
#15099 = ORIENTED_EDGE('',*,*,#15059,.T.);
#15100 = ORIENTED_EDGE('',*,*,#15083,.T.);
#15101 = FACE_BOUND('',#15102,.F.);
#15102 = EDGE_LOOP('',(#15103));
#15103 = ORIENTED_EDGE('',*,*,#15104,.T.);
#15104 = EDGE_CURVE('',#15105,#15105,#15107,.T.);
#15105 = VERTEX_POINT('',#15106);
#15106 = CARTESIAN_POINT('',(1.703E+03,70.,1.588E+03));
#15107 = CIRCLE('',#15108,2.);
#15108 = AXIS2_PLACEMENT_3D('',#15109,#15110,#15111);
#15109 = CARTESIAN_POINT('',(1.703E+03,70.,1.59E+03));
#15110 = DIRECTION('',(-1.,-0.,-0.));
#15111 = DIRECTION('',(0.,0.,-1.));
#15112 = PLANE('',#15113);
#15113 = AXIS2_PLACEMENT_3D('',#15114,#15115,#15116);
#15114 = CARTESIAN_POINT('',(1.703E+03,70.,1.59E+03));
#15115 = DIRECTION('',(1.,0.,0.));
#15116 = DIRECTION('',(-0.,0.,1.));
#15117 = ADVANCED_FACE('',(#15118),#15137,.T.);
#15118 = FACE_BOUND('',#15119,.T.);
#15119 = EDGE_LOOP('',(#15120,#15129,#15135,#15136));
#15120 = ORIENTED_EDGE('',*,*,#15121,.F.);
#15121 = EDGE_CURVE('',#15122,#15122,#15124,.T.);
#15122 = VERTEX_POINT('',#15123);
#15123 = CARTESIAN_POINT('',(1.698E+03,70.,1.588E+03));
#15124 = CIRCLE('',#15125,2.);
#15125 = AXIS2_PLACEMENT_3D('',#15126,#15127,#15128);
#15126 = CARTESIAN_POINT('',(1.698E+03,70.,1.59E+03));
#15127 = DIRECTION('',(-1.,-0.,-0.));
#15128 = DIRECTION('',(0.,0.,-1.));
#15129 = ORIENTED_EDGE('',*,*,#15130,.F.);
#15130 = EDGE_CURVE('',#15105,#15122,#15131,.T.);
#15131 = LINE('',#15132,#15133);
#15132 = CARTESIAN_POINT('',(1.703E+03,70.,1.588E+03));
#15133 = VECTOR('',#15134,1.);
#15134 = DIRECTION('',(-1.,0.,-0.));
#15135 = ORIENTED_EDGE('',*,*,#15104,.T.);
#15136 = ORIENTED_EDGE('',*,*,#15130,.T.);
#15137 = CYLINDRICAL_SURFACE('',#15138,2.);
#15138 = AXIS2_PLACEMENT_3D('',#15139,#15140,#15141);
#15139 = CARTESIAN_POINT('',(1.703E+03,70.,1.59E+03));
#15140 = DIRECTION('',(-1.,-0.,-0.));
#15141 = DIRECTION('',(0.,0.,-1.));
#15142 = ADVANCED_FACE('',(#15143,#15154),#15157,.F.);
#15143 = FACE_BOUND('',#15144,.F.);
#15144 = EDGE_LOOP('',(#15145));
#15145 = ORIENTED_EDGE('',*,*,#15146,.T.);
#15146 = EDGE_CURVE('',#15147,#15147,#15149,.T.);
#15147 = VERTEX_POINT('',#15148);
#15148 = CARTESIAN_POINT('',(1.698E+03,70.,1.5872E+03));
#15149 = CIRCLE('',#15150,2.8);
#15150 = AXIS2_PLACEMENT_3D('',#15151,#15152,#15153);
#15151 = CARTESIAN_POINT('',(1.698E+03,70.,1.59E+03));
#15152 = DIRECTION('',(-1.,-0.,-0.));
#15153 = DIRECTION('',(0.,0.,-1.));
#15154 = FACE_BOUND('',#15155,.F.);
#15155 = EDGE_LOOP('',(#15156));
#15156 = ORIENTED_EDGE('',*,*,#15121,.F.);
#15157 = PLANE('',#15158);
#15158 = AXIS2_PLACEMENT_3D('',#15159,#15160,#15161);
#15159 = CARTESIAN_POINT('',(1.698E+03,70.,1.59E+03));
#15160 = DIRECTION('',(-1.,-0.,-0.));
#15161 = DIRECTION('',(0.,0.,-1.));
#15162 = ADVANCED_FACE('',(#15163),#15182,.T.);
#15163 = FACE_BOUND('',#15164,.T.);
#15164 = EDGE_LOOP('',(#15165,#15174,#15180,#15181));
#15165 = ORIENTED_EDGE('',*,*,#15166,.F.);
#15166 = EDGE_CURVE('',#15167,#15167,#15169,.T.);
#15167 = VERTEX_POINT('',#15168);
#15168 = CARTESIAN_POINT('',(1.6955E+03,70.,1.5872E+03));
#15169 = CIRCLE('',#15170,2.8);
#15170 = AXIS2_PLACEMENT_3D('',#15171,#15172,#15173);
#15171 = CARTESIAN_POINT('',(1.6955E+03,70.,1.59E+03));
#15172 = DIRECTION('',(-1.,-0.,-0.));
#15173 = DIRECTION('',(0.,0.,-1.));
#15174 = ORIENTED_EDGE('',*,*,#15175,.F.);
#15175 = EDGE_CURVE('',#15147,#15167,#15176,.T.);
#15176 = LINE('',#15177,#15178);
#15177 = CARTESIAN_POINT('',(1.698E+03,70.,1.5872E+03));
#15178 = VECTOR('',#15179,1.);
#15179 = DIRECTION('',(-1.,0.,-0.));
#15180 = ORIENTED_EDGE('',*,*,#15146,.T.);
#15181 = ORIENTED_EDGE('',*,*,#15175,.T.);
#15182 = CYLINDRICAL_SURFACE('',#15183,2.8);
#15183 = AXIS2_PLACEMENT_3D('',#15184,#15185,#15186);
#15184 = CARTESIAN_POINT('',(1.698E+03,70.,1.59E+03));
#15185 = DIRECTION('',(-1.,-0.,-0.));
#15186 = DIRECTION('',(0.,0.,-1.));
#15187 = ADVANCED_FACE('',(#15188),#15191,.T.);
#15188 = FACE_BOUND('',#15189,.T.);
#15189 = EDGE_LOOP('',(#15190));
#15190 = ORIENTED_EDGE('',*,*,#15166,.T.);
#15191 = PLANE('',#15192);
#15192 = AXIS2_PLACEMENT_3D('',#15193,#15194,#15195);
#15193 = CARTESIAN_POINT('',(1.6955E+03,70.,1.59E+03));
#15194 = DIRECTION('',(-1.,-0.,-0.));
#15195 = DIRECTION('',(0.,0.,-1.));
#15196 = MANIFOLD_SOLID_BREP('',#15197);
#15197 = CLOSED_SHELL('',(#15198,#15233,#15250,#15271,#15296,#15316,
    #15341));
#15198 = ADVANCED_FACE('',(#15199),#15228,.T.);
#15199 = FACE_BOUND('',#15200,.T.);
#15200 = EDGE_LOOP('',(#15201,#15212,#15221));
#15201 = ORIENTED_EDGE('',*,*,#15202,.T.);
#15202 = EDGE_CURVE('',#15203,#15205,#15207,.T.);
#15203 = VERTEX_POINT('',#15204);
#15204 = CARTESIAN_POINT('',(1.7042E+03,190.,1.59E+03));
#15205 = VERTEX_POINT('',#15206);
#15206 = CARTESIAN_POINT('',(1.703E+03,190.,1.594E+03));
#15207 = CIRCLE('',#15208,7.266666666667);
#15208 = AXIS2_PLACEMENT_3D('',#15209,#15210,#15211);
#15209 = CARTESIAN_POINT('',(1.696933333333E+03,190.,1.59E+03));
#15210 = DIRECTION('',(-2.449293598295E-16,-1.,0.));
#15211 = DIRECTION('',(1.,-2.449293598295E-16,0.));
#15212 = ORIENTED_EDGE('',*,*,#15213,.T.);
#15213 = EDGE_CURVE('',#15205,#15214,#15216,.T.);
#15214 = VERTEX_POINT('',#15215);
#15215 = CARTESIAN_POINT('',(1.703E+03,190.,1.586E+03));
#15216 = CIRCLE('',#15217,4.);
#15217 = AXIS2_PLACEMENT_3D('',#15218,#15219,#15220);
#15218 = CARTESIAN_POINT('',(1.703E+03,190.,1.59E+03));
#15219 = DIRECTION('',(1.,0.,0.));
#15220 = DIRECTION('',(-0.,0.,1.));
#15221 = ORIENTED_EDGE('',*,*,#15222,.T.);
#15222 = EDGE_CURVE('',#15214,#15203,#15223,.T.);
#15223 = CIRCLE('',#15224,7.266666666667);
#15224 = AXIS2_PLACEMENT_3D('',#15225,#15226,#15227);
#15225 = CARTESIAN_POINT('',(1.696933333333E+03,190.,1.59E+03));
#15226 = DIRECTION('',(-2.449293598295E-16,-1.,0.));
#15227 = DIRECTION('',(1.,-2.449293598295E-16,0.));
#15228 = SPHERICAL_SURFACE('',#15229,7.266666666667);
#15229 = AXIS2_PLACEMENT_3D('',#15230,#15231,#15232);
#15230 = CARTESIAN_POINT('',(1.696933333333E+03,190.,1.59E+03));
#15231 = DIRECTION('',(0.,0.,1.));
#15232 = DIRECTION('',(1.,0.,-0.));
#15233 = ADVANCED_FACE('',(#15234),#15245,.T.);
#15234 = FACE_BOUND('',#15235,.T.);
#15235 = EDGE_LOOP('',(#15236,#15243,#15244));
#15236 = ORIENTED_EDGE('',*,*,#15237,.T.);
#15237 = EDGE_CURVE('',#15214,#15205,#15238,.T.);
#15238 = CIRCLE('',#15239,4.);
#15239 = AXIS2_PLACEMENT_3D('',#15240,#15241,#15242);
#15240 = CARTESIAN_POINT('',(1.703E+03,190.,1.59E+03));
#15241 = DIRECTION('',(1.,0.,0.));
#15242 = DIRECTION('',(-0.,0.,1.));
#15243 = ORIENTED_EDGE('',*,*,#15202,.F.);
#15244 = ORIENTED_EDGE('',*,*,#15222,.F.);
#15245 = SPHERICAL_SURFACE('',#15246,7.266666666667);
#15246 = AXIS2_PLACEMENT_3D('',#15247,#15248,#15249);
#15247 = CARTESIAN_POINT('',(1.696933333333E+03,190.,1.59E+03));
#15248 = DIRECTION('',(0.,0.,1.));
#15249 = DIRECTION('',(1.,0.,-0.));
#15250 = ADVANCED_FACE('',(#15251,#15255),#15266,.F.);
#15251 = FACE_BOUND('',#15252,.F.);
#15252 = EDGE_LOOP('',(#15253,#15254));
#15253 = ORIENTED_EDGE('',*,*,#15213,.T.);
#15254 = ORIENTED_EDGE('',*,*,#15237,.T.);
#15255 = FACE_BOUND('',#15256,.F.);
#15256 = EDGE_LOOP('',(#15257));
#15257 = ORIENTED_EDGE('',*,*,#15258,.T.);
#15258 = EDGE_CURVE('',#15259,#15259,#15261,.T.);
#15259 = VERTEX_POINT('',#15260);
#15260 = CARTESIAN_POINT('',(1.703E+03,190.,1.588E+03));
#15261 = CIRCLE('',#15262,2.);
#15262 = AXIS2_PLACEMENT_3D('',#15263,#15264,#15265);
#15263 = CARTESIAN_POINT('',(1.703E+03,190.,1.59E+03));
#15264 = DIRECTION('',(-1.,-0.,-0.));
#15265 = DIRECTION('',(0.,0.,-1.));
#15266 = PLANE('',#15267);
#15267 = AXIS2_PLACEMENT_3D('',#15268,#15269,#15270);
#15268 = CARTESIAN_POINT('',(1.703E+03,190.,1.59E+03));
#15269 = DIRECTION('',(1.,0.,0.));
#15270 = DIRECTION('',(-0.,0.,1.));
#15271 = ADVANCED_FACE('',(#15272),#15291,.T.);
#15272 = FACE_BOUND('',#15273,.T.);
#15273 = EDGE_LOOP('',(#15274,#15283,#15289,#15290));
#15274 = ORIENTED_EDGE('',*,*,#15275,.F.);
#15275 = EDGE_CURVE('',#15276,#15276,#15278,.T.);
#15276 = VERTEX_POINT('',#15277);
#15277 = CARTESIAN_POINT('',(1.698E+03,190.,1.588E+03));
#15278 = CIRCLE('',#15279,2.);
#15279 = AXIS2_PLACEMENT_3D('',#15280,#15281,#15282);
#15280 = CARTESIAN_POINT('',(1.698E+03,190.,1.59E+03));
#15281 = DIRECTION('',(-1.,-0.,-0.));
#15282 = DIRECTION('',(0.,0.,-1.));
#15283 = ORIENTED_EDGE('',*,*,#15284,.F.);
#15284 = EDGE_CURVE('',#15259,#15276,#15285,.T.);
#15285 = LINE('',#15286,#15287);
#15286 = CARTESIAN_POINT('',(1.703E+03,190.,1.588E+03));
#15287 = VECTOR('',#15288,1.);
#15288 = DIRECTION('',(-1.,0.,-0.));
#15289 = ORIENTED_EDGE('',*,*,#15258,.T.);
#15290 = ORIENTED_EDGE('',*,*,#15284,.T.);
#15291 = CYLINDRICAL_SURFACE('',#15292,2.);
#15292 = AXIS2_PLACEMENT_3D('',#15293,#15294,#15295);
#15293 = CARTESIAN_POINT('',(1.703E+03,190.,1.59E+03));
#15294 = DIRECTION('',(-1.,-0.,-0.));
#15295 = DIRECTION('',(0.,0.,-1.));
#15296 = ADVANCED_FACE('',(#15297,#15308),#15311,.F.);
#15297 = FACE_BOUND('',#15298,.F.);
#15298 = EDGE_LOOP('',(#15299));
#15299 = ORIENTED_EDGE('',*,*,#15300,.T.);
#15300 = EDGE_CURVE('',#15301,#15301,#15303,.T.);
#15301 = VERTEX_POINT('',#15302);
#15302 = CARTESIAN_POINT('',(1.698E+03,190.,1.5872E+03));
#15303 = CIRCLE('',#15304,2.8);
#15304 = AXIS2_PLACEMENT_3D('',#15305,#15306,#15307);
#15305 = CARTESIAN_POINT('',(1.698E+03,190.,1.59E+03));
#15306 = DIRECTION('',(-1.,-0.,-0.));
#15307 = DIRECTION('',(0.,0.,-1.));
#15308 = FACE_BOUND('',#15309,.F.);
#15309 = EDGE_LOOP('',(#15310));
#15310 = ORIENTED_EDGE('',*,*,#15275,.F.);
#15311 = PLANE('',#15312);
#15312 = AXIS2_PLACEMENT_3D('',#15313,#15314,#15315);
#15313 = CARTESIAN_POINT('',(1.698E+03,190.,1.59E+03));
#15314 = DIRECTION('',(-1.,-0.,-0.));
#15315 = DIRECTION('',(0.,0.,-1.));
#15316 = ADVANCED_FACE('',(#15317),#15336,.T.);
#15317 = FACE_BOUND('',#15318,.T.);
#15318 = EDGE_LOOP('',(#15319,#15328,#15334,#15335));
#15319 = ORIENTED_EDGE('',*,*,#15320,.F.);
#15320 = EDGE_CURVE('',#15321,#15321,#15323,.T.);
#15321 = VERTEX_POINT('',#15322);
#15322 = CARTESIAN_POINT('',(1.6955E+03,190.,1.5872E+03));
#15323 = CIRCLE('',#15324,2.8);
#15324 = AXIS2_PLACEMENT_3D('',#15325,#15326,#15327);
#15325 = CARTESIAN_POINT('',(1.6955E+03,190.,1.59E+03));
#15326 = DIRECTION('',(-1.,-0.,-0.));
#15327 = DIRECTION('',(0.,0.,-1.));
#15328 = ORIENTED_EDGE('',*,*,#15329,.F.);
#15329 = EDGE_CURVE('',#15301,#15321,#15330,.T.);
#15330 = LINE('',#15331,#15332);
#15331 = CARTESIAN_POINT('',(1.698E+03,190.,1.5872E+03));
#15332 = VECTOR('',#15333,1.);
#15333 = DIRECTION('',(-1.,0.,-0.));
#15334 = ORIENTED_EDGE('',*,*,#15300,.T.);
#15335 = ORIENTED_EDGE('',*,*,#15329,.T.);
#15336 = CYLINDRICAL_SURFACE('',#15337,2.8);
#15337 = AXIS2_PLACEMENT_3D('',#15338,#15339,#15340);
#15338 = CARTESIAN_POINT('',(1.698E+03,190.,1.59E+03));
#15339 = DIRECTION('',(-1.,-0.,-0.));
#15340 = DIRECTION('',(0.,0.,-1.));
#15341 = ADVANCED_FACE('',(#15342),#15345,.T.);
#15342 = FACE_BOUND('',#15343,.T.);
#15343 = EDGE_LOOP('',(#15344));
#15344 = ORIENTED_EDGE('',*,*,#15320,.T.);
#15345 = PLANE('',#15346);
#15346 = AXIS2_PLACEMENT_3D('',#15347,#15348,#15349);
#15347 = CARTESIAN_POINT('',(1.6955E+03,190.,1.59E+03));
#15348 = DIRECTION('',(-1.,-0.,-0.));
#15349 = DIRECTION('',(0.,0.,-1.));
#15350 = MANIFOLD_SOLID_BREP('',#15351);
#15351 = CLOSED_SHELL('',(#15352,#15379,#15399,#15424,#15444,#15469));
#15352 = ADVANCED_FACE('',(#15353),#15374,.T.);
#15353 = FACE_BOUND('',#15354,.T.);
#15354 = EDGE_LOOP('',(#15355,#15366,#15367));
#15355 = ORIENTED_EDGE('',*,*,#15356,.T.);
#15356 = EDGE_CURVE('',#15357,#15359,#15361,.T.);
#15357 = VERTEX_POINT('',#15358);
#15358 = CARTESIAN_POINT('',(1.684E+03,130.,1.6115E+03));
#15359 = VERTEX_POINT('',#15360);
#15360 = CARTESIAN_POINT('',(1.68E+03,130.,1.6127E+03));
#15361 = CIRCLE('',#15362,7.266666666667);
#15362 = AXIS2_PLACEMENT_3D('',#15363,#15364,#15365);
#15363 = CARTESIAN_POINT('',(1.68E+03,130.,1.605433333333E+03));
#15364 = DIRECTION('',(-2.449293598295E-16,-1.,0.));
#15365 = DIRECTION('',(1.,-2.449293598295E-16,0.));
#15366 = ORIENTED_EDGE('',*,*,#15356,.F.);
#15367 = ORIENTED_EDGE('',*,*,#15368,.T.);
#15368 = EDGE_CURVE('',#15357,#15357,#15369,.T.);
#15369 = CIRCLE('',#15370,4.);
#15370 = AXIS2_PLACEMENT_3D('',#15371,#15372,#15373);
#15371 = CARTESIAN_POINT('',(1.68E+03,130.,1.6115E+03));
#15372 = DIRECTION('',(0.,0.,1.));
#15373 = DIRECTION('',(1.,0.,-0.));
#15374 = SPHERICAL_SURFACE('',#15375,7.266666666667);
#15375 = AXIS2_PLACEMENT_3D('',#15376,#15377,#15378);
#15376 = CARTESIAN_POINT('',(1.68E+03,130.,1.605433333333E+03));
#15377 = DIRECTION('',(0.,0.,1.));
#15378 = DIRECTION('',(1.,0.,-0.));
#15379 = ADVANCED_FACE('',(#15380,#15383),#15394,.F.);
#15380 = FACE_BOUND('',#15381,.F.);
#15381 = EDGE_LOOP('',(#15382));
#15382 = ORIENTED_EDGE('',*,*,#15368,.T.);
#15383 = FACE_BOUND('',#15384,.F.);
#15384 = EDGE_LOOP('',(#15385));
#15385 = ORIENTED_EDGE('',*,*,#15386,.T.);
#15386 = EDGE_CURVE('',#15387,#15387,#15389,.T.);
#15387 = VERTEX_POINT('',#15388);
#15388 = CARTESIAN_POINT('',(1.678E+03,130.,1.6115E+03));
#15389 = CIRCLE('',#15390,2.);
#15390 = AXIS2_PLACEMENT_3D('',#15391,#15392,#15393);
#15391 = CARTESIAN_POINT('',(1.68E+03,130.,1.6115E+03));
#15392 = DIRECTION('',(-0.,0.,-1.));
#15393 = DIRECTION('',(-1.,0.,0.));
#15394 = PLANE('',#15395);
#15395 = AXIS2_PLACEMENT_3D('',#15396,#15397,#15398);
#15396 = CARTESIAN_POINT('',(1.68E+03,130.,1.6115E+03));
#15397 = DIRECTION('',(0.,0.,1.));
#15398 = DIRECTION('',(1.,0.,-0.));
#15399 = ADVANCED_FACE('',(#15400),#15419,.T.);
#15400 = FACE_BOUND('',#15401,.T.);
#15401 = EDGE_LOOP('',(#15402,#15411,#15417,#15418));
#15402 = ORIENTED_EDGE('',*,*,#15403,.F.);
#15403 = EDGE_CURVE('',#15404,#15404,#15406,.T.);
#15404 = VERTEX_POINT('',#15405);
#15405 = CARTESIAN_POINT('',(1.678E+03,130.,1.608E+03));
#15406 = CIRCLE('',#15407,2.);
#15407 = AXIS2_PLACEMENT_3D('',#15408,#15409,#15410);
#15408 = CARTESIAN_POINT('',(1.68E+03,130.,1.608E+03));
#15409 = DIRECTION('',(-0.,0.,-1.));
#15410 = DIRECTION('',(-1.,0.,0.));
#15411 = ORIENTED_EDGE('',*,*,#15412,.F.);
#15412 = EDGE_CURVE('',#15387,#15404,#15413,.T.);
#15413 = LINE('',#15414,#15415);
#15414 = CARTESIAN_POINT('',(1.678E+03,130.,1.6115E+03));
#15415 = VECTOR('',#15416,1.);
#15416 = DIRECTION('',(0.,-0.,-1.));
#15417 = ORIENTED_EDGE('',*,*,#15386,.T.);
#15418 = ORIENTED_EDGE('',*,*,#15412,.T.);
#15419 = CYLINDRICAL_SURFACE('',#15420,2.);
#15420 = AXIS2_PLACEMENT_3D('',#15421,#15422,#15423);
#15421 = CARTESIAN_POINT('',(1.68E+03,130.,1.6115E+03));
#15422 = DIRECTION('',(-0.,-0.,-1.));
#15423 = DIRECTION('',(-1.,0.,0.));
#15424 = ADVANCED_FACE('',(#15425,#15436),#15439,.F.);
#15425 = FACE_BOUND('',#15426,.F.);
#15426 = EDGE_LOOP('',(#15427));
#15427 = ORIENTED_EDGE('',*,*,#15428,.T.);
#15428 = EDGE_CURVE('',#15429,#15429,#15431,.T.);
#15429 = VERTEX_POINT('',#15430);
#15430 = CARTESIAN_POINT('',(1.6772E+03,130.,1.608E+03));
#15431 = CIRCLE('',#15432,2.8);
#15432 = AXIS2_PLACEMENT_3D('',#15433,#15434,#15435);
#15433 = CARTESIAN_POINT('',(1.68E+03,130.,1.608E+03));
#15434 = DIRECTION('',(-0.,0.,-1.));
#15435 = DIRECTION('',(-1.,0.,0.));
#15436 = FACE_BOUND('',#15437,.F.);
#15437 = EDGE_LOOP('',(#15438));
#15438 = ORIENTED_EDGE('',*,*,#15403,.F.);
#15439 = PLANE('',#15440);
#15440 = AXIS2_PLACEMENT_3D('',#15441,#15442,#15443);
#15441 = CARTESIAN_POINT('',(1.68E+03,130.,1.608E+03));
#15442 = DIRECTION('',(-0.,-0.,-1.));
#15443 = DIRECTION('',(-1.,0.,0.));
#15444 = ADVANCED_FACE('',(#15445),#15464,.T.);
#15445 = FACE_BOUND('',#15446,.T.);
#15446 = EDGE_LOOP('',(#15447,#15456,#15462,#15463));
#15447 = ORIENTED_EDGE('',*,*,#15448,.F.);
#15448 = EDGE_CURVE('',#15449,#15449,#15451,.T.);
#15449 = VERTEX_POINT('',#15450);
#15450 = CARTESIAN_POINT('',(1.6772E+03,130.,1.6055E+03));
#15451 = CIRCLE('',#15452,2.8);
#15452 = AXIS2_PLACEMENT_3D('',#15453,#15454,#15455);
#15453 = CARTESIAN_POINT('',(1.68E+03,130.,1.6055E+03));
#15454 = DIRECTION('',(-0.,0.,-1.));
#15455 = DIRECTION('',(-1.,0.,0.));
#15456 = ORIENTED_EDGE('',*,*,#15457,.F.);
#15457 = EDGE_CURVE('',#15429,#15449,#15458,.T.);
#15458 = LINE('',#15459,#15460);
#15459 = CARTESIAN_POINT('',(1.6772E+03,130.,1.608E+03));
#15460 = VECTOR('',#15461,1.);
#15461 = DIRECTION('',(0.,-0.,-1.));
#15462 = ORIENTED_EDGE('',*,*,#15428,.T.);
#15463 = ORIENTED_EDGE('',*,*,#15457,.T.);
#15464 = CYLINDRICAL_SURFACE('',#15465,2.8);
#15465 = AXIS2_PLACEMENT_3D('',#15466,#15467,#15468);
#15466 = CARTESIAN_POINT('',(1.68E+03,130.,1.608E+03));
#15467 = DIRECTION('',(-0.,-0.,-1.));
#15468 = DIRECTION('',(-1.,0.,0.));
#15469 = ADVANCED_FACE('',(#15470),#15473,.T.);
#15470 = FACE_BOUND('',#15471,.T.);
#15471 = EDGE_LOOP('',(#15472));
#15472 = ORIENTED_EDGE('',*,*,#15448,.T.);
#15473 = PLANE('',#15474);
#15474 = AXIS2_PLACEMENT_3D('',#15475,#15476,#15477);
#15475 = CARTESIAN_POINT('',(1.68E+03,130.,1.6055E+03));
#15476 = DIRECTION('',(-0.,-0.,-1.));
#15477 = DIRECTION('',(-1.,0.,0.));
#15478 = ( GEOMETRIC_REPRESENTATION_CONTEXT(3) 
GLOBAL_UNCERTAINTY_ASSIGNED_CONTEXT((#15482)) 
GLOBAL_UNIT_ASSIGNED_CONTEXT((#15479,#15480,#15481)) 
REPRESENTATION_CONTEXT('Context #1',
  '3D Context with UNIT and UNCERTAINTY') );
#15479 = ( LENGTH_UNIT() NAMED_UNIT(*) SI_UNIT(.MILLI.,.METRE.) );
#15480 = ( NAMED_UNIT(*) PLANE_ANGLE_UNIT() SI_UNIT($,.RADIAN.) );
#15481 = ( NAMED_UNIT(*) SI_UNIT($,.STERADIAN.) SOLID_ANGLE_UNIT() );
#15482 = UNCERTAINTY_MEASURE_WITH_UNIT(LENGTH_MEASURE(1.E-07),#15479,
  'distance_accuracy_value','confusion accuracy');
#15483 = CONTEXT_DEPENDENT_SHAPE_REPRESENTATION(#15484,#15486);
#15484 = ( REPRESENTATION_RELATIONSHIP('','',#11477,#10) 
REPRESENTATION_RELATIONSHIP_WITH_TRANSFORMATION(#15485) 
SHAPE_REPRESENTATION_RELATIONSHIP() );
#15485 = ITEM_DEFINED_TRANSFORMATION('','',#11,#83);
#15486 = PRODUCT_DEFINITION_SHAPE('Placement','Placement of an item',
  #15487);
#15487 = NEXT_ASSEMBLY_USAGE_OCCURRENCE('170','Kovice Ø4 (30)','',#5,
  #11472,$);
#15488 = PRODUCT_RELATED_PRODUCT_CATEGORY('part',$,(#11474));
ENDSEC;
END-ISO-10303-21;
